{
	"referral_program" : "Referral Program",
	"P3DHack_Recommendations" : "Recommendations",
	"comfort_buy_title" : "Buy Comfort",
	"ADS_in_Name" : "[P3DHack] In your name",
	"NameSpoofer_type_title" : "In which cases?",

	"WandV_Menu" : "WolfHUD and VHUDPlus Menu",
	"WandV_Menu_fix" : "WolfHUD and VHUDPlus Compatibility",
	"WandV_Menu_fix_help" : "Interaction function will be from Huds",
	"compatibility" : "Compatibility",
	"van_styles_menu" : "Van Styles",
	"default" : "Default",
	"overkill" : "Overkill",
	"brown" : "Brown",
	"green" : "Green",
	"grey" : "Grey",
	"red" : "Red",
	"white" : "White",
	"yellow" : "Yellow",
	"icecream" : "Icecream",
	"spooky" : "Spooky",
	"instant_drill_F8" : "Instant Drill",
	"open_overdrill" : "Open Overdrill",

	"antistop_back" : "Return effect",
	"antistop_back_desc" : "Bring the effect back to your enemy",
	"Mission_triggers" : "Mission Triggers",
	"Trolling_triggers" : "Trolling Triggers",
	"Spawn_triggers" : "Spawn Triggers",
	"Experimental_triggers" : "Experimental Triggers",
	"AiGlobalEvent" : "Ai Global Event",
	"AreaTrigger" : "Area Trigger",
	"LaserTrigger" : "Laser Trigger",
	"MissionFilter" : "Mission Filter",
	"WhisperState" : "Whisper State",
	"SpecialObjective" : "Special Objective",
	"SpecialObjectiveTrigger" : "Special Objective Trigger",
	"PlayerSpawner" : "Player Spawner",
	"PointOfNoReturn" : "Point Of No Return",
	"SpawnGrenade" : "Spawn Grenade",
	"SpawnCivilianGroup" : "Spawn Civilian Group",
	"SpawnCivilian" : "Spawn Civilian",
	"Filter" : "Filter",
	"EnemyDummyTrigger" : "Enemy Dummy Trigger",
	"AssetTrigger" : "Asset Trigger",
	"PrePlanning" : "Pre Planning",
	"SpawnDeployable" : "Spawn Deployable",
	"TeammateComment" : "Teammate Comment",
	"Dialogue" : "Dialogue",

	"menu_f11_main_menu" : "Help Menu",
	"menu_f11_cheater_tag_menu_text" : "All About Cheater Tag",
	"menu_f11_cheater_tag_menu_text1" : "Сheater Tag",
	"menu_f11_cheater_tag_menu_text2" : "No Сheater Tag",
	"menu_f11_cheater_tag_menu_DLC" : "DLC Unlocker",
	"menu_f11_cheater_tag_menu_DLC_1" : "Using items from non-purchased DLC",
	"menu_f11_cheater_tag_menu_DLC_2" : "Mask modification",
	"menu_f11_cheater_tag_menu_DLC_3" : "Weapon modification",
	"menu_f11_cheater_teg_menu_Skin_1" : "Which is only because of a massive convenience of the weapon mods being marked as unobtainable",
	"menu_f11_cheater_teg_menu_levle_1" : "Getting infamy level without a single heist completed",
	"menu_f11_cheater_teg_menu_levle_2" : "Getting infamy level without getting 100 level",
	"menu_f11_cheater_teg_menu_levle_3" : "Skipping next infamy level, like from 1 to 3",
	"heist_menu" : "About Heist",
	"menu_f11_cheater_teg_menu_heist_1" : "Using contract from non-purchased DLC",
	"menu_f11_cheater_teg_menu_heist_2" : "Spawning any equipment, different from last equipment you spawned",
	"menu_f11_cheater_teg_menu_heist_3" : "Throwing more than the allowed amount of grenades",
	"menu_f11_cheater_teg_menu_heist_4" : "Picking up a grenade from grenades crate case increases the limit",
	"menu_f11_cheater_teg_menu_heist_5" : "Spawning more than the allowed amount of equipment",
	"keybinds_in" : "KeyBinds in ",
	"main_menu" : "Main Menu",
	"ingame_menu" : "Heist",
	"keyboard_keybinds" : "Keyboard KeyBinds",
	"teg_del" : "How to remove CHEATER tag",
	"teg_del_1" : "Disable Dlc Unlocker",
	"teg_del_2" : "Disable Skin Unlocker",
	"teg_del_3" : "Restart the game and try to join",
	"teg_del_4" : "These are the main reasons",
	"teg_del_5" : "The problem remains unresolved",
	"teg_del_6_prem" : "I recommend contacting us",
	"teg_del_7" : "Using F10, remove the problem moments",
	"teg_del_8" : "In the worst case, go to Settings/Extended/Clear progress",
	"contact_us":"Contact Us",
	"open_p3dhack":"Open P3DHack.ru",

	"menu_f11_text_dop1" : "Additional",
	"menu_f11_text_keybind7" : "Locator",
	"menu_f11_text_keybind8" : "Aimbot",
	"menu_f11_text_keybind9" : "Slow Motion",
	"menu_f11_text_keybind10" : "NoClip",
	"menu_f11_text_keybind_num" : "Numpad",
	"menu_f11_text_keybind13" : "Public XRay",
	"menu_f11_text_keybind15" : "Pager Answer",
	"menu_f11_text_keybind_mouse" : "Mouse",
	"menu_f11_text_keybind16" : "Teleport",
	"menu_f11_text_keybind_other" : "Other",
	"menu_f11_text_keybind17" : "Push Stack Up",
	"menu_f11_text_keybind18" : "Push Stack Down",
	"menu_f11_text_keybind20" : "Revive Team",
	"menu_f11_text_keybind21" : "Push Stack",
	"thank_for_support":"Thank for support",
	"open_crashlog":"Open Crashlog",

	"no_invisible_walls":"No invisible walls",
	"Full_Stop_function":"Full Stop The Cheater",
	"Full_Stop_all":"Full Stop Cheaters",
	"freeze_peers":"Freeze players",
	"stopthecheater_all":"Stop Cheaters",
	"antistopthecheater_all":"Anti Stop Cheaters",

	"NoClip_Amount":"NoClip speed",
	"hide_buy_dlc":"Hide Buy DLC",

	"arrows_helicopter":"Arrows on the keyboard",
	"control_helicopter":"Control the helicopter",

	"All_type":"All",
	"Host_type":"Host",
	"Client_type":"Client",

	"cheater_tag":" [Cheater Tag]",
	"cheater_tag_host":" [Cheater Tag for Host]",
	"cheater_tag_client":" [Cheater Tag for Client]",
	"night":" night",
	"secret_perks_no_negative_title":"No negative effects",
	"buddha_mode":"Buddha Mode",

	"killall":"Kill all settings",
	"IgnoreCivilians":"Ignore civilians",
	"IgnoreTied":"Ignore Tied Hostages",
	"IgnoreCameras":"Ignore cameras",
	"IgnoreEnemies":"Ignore enemies",
	"NoBagBodies_title":"No Bag Bodies",
	"NoBagBodies":"No Bag Bodies [Cheater Tag for Client]",

	"F2_help1":"Must Have Secondary Equipped or Will Result In Crash",
	"F2_help2":"Must Have Primary Equipped or Will Result In Crash",
	"stopthecheater_function":"Stop The Cheater",
	"freeze_peer":"Freeze player",

	"select_value":"Select the desired value",
	"fast_lvl":"Fast level",
	"crime_spree_boost":"Crime Spree Boost",
	"set_crime_spree_boost":"Crime Spree points per heist",

	"shoot_through_wall_thickness_desc" : "Set the value of through how many things you can shoot, 40 is a normal wall",
	"shoot_through_wall_desc" : "This does not give you the ability to shoot through walls!",
	"target_closest_title" : "Closest target",
	"target_closest_desc" : "Set to true if you want to target the enemy that is closest to your crosshair instead of just any",
	"change_aim_function" : "Aim and autoshoot settings",

	"active_pagers" : " Active Pagers",
	"set_infamy" : "Set To ",
	"add_exp_menu" : "XP Menu",
	"add_" : "Add ",
	"_XP" : " XP",
	"add_exp" : "XP options",
	"add_lvl" : "Level options",
	"_perks" : " Perk Points",
	"add_perk4" : "PERK POINTS LINES OPTIONS",
	"_coins" : " coins",
	"answer_phones" : "Answer All Phones",
	"get_preplanning" : "Unlock All Pre-Planning Elements",
	"force_ready" : "Force Ready",
	"force_unready" : "Force Unready",
	"XP_bust_help1" : "Multiply XP Earned By ",
	"XP_bust_help2" : ", Enable For Each Map You Want To Multiply",
	"pick_up_right_engine" : "Pick Up Correct Engine",
	"pickup_files" : "Pickup Correct Files",
	"mind_civ_f3_1" : "Mind Control",
	"int_team" : "Instant Interaction for Team",
	"auto_answer_phones" : "Auto Answer All Phones",
	"no_lasers" : "Lasers do not activate alarm",
	"inf_ammo_reload" : "Infinite Ammo With Reload",

	"keyboard_health_and_ammo" : "HEALTH AND AMMO RESTORED",
	"keyboard_locator_1" : "[1/8] PACKAGE : ",
	"keyboard_locator_2" : "[2/8] KEYCARD/SECURITY DOOR",
	"keyboard_locator_3" : "[3/8] WEAPON/COKE",
	"keyboard_locator_4" : "[4/8] PLANK/DRILL",
	"keyboard_locator_5" : "[5/8] CRATE/CROWBAR",
	"keyboard_locator_6" : "[6/8] MISSION",
	"keyboard_locator_7" : "[7/8] MONEY",
	"keyboard_locator_8" : "[8/8] ALL",
	"keyboard_ammo" : "AMMO REPLENISHED",
	"keyboard_reviveteam" : "TEAM-MATE(S) REVIVED",

	"Rats_type_title":"Type",
	"Rats_type_desc":"Select hint type",
	"Rats_type_for_you":"For myself",
	"Rats_type_for_all":"For all",

	"waypoints":"Waypoints",
	"waypoint_rat_desc":"Would you like to activate Meth Helper Waypoints?",

	"support_sector":"Support sector",
	"config_title":"How to Edit a Configuration File in P3DHack",
	"update_title":"How to Update P3DHack",
	"wishes_title":"Your wishes",

	"Unlockers":"Unlockers",
	"you_can_desc":"You can increase or decrease",
	"Inf_Cam_Loops_and_Duration":"Infinite Camera Loops and Duration",

	"First_column":"First column",
	"Second_column":"Second column",
	"Third_column":"Third column",

	"inf_cable":"Infinite Cable-Ties",

	"main_menu_f7_premium_text1":"INTERACT TIMER OPTIONS (DECREASES TIMER TO ",
	"main_menu_f7_premium_text2":" SECONDS)",

	"InteractTimer_Value_title":"Timer Value",

	"NameSpoofer_title":"Name Spoofer",
	"NameSpoofer_desc":"Set your new name in game, set to false in order to use your steam name",

	"How_to_NameSpoofer_title":"How to change OVERKILL_Almir name?",
	"How_to_NameSpoofer_desc":"Click here to know how to change OVERKILL_Almir name",

	"secret_skills_and_perks_title":"Secret Skills and Perks",
	"secret_skills_title":"Secret Skills",
	"secret_skills_desc":"All the skills, but the skill Frenzy does not give negative effects and reduced health",
	"secret_perks_title":"Secret Perks",

	"Activator_Functions_title":"Activator functions",
	"Activator_Functions_desc":"It must be enabled",

	"fast_scroll_title":"Fast scroll",
	"fast_scroll_desc":"Now you can fast scroll settings menu",

	"spoofs_title":"Loot Card Spoofer",
	"spoofs_desc":"Spoofs your loot drop in multiplayer to always be a random safe or drill",

	"unbannable_skin_title":"Unbannable Fake Skins",
	"unbannable_skin_desc":"It will not mark you ever as a cheater, even when equipping legendary skins",

	"skip_videos_title":"Skip videos",
	"press_any_key_title":"Skip press any key",

	"rss_options":"RSS settings",

	"gap_offsets_text":"POSITION",
	"gap_menus_text":"VISIBILITY",
	"gap_time_text":"ROTATION",
	"gap_news_text":"DATA",

	"removeNewHeistsGui_title":"Remove main menu banner",
	"removeNewHeistsGui_desc":"Remove commercials from main menu",
	"removeWallet_title":"Remove wallet",
	"removeWallet_desc":"Remove offshore and coins amount from crime spree lobby",
	"show_main_title":"Main Menu",
	"show_main_desc":"Show RSS in main menu",
	"show_pause_title":"Pause menu",
	"show_pause_desc":"Show RSS in pause menu",
	"show_lobby_title":"Lobby",
	"show_lobby_desc":"Show RSS in lobby",
	"show_spree_title":"Crime spree lobby",
	"show_spree_desc":"Show RSS in crime spree lobby",
	
	"OFFSET_X_title":"Offset by X",
	"OFFSET_X_desc":"Specify horisontal offset of the news feed",
	
	"OFFSET_Y_title":"Offset by Y",
	"OFFSET_Y_desc":"Specify vertical offset of the news feed",
	
	"PRESENT_TIME_title":"Present time",
	"PRESENT_TIME_desc":"How long does it take each title to appear",
	
	"SUSTAIN_TIME_title":"Sustain time",
	"SUSTAIN_TIME_desc":"How long each title stays on screen",
	
	"REMOVE_TIME_title":"Remove time",
	"REMOVE_TIME_desc":"How long does it take each title to disappear",
	
	"MAX_NEWS_title":"Max news to load",
	"MAX_NEWS_desc":"Max news to load from every source",
	
	"MAX_NEWS_SHOW_title":"Max news to show",
	"MAX_NEWS_SHOW_desc":"Total amount of news to rotate. Each source gets equal amount",
	
	"MIX_title":"Mix titles",
	"MIX_desc":"Titles mixing. If OFF then titles will be shown in the order of the sources in the config",

	"the_end_burn": "Glowing picture",
	"the_end_door": "Open the secret door",

	"hints_1": "We work hard to make P3DHack better!",
	"buy_premium": "Look on Premium",
	"premium_buy_title": "Buy Premium",

	"Free_Crime_Spree_title":"Free Crime Spree",

	"unlock_all_tiers":"Unlock all tiers",
	"set_killzone":"Slap Player",

	"reduce_damage_all":"Receive 50% Damage",

	"hide_text_title":"Off all text",
	"hide_text_desc":"You can turn off the mention of P3DHack",

	"reboard":"Reboard",
	"reboard_help":"You can endlessly use the boards on the window",

	"mod_list_lite_title":"Mod list lite",
	"mod_list_lite_desc":"Corrects a problem with freezing game when you viewing list of BLT mods",

	"Delay_func_title" : "Cook Faster",

	"AimMode_desc" : "Select type",
	"aim_type_1" : "Only auto shoot",
	"aim_type_2" : "Only aim",
	"aim_type_3" : "Auto aim and shoot",
	"RightClick_title" : "RightClick",
	"RightClick_desc" : "Only let the AimBot shoot if the right mouse button is held",
	"AimbotInfAmmo_title" : "Infinite Ammo",
	"AimbotDamageMul_title" : "Damage Multiplier",
	"MaxAimDist_title" : "Max Aim Distance",

	"SafeSimulatorMenu_function" : "Safe Simulator",
	"ScamDetectionLevel_title" : "Scam Detection Level",
	"ScamDetectionLevel_desc" : "Your detection level risk is 3",

	"vrmenu" : "VR Menu",
	"I_Use_VR_title" : "VR compatibility",
	"I_Use_VR_desc" : "Activate this option if you are using VR",

	"ride_player" : "Piggyback",
	"increase_ladder" : "Increase Ladder Height And Width",
	"WORLD" : "WORLD",
	"RIVALS" : "RIVALS",
	"only_for_you" : "Only For You",

	"troll_remove_body":"Remove Body",
	"troll_remove_right_leg":"Remove Right Leg",
	"troll_remove_left_leg":"Remove Left Leg",
	"troll_remove_legs":"Remove Legs",
	"troll_stop_it":"Stop It",
	"troll_cut_head":"Cut head",
	"troll_hide_doors":"Hide Doors",
	"troll_show_doors":"Show Doors",
	"troll_upgrade_cameras":"Upgrade Cameras",

	"jerry1":"Flying",
	"jerry2":"Descent With Parachute",
	"carry":"Carry",
	"mask_off":"Mask Off",
	"clean":"Clean",
	"civilian":"Civilian",
	"standard":"Standard",

	"teleport_all_to_me":"Teleport All To Me",

	"troll_activate_triggers":"Activate Triggers",
	"troll_enable_units":"Enable Units",
	"troll_disable_units":"Disable Units",
	"troll_end_mission":"End Mission",

	"troll_world":"Troll World",

	"turret_spawn":"Turret Spawn",
	"turret_friendly":"Friendly Turret",
	"turret_enemy":"Enemy Turret",

	"add_items_all_menu":"Full list",
	"del_items_all_menu":"Full list",
	"del_items_menu":"Dell Inventory Items Menu",

	"right_engine_menu":"Right Engine Menu",
	"right_engine":"Show Right Engine",
	"spawn_right_engine":"Spawn Right Engine",

	"save_and_reload_title":"Save and reload",
	"save_and_reload_desc":"This function will help you instantly apply changes to P3DHack Config",

	"P3DHack_Menu_title":"P3DHack Menu",
	"P3DHack_Menu_desc":"Fast and convenient functionality in one place",

	"hud_function":"HUD Functions",
	"hide_p3dhack_menu_desc":"Hide P3DHack in main menu",
	"Hide_Functions":"Hide Functions",
	"hide_smoke_title":"Hide smoke",
	"hide_logo_title":"Hide Payday logo",
	"hide_pattern_title":"Hide Pattern",
	"hide_particles_title":"Hide Particles",

	"Skip_Functions":"Skip Functions",
	"Skip_Press_title":"Skip Press enter",

	"global_unavailable":"Unavailable",

	"helicopter":"Helicopter Mod",
	"autoshoot":"Autoshoot",
	"troll_activate_elements":"Activate Elements",
	"troll_open_doors":"Open All Doors",
	"troll_close_doors":"Close All Doors",
	"troll_open_vault":"Open Vault",
	"troll_close_vault":"Close Vault",
	"troll_remove_head":"Remove Head of Enemies",
	"troll_invisible_spooks":"Make Spooks Invisible",
	"troll_launch_cars":"Launch Players' Cars to Air",
	"troll_close_van_doors":"Close Van Doors",
	"troll_open_van_doors":"Open Van Doors",
	"rofl_drills":"Rofl Drill",

	"Speed_hack":"Speed hack",

	"melee_range":"Long Melee Range",
	"melee_charge":"Very Fast Melee Charge Time",
	"melee_no_delay":"Very Fast Meleeing",

	"hider_title":"Hide mods",
	"hider_type_title":"What to hide?",

	"Only_P3D":"Only P3DHack",
	"All":"All mods",

	"Crosshair_title":"Crosshair",

	"specific_weapons_unlocker_title":"Specific weapons unlocker",

	"NewMenu_function":"Auto Cheats",

	"Dodge_Chance_Buff_title":"Dodge Chance",

	"Dodge_Chance_Buff_Amount_title":"Dodge Chance Amount",
	"Dodge_Chance_Buff_Amount_desc":"0.1 = 10%, 1 = 100%",

	"Melee_Buff_title":"Melee Damage Buff",
	"Melee_Buff_Amount_title":"Multiplier Amount",

	"Unlimited_BodyBags_title":"Unlimited BodyBags",
	"Jump_Mask_Off_title":"Jump With Mask Off",
	"Fast_Mask_title":"Fast Mask",
	"Infinite_Hostage_Follow_title":"Infinite Amount Of Following Hostages",
	"Interaction_CoolDown_title":"No Interaction Cooldown",

	"Sixth_Sense_Reset_title":"6th Sense",
	"Sixth_Sense_Reset_desc":"Only Resets When Moving",

	"Bag_CoolDown_title":"No Bag CoolDown",

	"Camera_Bag_Explosion_Multiplier_title":"Explosive Bag Camera Effect Multiplier",
	"Camera_Bag_Explosion_Multiplier_desc":"Do you want enabled Explosive Bag Camera Effect Multiplier?",

	"Camera_Bag_Explosion_Multiplier_Amount_title":"Multiplier Amount",
	"Camera_Bag_Explosion_Multiplier_Amount_desc":"Default 4",

	"Explosion_Buff_title":"All Explosions Damage Buff",
	"Explosion_Buff_Amount_title":"All Explosions Damage Buff Amount",

	"Lowered_Headbob_title":"Lowered Head-bob",

	"Toggle_Interact_title":"Interact Toggle",
	"Toggle_Interact_desc":"Do you want enabled Interact Toggle?",

	"Grenade_Restrict_title":"Restrict Grenades In Stealth",
	"Pager_Mod_title":"Increase Pager Count",

	"Zipline_Drop_title":"Drop Bags That u're Carrying While On Zip-line",

	"Classic_Open_Door_title":"Classic Option Of Open All Doors",
	"Classic_Open_Door_desc":"Classic Option Of Open All Doors May Not Work Everywhere But Is More Limited To Specific Doors",

	"New_Open_Door_title":"New Option Of Open All Doors",
	"New_Open_Door_desc":"New Option Of Open All Doors, Opens All Pick Locakable Doors, Safes, Deposit Boxes ETC. Which Classic Option Does Not Do",

	"Anti_Cheat_Disable_title":"Disable Anti-Cheat",
	"Anti_Cheat_Disable_desc":"Allows you to spawn bags and much more",

	"Secure_BodyBags_title":"Secure Body Bags For Cash",
	"Secure_BodyBags_Loot_Value_title":"Cash Value Amount",
	"Secure_BodyBags_Loot_Value_desc":"Secure Body Bags For Cash Value Amount",

	"No_Job_Heat_title":"Disable Repeated Job Penalties",
	"Job_Heat_Amount_title":"Set Job Heat Bonus Amount",
	"Job_Heat_Amount_desc":"Default 1.15 = 15%",

	"XP_Multiplier_title":"XP Multiplier",
	"XP_Multiplier_Amount_title":"XP Multiplier Amount",

	"othermenu_function":"Other",

	"Rats_Message_title":"Meth Helper",
	"Rats_Message_desc":"Display Correct Chemical In Chat Message",

	"Delay_title":"Delay between ingredients",
	"CookMeth_function":"Cook Meth functions",

	"troll_alarm":"Police Hotline",

	"alarm_crim":"Report a Criminal",
	"alarm_gun":"Report Shots Fired",
	"alarm_exp":"Report Explosion",
	"alarm_mon":"Report a MONSTER!",

	"delete_units":"Delete all synchronized units from map",
	"mute_ply":"Mute him",
	"kick_all":"Kick all",
	"crash_game":"Crash him game",

	"Bullet_Penetration_func":"Bullet Penetration On All Guns",
	"Bullet_Penetration_Shield_title":"Shoot through shields",
	"Bullet_Penetration_Enemy_title":"Shoot through enemies",
	"Bullet_Penetration_Wall_title":"Shoot through walls",
	"Skip_End_Screen_title":"Allows You To Skip End Screen",

	"other_menus":"Other Menus",

	"Bag_mod_toggle":"Bag mod",
	"change_statistic":"Statistic changer",

	"p3dtext_language_title" : "Language",
	"dlc_title":"DLC Unlocker [Cheater tag]",
	"skin_title":"Skin Unlocker",
	"skin_armor_title":"Armor Skin Unlocker",

	"noclip_title":"NoClip MOD",

	"rave_title":"Rave hostage",
	"rave_desc":"Would you like run fast hostage?",

	"antistop_title":"Anti-SlowMo",
	"antistop_desc":"Enable if you do not want to suffer having a tag",

	"antistop_info_title":"Who did this?",
	"antistop_info_desc":"Enable if you want to know who tried to slow you down. Spam is possible",

	"slow_attention":"Attention!",
	"slow_you":"tried to slow you down with speed",

	"change_statistic_total_kills_title":"Number of total kills",
	"change_statistic_specials_kills_title":"Number of specials kills",
	"change_statistic_head_shots_Amount_title":"Number of head shots",
	"change_statistic_accuracy_Amount_title":"Percent of accuracy",
	"change_statistic_downs_Amount_title":"Number of downs",

	"Language_text":"Localization",
	"antistopthecheater_function":"Anti Stop The Cheater",
	"Main_function":"Main functions",
	"Free_function":"Free purchase",
	"locator_function":"Locator",
	"Keyboard_Auto_Config":"Auto Run Key Binds",
	"Auto_func":"Automatic enabled",
	"change_statistic_function":"Change statistic",

	"text_in_game_title":"Text on main menu",
	"text_in_game_desc":"Would you like to remove text from the main menu?",

	"Favors_title":"Planning points",
	"Free_Assets_title":"Free assets purchase",
	"Free_Casino_title":"Free casino purchases",
	"Free_Contracts_title":"Free contract purchases",
	"Free_Masks_title":"Free mask purchases",
	"Free_PrePlanning_title":"Free PrePlanning purchases",
	"Free_Slots_title":"Free Weapon and Mask Slot",
	"Free_Weapons_title":"Free Weapon purchases",
	"Free_Weapon_Mods_title":"Free Weapon Mod purchases",

	"Jumper_set_title":"Jump height",
	"No_FlashBang_title":"No FlashBangs",
	"No_Recoil_title":"No Recoil",
	"No_Spread_title":"No Spread",
	"Infinite_Stamina_title":"Infinite Stamina",
	"Dropin_Pause_Remove_title":"Drop in Pause Remove",
	"Auto_Pick_Card_title":"Auto Pick Card",

	"X_Ray_title":"X-Ray",
	"X_Ray_desc":"Default it X",

	"Full_Replenish_title":"Full Replenish",
	"Full_Replenish_desc":"Default it Z",

	"Ammo_Replenish_title":"Ammo Replenish",
	"Ammo_Replenish_desc":"Default it C",

	"Vehicle_Spawn_title":"Vehicle Spawn",
	"Vehicle_Spawn_desc":"Default it V",

	"Grenade_Spawn_title":"Grenade Spawn",
	"Grenade_Spawn_desc":"Default it B",

	"Grenade_Spawn_Type_title":"Grenade Spawn Type",
	"Grenade_Spawn_Type_desc":"Set Grenade Type",

	"Hud_Toggle_title":"Disable HUD",
	"Hud_Toggle_desc":"Default it F10",

	"Gage_Package_title":"Spawn Gage Packages",
	"Gage_Package_desc":"Default it \\",

	"Restart_Job_title":"Restart Job",
	"Restart_Job":"Default it Num /",

	"Ultimate_Kill_title":"Kill all",
	"Ultimate_Kill_desc":"Default it Num *",

	"Auto_Drill_Service_desc":"Automatically recovers drill in case of damage",
	"Carry_Mod_desc":"Removes Weight Of All Bags And Explosive Property Of Ammo Bag",

	"Interact_Distance_Amount_title":"Interact Distance Amount",
	"Instant_Interact_With_Anything_desc":"For example to board up windows, or add ingredients to Cook OFF",

	"Weapon_Damage_Multiplier_Amount_title":"Weapon Damage Multiplier Amount",
	"Weapon_Fire_Rate_Multiplier_title":"Fire Rate Buff",

	"waypoints_showDistance" : "Show Distance",
	"waypoints_showDistance_desc" : "Shows the distance to the waypoint for each waypoint.",
	"waypoints_showGagePickups" : "Show Gage Pickups",
	"waypoints_showGagePickups_desc" : "Shows Gage pickups on the map.",
	"waypoints_showPlanks" : "Show Planks",
	"waypoints_showPlanks_desc" : "Show planks on the map.",
	"waypoints_showSmallLoot" : "Show Small Loot",
	"waypoints_showSmallLoot_desc" : "Shows grabbables, like loose money or jewelry.",
	"waypoints_showCrates" : "Show Crates",
	"waypoints_showCrates_desc" : "Shows openable crates, like the ones in Election Day.",
	"waypoints_showDoors" : "Show Doors",
	"waypoints_showDoors_desc" : "Shows a lock symbol on doors that require a keycard or ECM to open.",
	"waypoints_showCameraComputers" : "Show Camera Computers",
	"waypoints_showCameraComputers_desc" : "Shows where the computers to view cameras are on the map.",
	"waypoints_showDrills" : "Show Drill Locations",
	"waypoints_showDrills_desc" : "Shows where you can place a small drill.",
	"waypoints_showThermite" : "Show Thermite",
	"waypoints_showThermite_desc" : "Shows thermite pickup locations and where to use it.",
	"waypoints_showSewerManhole" : "Show Sewer Manhole Covers",
	"waypoints_showSewerManhole_desc" : "Shows where sewer manhole covers are.",
	"waypoints_showHUDMessages" : "Show HUD Messages",
	"waypoints_showHUDMessages_desc" : "Displays various information on your HUD about the waypoints.",
	"waypoints_makeNoise" : "Make Noise",
	"waypoints_makeNoise_desc" : "Makes a noise when the script is run.",
	"waypoints_iterativeToggle" : "Iterative Toggle",
	"waypoints_iterativeToggle_desc" : "On means that every time you run the script, it will find the next available waypoint to show.\nOff means it will show all waypoints at once.",
	"waypoints_sheaterNewb" : "Sheater Newb",
	"waypoints_sheaterNewb_desc" : "Enabling this will show a lot of things to other people, like the goats and voting machines.",

	"main_menu_p3dhack" : "Main Menu",
	"main_menu_help_p3dhack" : "Opens the Main Menu",
	"previous_menu_p3dhack" : "Previous Menu",
	"previous_menu_help_p3dhack" : "Opens the Previously Opened Menu",
	"next_menu_p3dhack" : "Next Page",
	"next_menu_help_p3dhack" : "Opens the Next Page of the Current Open Menu",
	"prew_menu_p3dhack" : "Previous Page",
	"prew_menu_help_p3dhack" : "Opens the Previous Page of the Current Open Menu",
	"close_menu_p3dhack" : "Close Menu",
	"close_menu_help_p3dhack" : "Closes the Menu",

	"global_host" : "HOST ONLY",
	"global_host_" : "Not Available (Host Only)",
	"global_on" : "Enabled",
	"global_off" : "Disabled",
	"global_p3dhack" : "P3DHack",
	"global_premium" : "ONLY Premium",

	"mouse_teleport" : "Teleported",

	"num_jump" : "High jump",
	"num_kill" : "All dead",
	"num_pg_answer" : "PAGERS ANSWERED",

	"main_menu_f1" : "Player Menu",
	"fast_f1" : "QUICK PLAYER TOGGLES",
	"godmode" : "God Mode",
	"godmode_help" : "Become Invincible",
	"friendfire" : "Friendly Fire",
	"friendfire_help" : "Enable Friendly Fire",
	"modif_f1" : "PLAYER TOGGLES",
	"drillservice" : "Auto Drill Service",
	"drillservice_help" : "Auto Restores Drill(s) When Jammed",
	"carrymod" : "Carry Mod",
	"carrymod_help" : "Removes Weight Of All Bags And Explosive Property Of Ammo Bag",
	"carrycross" : "Carry Crosshair Mod",
	"carrycross_help" : "Spawns Carrying Bag On Crosshair, Enable This First If You Want To Use With CarryStacker",
	"spooccuffselfon" : "Cloakers Cuffs Player",
	"spooccuffselfon_help" : "Cloakers Will Only Cuff You Instead Of Downing You",
	"infammobag" : "Infinite Ammo Bag Uses",
	"infammobag_full_" : "Infinite Ammo Bag Uses",
	"InfiniteSpecial_" : "Infinite Specials",
	"InfiniteSpecial_help" : "Infinite Specials Such As Cable-Ties, Planks, Etc.",
	"inf_converts" : "Infinite Converts",
	"carrystack" : "Carry Stacker",
	"carrystack_help" : "Will Mark You As Cheater If Not Host",
	"carrylimit" : "Carry Stacker Weight Limit",
	"carrylimit_help" : "Weight Modifier For CarryStacker, The More Bags You Carry The Heavier Your Weight",
	"infdocbag" : "Infinite Doctor Bag Uses",
	"infdocbag_full" : "Infinite Doctor Bag Uses",
	"inf_ecm" : "Infinite ECM Battery",
	"infmessiah" : "Infinite Messiah Charges",
	"inf_pager_answers" : "Infinite Pager Answers",
	"instantdom" : "Instant Dominate",
	"instantdrill" : "Instant Drill/Computer",
	"instantdrill_help" : "Can Be Activated After Drill(s) Has Been Placed Or Computer Has Been Activated",
	"intdist" : "Interact Distance Increase",
	"instantinteract" : "Instant Interact",
	"instantinteract_help" : "Includes Instant Pager Answers",
	"interactanyhting" : "Interact With Anything",
	"interactwall" : "Interact Thru Wall",
	"nohitdis" : "No Hit Disorientation",
	"smlootmulti" : "Small Loot Multiplier",
	"smlootmulti_help" : "Muliplied by 3x, Loot Capped at $2,800,000",
	"ZiplineBag" : "Zipline Transport",
	"ZiplineBag_help" : "Allows You To Transport Bags On All Ziplines",

	"infsentry" : "Sentry Gun Infinite Ammo",
	"godsentry" : "Sentry Gun God Mode",
	"BulletExplode" : "Bullet Explode",
	"BulletFire" : "Bullet Fire",
	"damagebuff" : "Damage Buff",
	"fireratebuff" : "Crazy Firerate",
	"infammo" : "Infinite Ammo",

	"main_menu_f3" : "Stealth Menu",
	"mind_enemies_menu" : "Enemy Mind Control",
	"mind_civs_menu" : "Civilian Mind Control",
	"pigsfly" : "Flying Piggies",
	"copsquit" : "Quitter Cops",
	"drunkpigs" : "Drunk Pigs",
	"civdance" : "Dancing Puppets",
	"civsmoke" : "Smoking Kills",
	"civcower" : "Covering Sheep",
	"phonycivs" : "Phony Yuppies",
	"main_menu_f3_1" : "TOGGLES & OPTIONS",
	"cops_dont_shoot" : "Cops Dont Shoot",
	"cops_dont_shoot_help" : "Cops Will Not Shoot You",
	"disable_cams" : "Disable Cameras",
	"disable_pagers" : "Disable Pagers",
	"free_kill" : "Free Civilian Kills",
	"pagedom" : "No Pager On Dominate",
	"pagedom_help" : "If Using Instant Dominate This MUST Be Turned On First For Both To Work",
	"prevent_panic_buttons" : "No Panic Button/Intel Burn",
	"people_dont_call_police" : "People Dont Call Police",
	"lobai" : "Lobotimize AI",
	"randompage" : "Random Pagers",
	"randompage_help" : "Enables Randomized Pagers",
	"steal_pagers_on_melee" : "Steal Pagers",
	"steal_pagers_on_melee_help" : "Disables Pager When You Melee A Guard",
	"convertall" : "Convert All Enemies",
	"convertall_full" : "All Enemies Converted",
	"remote_camera" : "Remote Camera Access",

	"main_menu_f4" : "Mission Manipulator Menu",
	"bettyboom" : "Betty Boom Mod",
	"bettyboom_full" : "BOUNCING BETTY BOOM",
	"bettyboom_help" : "Blows Up AI Upon Death",
	"dirtymoney" : "Dirty Money Drop",
	"dirtymoney_help" : "Drops 2 Gold Bags Upon AI Death",
	"autocook" : "Rats Auto Cooker",
	"autocook_full" : "AUTO-COOKER",
	"autocook_help" : "Automates Cooking In Rats Day 1 And Cook Off, Must Have Chemicals To Continue The Cooking",
	"m_info" : "OPTIONS",
	"civil" : "Alert Civilians",
	"civil_help" : "Intimidate All Civilians, Press Multiple Times To Get Down On Floor",
	"instaboardst" : "Board Up All Windows",
	"instaboardst_help" : "Board Up All Available Windows",
	"cutglass" : "Cut All Glass",
	"heistintel" : "Drop Train Heist Intel",
	"heistintel_help" : "Can Only Drop In Transport Heists",
	"heistintel_only" : "Tranport Missions Only",
	"getpatht" : "Get Item/Continue Mission",
	"getpatht_help" : "Must Enable CarryStacker, Grabs All Necessary Items To Continue Mission",
	"grabcourier" : "Grab All Gage Packages",
	"grabcourier_help" : "Grab All Available Gage Packages",
	"grabgear" : "Grab Gear",
	"grabgear_help" : "Press Twice To Grab Gear",
	"grabgear_only" : "Golden Grin Casino Only",
	"anticheat_info" : "ANTI-CHEAT TOGGLE",
	"anticheat" : "Disable Anti-Cheat",
	"anticheat_help" : "Enable or Disable Anti-Cheats For Host And Client",
	"InstantHackAll" : "Hack All Electrics",
	"InstantHackAll_help" : "Hack Available Computers, Keypads, Phones Or Electrical Boxes",
	"GrabDiamond" : "Instant Grab Diamond",
	"GrabDiamond_help" : "Press Twice To Grab Diamond",
	"instanthackmachines" : "Instant Hack & Open Voting Machines",
	"instanthackmachines_only" : "Election Day Warehouse Only",
	"opencrate" : "Open All Crates",
	"opencrate_help" : "You Can Close Available Crates Also",
	"bankbuster" : "Open All Deposit Boxes",
	"picklockst" : "Open All Doors & Windows",
	"picklockst_help" : "This Does Not Open Security Doors",
	"picklockst1" : "Open All Pick Locks",
	"picklockst1_help" : "Opens All Pick Locks Including Deposit Boxes, This Does Not Open Security Doors",
	"c4open" : "Open All Doors & Safes With C4",
	"jobwin_jobloss" : "WIN/LOSS OPTIONS",
	"jobloss" : "Instant Loss",
	"jobwin" : "Instant Win",
	"ecmopen" : "Open All ECM Doors",
	"usekeycardt" : "Open All Keycard Doors",
	"usekeycardt_help" : "Open Any Door That Uses KeyCard Including Security Rooms",
	"xmaspresent" : "Open All Presents",
	"xmasflare" : "Place/Ignite Flare",
	"DrillAll" : "Start/Restart Drill(s)",
	"DrillAll_help" : "Start or Restart Any Available Drill",
	"takeintel" : "Take All Intel",
	"takeintel_help" : "Hit Twice for Intel In Safes",
	"instanttie" : "Tie All Civilians",
	"instanttie_help" : "Must Alert All Civilians Before Activating",
	"heistintel_info" : "Train Heist Intel Has Been Dropped",
	"civilsdown_info" : "All Civilians Cowered",
	"c4open_info" : "All Doors Blown With C4",
	"grabgear_info" : "Gear Grabbed",
	"xmasflare_info" : "Flare Placed/Ignited",
	"xmaspresent_info" : "All Presents Opened",
	"ecmopen_info" : "All Security Doors Opened With ECM",
	"getpatht_info" : "Mission Items Acquired",
	"grabcourier_info" : "All Gage Packages Grabbed",
	"takeintel_info" : "All Intel Has Been Secured",
	"takeintel1_info" : "INTEL",
	"InstantHackAll_info" : "All Electrical/Circuit Boxes Hacked And Opened",
	"cutglass_info" : "All Glass Cut",
	"instanthackmachines_info" : "All Voting Machines Hacked And Opened",
	"instanttie_info" : "All Civs Tied Up",
	"usekeycardt_info" : "Doors Opened With Keycard",
	"opencrate_info" : "All Crates Opened",
	"GrabDiamond_info" : "Diamond Acquired",
	"picklockst_info" : "All Windows And Doors Opened",
	"picklockst1_info" : "All Pick Locks Opened",
	"bankbuster_info" : "All Deposits Boxes Opened",
	"DrillAll_info" : "Drill(s) Placed/Restarted",
	"instaboardst_info" : "All Windows Boarded Up",

	"main_menu_f5" : "Inventory Menu",
	"main_menu_f5_text1" : "Add Items Menu - Select Item",
	"main_menu_f5_text2" : "Loot Bag Menu - Select Bag",
	"main_menu_f5_text3" : "Equipment Bag Menu - Select Bag",
	"main_menu_f5_text4" : "Big Oil Engine Menu - Select Engine",
	"add_items_menu" : "Add Inventory Items Menu",
	"fugas_f5" : "EXPLOSIVE SHELLS",
	"spawn_f5" : "SPAWN BAG MENUS",
	"engine_menu" : "Big Oil Engine Menu",
	"equipment_menu_f5" : "Equipment Bag Menu",
	"loot_menu_f5" : "Loot Bag Menu",
	"main_menu_f5_text5" : "SPAWN OPTIONS",
	"main_menu_f5_text6" : "Give Bag To Self",
	"main_menu_f5_text7" : "Rain Bags",
	"main_menu_f5_text7_help" : "Do Not Spam, Will Cause Crash",
	"main_menu_f5_text8" : "Spawn On Crosshair",
	"main_menu_f5_text12" : "BAG OPTIONS",
	"main_menu_f5_text9" : "Bag All Bodies",
	"main_menu_f5_text9_help" : "Bags Bodies Only",
	"main_menu_f5_text10" : "Explosive Shells",
	"main_menu_f5_text10_help" : "Make Ammo Shell Bags Explosive Again",
	"main_menu_f5_text11" : "Pick Up All Bags",
	"main_menu_f5_text11_help" : "CarryStacker Must Be Enabled Or Bags Will Get Deleted",
	"main_f5_text" : "GENERAL ITEMS",
	"cable_tie" : "Cable-Tie",
	"organs" : "Organs",
	"add_items_menu_f5" : "RATS/HOTLINE MIAMI CHEMICALS",
	"add_items_menu_f5_" : "HOTLINE MIAMI BARCODES",
	"add_items_menu_f5__" : "HOXTON BREAKOUT ITEMS",
	"add_items_menu_f5___" : "GOLDEN GRIN CASINO ITEMS",

	"main_menu_f6" : "Money Menu",
	"main_menu_f6_text1" : "Super Loot Giver 69000",
	"main_menu_f6_text2" : "SECURE OPTIONS/MENU",
	"takeloot" : "Bag All Loot",
	"takeloot_help" : "Must Enable CarryStacker, If White Xmas Press Twice",
	"InteractType" : "Grab All Small Loot",
	"OpenAtm" : "Open All ATMs & Take Content",
	"OpenAllLoot" : "Open All ATMs, Safes, Money Drawers",
	"main_menu_f6_text3" : "Secure Loot Menu",
	"securesmloot" : "Secure Small Loot",
	"main_menu_f6_text4" : "All Loot Bagged",
	"main_menu_f6_text5" : "Small Loot Secured",

	"main_menu_f7" : "Interaction Timer Menu",
	"main_menu_f7_text1" : "INTERACT TIMER OPTIONS (DECREASES TIMER TO 3 SECONDS)",
	"InteractDrillJam" : "Drill Jam/Upgrade Timer",
	"InteractECMJam" : "ECM Open Timer",
	"InteractPager" : "Pager Answer Timer",
	"InteractPickLock" : "PickLock Timer",
	"InteractRevive" : "Revive Player Timer",

	"main_menu_f8" : "Troll Menu",
	"main_menu_f8_text1" : "Troll Other Players - Select Option",
	"main_menu_f8_text2" : "Troll Self - Select Option",
	"main_menu_f8_player" : "Troll ",
	"main_menu_f8_text3" : "PLAYER TROLL MENUS",
	"main_menu_f8_text4" : "Mess With Other Players",
	"main_menu_f8_text5" : "TEAM TROLL OPTIONS",
	"syncbleedall" : "Bleed Out All Players",
	"synccuffall" : "Cuff All Players",
	"syncincaall" : "Incapacitate All Players",
	"synctaseall" : "Tase All Players",
	"main_menu_f8_text6" : "TROLL INDIVIDUAL PLAYERS",
	"main_menu_f8_text7" : "Other",
	"releaseteam" : "Release All Teammates From Jail",
	"sendalltojail_team" : "Throw All Teammates In Jail",
	"main_menu_f8_text8" : "Mess With Self",
	"main_menu_f8_text9" : "SELF STATE OPTIONS",
	"stateblood" : "Bleed Out",
	"statecuffs" : "Cuffed",
	"stateinca_me" : "Incapacitated",
	"stateinca" : "Incapacitate",
	"statetased" : "Tased",
	"releaseme" : "Release Me From Jail",
	"lockmeup" : "Throw Me In Jail",
	"main_menu_f8_text11" : "PLAYER STATE OPTIONS",
	"main_menu_f8_text12" : "JAIL/TELEPORT OPTIONS",
	"syncreleaseply2" : "Release From Jail",
	"sendalltojail" : "Throw In Jail",
	"teleporttoply" : "Teleport To Player",
	"syncforceengine" : "Force Carry Engine",
	"main_menu_f8_text13" : "OPTIONS",
	"depositfill" : "Fill Deposit Boxes",
	"depositfill_help" : "FILL DEPOSIT BOXES WITH GOLD AND CASH, DOES NOT WORK WITH EVERY LEVEL",
	"openvault" : "Open Vault Door",
	"openvault_help" : "PEN VAULT DOOR, DOES NOT WORK WITH ALL VAULTS AND MAY HAVE SIDE EFFECTS",
	"overdrill" : "Activate Overdrill Vault Door",
	"overdrill_help" : "ACTIVATE OVERDRILL VAULT DOOR",
	"main_menu_f8_text14" : "Vault Door Opened",
	"main_menu_f8_text15" : "Deposit Boxes Filled",
	"main_menu_f8_text16" : "Remain",
	"I_am_best" : "Change statistics",
	"cops_to_bulld" : "Dead cops turn to bulldozers",
	"replace_cops" : "Replace all cops with bulldozers",
	"tm_gm" : "Enable god mode for your team",
	"invisible_player" : "Invisibility",

	"main_menu_f10" : "Pre-Game Menu",
	"infamy_level_menu" : "Infamy Menu",
	"infamy_points_menu" : "Infamy Menu",
	"inventory_menu" : "Inventory Menu",
	"clear_inventory_menu" : "Clear Inventory Menu",
	"add_inventory_menu" : "Add To Inventory Menu",
	"level_menu" : "Level Menu",
	"money_menu" : "Money Menu",
	"skill_menu" : "Skill Menu",
	"perk_menu" : "Perk Menu",
	"add_achieve_menu" : "Add Achievement Menu",
	"rem_achieve_menu" : "Remove Achievement Menu",
	"continental_coins_menu" : "Continental Coins",
	"main_menu_f10_text1" : "MENUS",
	"main_menu_f10_text4" : "INFAMY LEVEL OPTIONS",
	"main_menu_f10_text5" : "Infamy Points Menu",
	"main_menu_f10_text8" : "INFAMY POINTS OPTIONS",
	"main_menu_f10_text9" : "Inventory Menu",
	"un1" : "Unlock options",
	"un2" : "Unlock All Items",
	"un3" : "Unlock All Slots",
	"un4" : "Unlock Colors",
	"un5" : "Unlock Masks",
	"un6" : "Unlock Materials",
	"un7" : "Unlock Textures",
	"un8" : "Unlock Weapons",
	"un9" : "Unlock Trophies",
	"un10" : "Other",
	"un11" : "Remove New Item Exclamation Mark",
	"un12" : "Unlock options (Dlc)",
	"un13" : "Unlock Weapon Mods",
	"del1" : "DELETE INDIVIDUAL SLOTS",
	"del2" : "Delete All Masks Slots",
	"del3" : "Delete All Primary Weapons Slots",
	"del4" : "Delete All Secondary Weapons Slots",
	"del5" : "DELETE OR LOCK ALL SLOTS AND ITEMS",
	"del6" : "Delete All Items",
	"del7" : "Delete All Slots",
	"del8" : "Lock All Items",
	"del9" : "DELETE INDIVIDUAL ITEMS",
	"del10" : "Delete All Colors",
	"del11" : "Delete All Masks",
	"del12" : "Delete All Materials",
	"del13" : "Delete All Patterns",
	"del14" : "Delete All Weapon Mods",
	"add_item1" : "ADD 1 OF EACH ITEM",
	"add_item2" : "Add 1 Of All Colors",
	"add_item3" : "Add 1 Of Everything",
	"add_item4" : "Add 1 Of All Masks",
	"add_item5" : "Add 1 Of All Materials",
	"add_item6" : "Add 1 Of All Patterns",
	"add_item7" : "Add 1 Of All Weapon Mods",
	"add_item8" : "ADD 5 OF EACH ITEM",
	"add_item9" : "Add 5 Of All Colors",
	"add_item10" : "Add 5 Of Everything",
	"add_item11" : "Add 5 Of All Masks",
	"add_item12" : "Add 5 Of All Materials",
	"add_item13" : "Add 5 Of All Patterns",
	"add_item14" : "Add 5 Of All Weapon Mods",
	"add_money" : "Money",
	"add_money1" : "RESET MONEY OPTION",
	"add_money2" : "Reset Money",
	"add_money3" : "ADD MONEY",
	"add_money4" : "Add 1 Million Cash + 4 Million Offshore",
	"add_money5" : "Add 10 Million Cash + 40 Million Offshore",
	"add_money6" : "Add 100 Million Cash + 400 Million Offshore",
	"add_money7" : "Add 1 Billion Cash + 4 Billion Offshore",
	"add_money8" : "Add 1 Million Cash",
	"add_money9" : "Add 10 Million Cash",
	"add_money10" : "Add 100 Million Cash",
	"add_money11" : "Add 1 Billion Cash",
	"add_skill1" : "SKILLS",
	"add_skill4" : "SKILL POINTS OPTIONS",
	"add_perk" : "PERK OPTIONS",
	"add_perk1" : "Reset Perk Points",
	"add_perk2" : "Unlock All Perks",
	"add_perk3" : "PERK POINTS OPTIONS",
	"add_continental" : "Add 1 coin",
	"add_achievement" : "ACHIEVMENT OPTIONS",
	"add_achievement2" : "Add Individual Achievements",
	"add_achievement3" : "Remove Individual Achievements",
	"add_achievement4" : "Lock All Achievements",
	"add_achievement5" : "Unlock All Achievements",
	"ai_menu3" : "Cloaker Only Cuffs AI",
	"text_f10_1" : "Job Menu",
	"text_f10_4" : "PREGAME OPTIONS",
	"dontwait" : "Force Start",
	"dontwait_help" : "Force Start The Game, Prevent Waiting",
	"getemall" : "Unlock All Assets",
	"text_f10_5" : "IN GAME OPTIONS",
	"text_f10_12" : "Secure Body Bags For Cash",
	"text_f10_13" : "Switch interaction",
	"text_f10_3с_1" : "Grenade Restriction",
	"text_f10_3с_1_help" : "Restricts Grenades Being Thrown While In Stealth",
	"text_f10_3с_2" : "No Escape Timer",
	"text_f10_3с_6" : "Pager Mod",
	"text_f10_3с_6_help" : "Increases Pager Amount",
	"text_f10_3с_10" : "XP Multiplier",
	"text_f10_3с_10_help" : "Multiply XP Earned By 2x, Enable For Each Map You Want To Multiply",
	"text_f10_3с_11" : "HUD ENABLED",

	"main_menu_num" : "Spawn menu",
	"spawn_menu" : "Spawn enemies/allies",
	"spawn_on_self_unt" : "Spawn units",
	"spawn_on_self_spec_unt" : "Spawn special units",
	"spawn_on_self_gensec_unt" : "Spawn elite Gensec units",
	"spawn_on_self_unt_frnd" : "Spawn allies",
	"spawn_on_self_spec_unt_frnd" : "Spawn special allies",
	"spawn_on_self_gensec_unt_frnd" : "Spawn elite Gensec allies",
	"spawn_frnd" : "Spawn civilian",
	"spawn_band" : "Spawn bandits",
	"spawn_equipment" : "Spawn equipment on crosshair",
	"spawn_lootmode" : "Spawn looted / objects / vehicles on crosshair",
	"spawn_menu_1_1" : "Enemies and allies",
	"spawn_menu_1_2" : "Only where possible",
	"spawn_menu_bandit" : "Bandit",
	"FR_1" : "Civilian",
	"FRFR1" : "Elite GENSEC",
	"FRFR4" : "LMG Bulldozer",
	"FRP1" : "Shield",
	"FRP3" : "Cloaker",
	"FRP4" : "Sniper",
	"FRP6" : "Taser",
	"FRP7" : "Bulldozer",
	"FR0" : "Cop",
	"FR4" : "Special Forces",
	"FR6" : "Special Forces armored",
	"FR7" : "FBI",
	"FR9" : "FBI armored",
	"FR10" : "Security guard"
}