{
	"p3dtext_options": "P3DHack Config",
	"Player_Menu_Config_func":"F1",
	"Weapon_Menu_Config_func":"F2",
	"Stealth_Menu_Config_func":"F3",
	"InteractTimer_Menu_Config_func":"F7",
	"Job_Menu_Config_button_func":"F10",
	"Premium":"Premium",

	"p3dtext_language_english": "English",
	"p3dtext_language_french": "French",
	"p3dtext_language_russian": "Russian",
	"p3dtext_language_german": "German",
	"p3dtext_language_spanish": "Spanish",
	"p3dtext_language_portuguese": "Portuguese",
	"p3dtext_language_zn_ch": "Chinese",
	"p3dtext_language_danish": "Danish",
	"p3dtext_language_custom": "Custom"
}