{
	"Mission_triggers" : "Mission Triggers",
	"Trolling_triggers" : "Trolling Triggers",
	"Spawn_triggers" : "Spawn Triggers",
	"Experimental_triggers" : "Experimental Triggers",
	"AiGlobalEvent" : "Ai Global Event",
	"AreaTrigger" : "Area Trigger",
	"LaserTrigger" : "Laser Trigger",
	"MissionFilter" : "Mission Filter",
	"WhisperState" : "Whisper State",
	"SpecialObjective" : "Special Objective",
	"SpecialObjectiveTrigger" : "Special Objective Trigger",
	"PlayerSpawner" : "Player Spawner",
	"PointOfNoReturn" : "Point Of No Return",
	"SpawnGrenade" : "Spawn Grenade",
	"SpawnCivilianGroup" : "Spawn Civilian Group",
	"SpawnCivilian" : "Spawn Civilian",
	"Filter" : "Filter",
	"EnemyDummyTrigger" : "Enemy Dummy Trigger",
	"AssetTrigger" : "Asset Trigger",
	"PrePlanning" : "Pre Planning",
	"SpawnDeployable" : "Spawn Deployable",
	"TeammateComment" : "Teammate Comment",
	"Dialogue" : "Dialogue",

	"menu_f11_main_menu" : "Help Menu",
	"menu_f11_cheater_tag_menu_text" : "All About Cheater Tag",
	"menu_f11_cheater_tag_menu_text1" : "Сheater Tag",
	"menu_f11_cheater_tag_menu_text2" : "No Сheater Tag",
	"menu_f11_cheater_tag_menu_DLC" : "DLC Unlocker",
	"menu_f11_cheater_tag_menu_DLC_1" : "Using items from non-purchased DLC",
	"menu_f11_cheater_tag_menu_DLC_2" : "Mask modification",
	"menu_f11_cheater_tag_menu_DLC_3" : "Weapon modification",
	"menu_f11_cheater_teg_menu_Skin_1" : "Which is only because of a massive convenience of the weapon mods being marked as unobtainable",
	"menu_f11_cheater_teg_menu_levle_1" : "Getting infamy level without a single heist completed",
	"menu_f11_cheater_teg_menu_levle_2" : "Getting infamy level without getting 100 level",
	"menu_f11_cheater_teg_menu_levle_3" : "Skipping next infamy level, like from 1 to 3",
	"heist_menu" : "About Heist",
	"menu_f11_cheater_teg_menu_heist_1" : "Using contract from non-purchased DLC",
	"menu_f11_cheater_teg_menu_heist_2" : "Spawning any equipment, different from last equipment you spawned",
	"menu_f11_cheater_teg_menu_heist_3" : "Throwing more than the allowed amount of grenades",
	"menu_f11_cheater_teg_menu_heist_4" : "Picking up a grenade from grenades crate case increases the limit",
	"menu_f11_cheater_teg_menu_heist_5" : "Spawning more than the allowed amount of equipment",
	"keybinds_in" : "KeyBinds in ",
	"main_menu" : "Main Menu",
	"ingame_menu" : "Heist",
	"keyboard_keybinds" : "Keyboard KeyBinds",
	"teg_del" : "How to remove CHEATER tag",
	"teg_del_1" : "Disable Dlc Unlocker",
	"teg_del_2" : "Disable Skin Unlocker",
	"teg_del_3" : "Restart the game and try to join",
	"teg_del_4" : "These are the main reasons",
	"teg_del_5" : "The problem remains unresolved",
	"teg_del_6_prem" : "I recommend contacting us",
	"teg_del_7" : "Using F10, remove the problem moments",
	"teg_del_8" : "In the worst case, go to Settings/Extended/Clear progress",
	"contact_us":"Contact Us",
	"open_p3dhack":"Open P3DHack.ru",

	"menu_f11_text_dop1": "Adicionais",
	"menu_f11_text_keybind7": "Localizador",
	"menu_f11_text_keybind8": "Aimbot",
	"menu_f11_text_keybind9": "Câmera Lenta",
	"menu_f11_text_keybind10": "NoClip",
	"menu_f11_text_keybind_num": "Teclado Numérico",
	"menu_f11_text_keybind13": "Visão Raio-X Público",
	"menu_f11_text_keybind15": "Resposta de Pager",
	"menu_f11_text_keybind_mouse": "Mouse",
	"menu_f11_text_keybind16": "Teleporte",
	"menu_f11_text_keybind_other": "Outros",
	"menu_f11_text_keybind17": "Empurrar Pilha para Cima",
	"menu_f11_text_keybind18": "Empurrar Pilha para Baixo",
	"menu_f11_text_keybind20": "Reviver Equipe",
	"menu_f11_text_keybind21": "Empurrar Pilha",
	"thank_for_support": "Obrigado Pelo Apoio",
	"open_crashlog": "Abrir Crashlog",

	"no_invisible_walls":"No invisible walls",
	"Full_Stop_function":"Full Stop The Cheater",
	"Full_Stop_all":"Full Stop Cheaters",
	"freeze_peers":"Freeze players",
	"stopthecheater_all":"Stop Cheaters",
	"antistopthecheater_all":"Anti Stop Cheaters",

	"NoClip_Amount":"NoClip speed",
	"hide_buy_dlc":"Hide Buy DLC",

	"arrows_helicopter":"Arrows on the keyboard",
	"control_helicopter":"Control the helicopter",

	"All_type":"All",
	"Host_type":"Host",
	"Client_type":"Client",

	"cheater_tag":" [Cheater Tag]",
	"cheater_tag_host":" [Cheater Tag for Host]",
	"cheater_tag_client":" [Cheater Tag for Client]",
	"night":" night",
	"secret_perks_no_negative_title":"No negative effects",
	"buddha_mode":"Buddha Mode",

	"killall": "Opções de Matar Todos",
	"IgnoreCivilians": "Ignorar Civis",
	"IgnoreTied":"Ignore Tied Hostages",
	"IgnoreCameras": "Ignorar Câmeras",
	"IgnoreEnemies": "Ignorar Inimigos",
	"NoBagBodies_title": "Sem Sacos de Corpos",
	"NoBagBodies": "Sem Sacos de Corpos [Cheater Tag for Client]",

	"F2_help1": "Deve ter um Secundário Equipado ou Resultará em Crash",
	"F2_help2": "Deve ter um Primário Equipado ou Resultará em Crash",
	"stopthecheater_function": "Pare o Trapaceiro",
	"freeze_peer": "Congelar Jogador",

	"select_value": "Selecione o Valor Desejado",
	"fast_lvl": "Nível Rápido",
	"crime_spree_boost": "Boost Crime Spree",
	"set_crime_spree_boost": "Crime Spree, Pontos por Assalto",

	"shoot_through_wall_thickness_desc": "Defina o Valor de Quantas Coisas Você Pode Atirar, 40 é Uma Parede Normal",
	"shoot_through_wall_desc": "Isso Não Lhe Dá a Capacidade de Atirar Através das Paredes!",
	"target_closest_title": "Alvo Mais Próximo",
	"target_closest_desc": "Marque Se Você Quer Mirar No Inimigo Que Está Mais Próximo de Sua Mira Ao Invés de Qualquer Um",
	"change_aim_function": "Configurações de Aim e Disparo Automático",

	"active_pagers": " Ativar Pagers",
	"set_infamy": "Definir Como ",
	"add_exp_menu": "XP Menu",
	"add_": "Adicionar ",
	"_XP": " XP",
	"add_exp": "Opções de XP",
	"add_lvl": "Opções de Nível",
	"_perks": " Pontos de Perk",
	"add_perk4": "OPÇÕES DE LINHAS DE PONTOS DE PERK",
	"_coins": " Moedas",
	"answer_phones": "Atender Todos os Telefones",
	"get_preplanning": "Desbloquear Todos os Elementos de Pré-Planejamento",
	"force_ready": "Forçar Pronto",
	"force_unready": "Forçar Não-Pronto",
	"XP_bust_help1": "Multiplique o XP Ganho Por",
	"XP_bust_help2": ", Habilitar para Cada Mapa Que Você Deseja Multiplicar",
	"pick_up_right_engine": "Pegar o Motor Correto",
	"pickup_files": "Pegar os Arquivos Corretos",
	"mind_civ_f3_1": "Controle da Mente",
	"int_team": "Interação Instantânea Para a Equipe",
	"auto_answer_phones": "Auto Atender Todos os Telefones",
	"no_lasers": "Os Lasers Não Ativam o Alarme",
	"inf_ammo_reload": "Munição Infinita com Recarregamento",

	"keyboard_health_and_ammo": "SAÚDE E MUNIÇÃO RESTAURADAS",
	"keyboard_locator_1": "[1/8] PACKAGE : ",
	"keyboard_locator_2": "[2/8] CARTÃO/PORTA DE SEGURANÇA",
	"keyboard_locator_3": "[3/8] ARMA/COCA",
	"keyboard_locator_4": "[4/8] TÁBUA/BROCA",
	"keyboard_locator_5": "[5/8] CAIXA/PÉ DE CABRA",
	"keyboard_locator_6": "[6/8] MISSÃO",
	"keyboard_locator_7": "[7/8] DINHEIRO",
	"keyboard_locator_8": "[8/8] TUDO",
	"keyboard_ammo": "MUNIÇÃO REABASTECIDA",
	"keyboard_reviveteam": "COMPANHEIRO(S) DE EQUIPE REVIVIDO(S)",

	"Rats_type_title": "Tipo",
	"Rats_type_desc": "Selecione o Tipo de Sugestão",
	"Rats_type_for_you": "Para Mim",
	"Rats_type_for_all": "Para Todos",

	"waypoints": "Waypoints",
	"waypoint_rat_desc": "Você Gostaria de Ativar os Waypoints do Ajudante de Metanfetamina",

	"support_sector": "Setor de Apoio",
	"update_title": "Como Atualizar o P3DHack",
	"wishes_title": "Seus Desejos",

	"Unlockers": "Desbloqueadores",
	"you_can_desc": "Você Pode Aumentar ou Diminuir",
	"Inf_Cam_Loops_and_Duration": "Duração e Loops da Câmera Infinitos",

	"First_column": "Primeira Coluna",
	"Second_column": "Segunda Coluna",
	"Third_column": "Terceira Coluna",

	"inf_cable": "Abraçadeiras Infinitas",

	"main_menu_f7_premium_text1": "TEMPO DE INTERAÇÃO (DIMINUI O TEMPO PARA",
	"main_menu_f7_premium_text2": " SEGUNDOS)",

	"InteractTimer_Value_title": "Valor do Temporizador",

	"NameSpoofer_title": "Nome Falso",
	"NameSpoofer_desc": "Defina Seu Novo Nome no Jogo. Defina Como Falso para Usar Seu Nome do Steam",

	"How_to_NameSpoofer_title": "Como Alterar o Nome de OVERKILL_Almir?",
	"How_to_NameSpoofer_desc": "Clique Aqui para Saber Como Alterar o Nome de OVERKILL_Almir",

	"secret_skills_and_perks_title": "Habilidades e Perks Secretas",
	"secret_skills_title": "Habilidades Secretas",
	"secret_skills_desc": "Todas as Habilidades, Mas a Habilidade Frenzy Não Dá Efeitos Negativos e Saúde Reduzida",
	"secret_perks_title": "Perks Secretas",

	"Activator_Functions_title": "Funções do Ativador",
	"Activator_Functions_desc": "Deve Ser Ativado",

	"fast_scroll_title": "Rolagem Rápida",
	"fast_scroll_desc": "Agora Você Pode Rolar Rapidamente Pelo Menu",

	"spoofs_title": "Falsificar Loot da Carta",
	"spoofs_desc": "Falsifica Sua Queda de Loot no Modo Multijogador para Sempre Ser Um Cofre Aleatório ou Uma Broca",

	"unbannable_skin_title": "Desbanir Skins Falsas",
	"unbannable_skin_desc": "Ele Não Vai Marcar Você Como Um Trapaceiro, Mesmo Ao Equipar Skins Lendárias",

	"skip_videos_title": "Pular Vídeos",
	"press_any_key_title": "Pressione Qualquer Tecla para Pular",

	"rss_options": "RSS Configurações",

	"gap_offsets_text": "POSIÇÃO",
	"gap_menus_text": "VISIBILIDADE",
	"gap_time_text": "ROTAÇÃO",
	"gap_news_text": "DADOS",

	"removeNewHeistsGui_title": "Remover o Banner do Menu Principal",
	"removeNewHeistsGui_desc": "Remover Comerciais do Menu Principal",
	"removeWallet_title": "Remover Carteira",
	"removeWallet_desc": "Remover Offshore e a Quantidade de Moedas do Lobby do Crime Spree",
	"show_main_title": "Menu Principal",
	"show_main_desc": "Mostrar RSS no Menu Principal",
	"show_pause_title": "Menu de Pausa",
	"show_pause_desc": "Mostrar RSS no Menu de Pausa",
	"show_lobby_title": "Lobby",
	"show_lobby_desc": "Mostrar RSS no Lobby",
	"show_spree_title": "Crime Spree Lobby",
	"show_spree_desc": "Mostrar RSS no Lobby do Crime Spree",

	"OFFSET_X_title": "Deslocamento por X",
	"OFFSET_X_desc": "Especifique o Deslocamento Horizontal do Feed de Notícias",

	"OFFSET_Y_title": "Deslocamento por Y",
	"OFFSET_Y_desc": "Especifique o Deslocamento Vertical do Feed de Notícias",

	"PRESENT_TIME_title": "Tempo Atual",
	"PRESENT_TIME_desc": "Quanto Tempo Leva para Cada Título Aparecer",

	"SUSTAIN_TIME_title": "Tempo de Sustentação",
	"SUSTAIN_TIME_desc": "Quanto Tempo Cada Título Permanece na Tela",

	"REMOVE_TIME_title": "Remover Tempo",
	"REMOVE_TIME_desc": "Quanto tempo demora cada título a desaparecer",

	"MAX_NEWS_title": "Máximo de Notícias para Carregar",
	"MAX_NEWS_desc": "Máximo de Notícias para Carregar a Partir de Cada Fonte",

	"MAX_NEWS_SHOW_title": "Máximo de Notícias para Mostrar",
	"MAX_NEWS_SHOW_desc": "Quantidade Total de Notícias. Cada Fonte Recebe Igual Quantidade",

	"MIX_title": "Máximo de Títulos",
	"MIX_desc": "Títulos Misturando. Se Desligado, Então os Títulos Serão Mostrados na Ordem das Fontes na Configuração",

	"the_end_burn": "Imagem Brilhante",
	"the_end_door": "Abra a Porta Secreta",

	"hints_1": "Nós Trabalhamos Duro para Tornar o P3DHack Melhor!",
	"buy_premium": "Veja o Premium",
	"premium_buy_title": "Comprar Premium",

	"Free_Crime_Spree_title": "Crime Spree Grátis",

	"unlock_all_tiers": "Desbloqueie Todas As Camadas",
	"set_killzone": "Tapa no Jogador",

	"reduce_damage_all": "Receba 50% de Dano",

	"hide_text_title": "Desativar Todo o Texto",
	"hide_text_desc": "Você Pode Desligar as Menções do P3DHack",

	"reboard": "Colocar Tábuas",
	"reboard_help": "Você Pode Usar Tábuas Infinitas nas Janelas",

	"mod_list_lite_title": "Lista de Mod Leve",
	"mod_list_lite_desc": "Corrige Um Problema Que o Jogo Congela Quando Você Visualizar a Lista de Mods BLT",

	"Delay_func_title": "Cozinhar Mais Rápido",

	"AimMode_desc": "Selecione o Tipo",
	"aim_type_1": "Apenas Disparo Automático",
	"aim_type_2": "Somente Aim",
	"aim_type_3": "Auto Aim e Disparo Automático",
	"RightClick_title": "Clique Direito",
	"RightClick_desc": "Apenas Deixe o Aimbot Disparar Se o Botão Direito do Mouse Estiver Pressionado",
	"AimbotInfAmmo_title": "Munição Infinita",
	"AimbotDamageMul_title": "Multiplicador de Dano",
	"MaxAimDist_title": "Distância Máxima do Aim",

	"SafeSimulatorMenu_function": "Simulador de Cofre",
	"ScamDetectionLevel_title": "Nível de Detecção",
	"ScamDetectionLevel_desc": "o Seu Risco de Detecção é 3",

	"vrmenu": "VR Menu",
	"I_Use_VR_title": "Compatibilidade VR",
	"I_Use_VR_desc": "Ative esta opção se você estiver usando VR",

	"ride_player": "Carregar nas Costas",
	"increase_ladder": "Aumente a Altura e a Largura da Escada",
	"WORLD": "MUNDO",
	"RIVALS": "RIVAIS",
	"only_for_you": "Só para você",

	"troll_remove_body": "Remover Corpo",
	"troll_remove_right_leg": "Remover Perna Direita",
	"troll_remove_left_leg": "Remover Perna Esquerda",
	"troll_remove_legs": "Remover Pernas",
	"troll_stop_it": "Pare Com Isso",
	"troll_cut_head": "Corte a Cabeça",
	"troll_hide_doors": "Ocultar Portas",
	"troll_show_doors": "Mostrar Portas",
	"troll_upgrade_cameras": "Atualizar Câmeras",

	"jerry1": "Voar",
	"jerry2": "Descida com Pára-Quedas",
	"carry": "Carry",
	"mask_off": "Máscara Desligada",
	"clean": "Limpar",
	"civilian": "Civil",
	"standard": "Padrão",

	"teleport_all_to_me": "Teleportar Todos para Mim",

	"troll_activate_triggers": "Ativar Gatilhos",
	"troll_enable_units": "Habilitar Unidades",
	"troll_disable_units": "Desabilitar Unidades",
	"troll_end_mission": "Finalizar Missão",

	"troll_world": "Trollar Mundo",

	"turret_spawn": "Spawnar Torreta",
	"turret_friendly": "Torreta Aliada",
	"turret_enemy": "Torreta Inimiga",

	"add_items_all_menu": "Lista completa",
	"del_items_all_menu": "Lista Completa",
	"del_items_menu": "Menu Deletar Itens do Inventário",

	"right_engine_menu": "Menu Motor Certo",
	"right_engine": "Mostrar Motor Certo",
	"spawn_right_engine": "Spawnar Motor Certo",

	"save_and_reload_title": "Salvar e Recarregar",
	"save_and_reload_desc": "Esta Função Irá Ajudá-lo a Aplicar Instantaneamente as Alterações no P3DHack Config",

	"P3DHack_Menu_title": "Menu P3DHack ",
	"P3DHack_Menu_desc": "Funcionalidade Rápida e Conveniente Em Um Só Lugar",

	"hud_function": "Funções do HUD",
	"hide_p3dhack_menu_desc": "Ocultar P3DHack no Menu Principal",
	"Hide_Functions": "Ocultar Funções",
	"hide_smoke_title": "Ocultar Fumaça",
	"hide_logo_title": "Ocultar Logo do Payday",
	"hide_pattern_title": "Ocultar Padrão",
	"hide_particles_title": "Ocultar Partículas",

	"Skip_Functions": "Ignorar Funções",
	"Skip_Press_title": "Para Ignorar Pressione Enter",

	"global_unavailable": "Indisponível",

	"helicopter": "Helicóptero Mod",
	"autoshoot": "Disparo Automático",
	"troll_activate_elements": "Ativar Elementos",
	"troll_open_doors": "Abrir Todas as Portas",
	"troll_close_doors": "Fechar Todas as Portas",
	"troll_open_vault": "Abrir Cofre",
	"troll_close_vault": "Fechar Cofre",
	"troll_remove_head": "Remover Cabeça de Inimigos",
	"troll_invisible_spooks": "Tornar Cloakers Invisíveis",
	"troll_launch_cars": "Lançar Carros dos Jogadores Para o Ar",
	"troll_close_van_doors": "Feche as Portas de Van",
	"troll_open_van_doors": "Abrir Portas Van",
	"rofl_drills": "Broca HueBr",

	"Speed_hack": "Hack de Velocidade",

	"melee_range": "Distância da Arma Corpo-a-Corpo Longa",
	"melee_charge": "Carregar Arma Corpo-a-Corpo Rápida",
	"melee_no_delay": "Arma Corpo-a-Corpo Rápida",

	"hider_title": "Ocultar Mods",
	"hider_type_title": "O Que Ocultar?",

	"Only_P3D": "Somente o P3DHack",
	"All": "Todos os Mods",

	"Crosshair_title": "Mira",

	"specific_weapons_unlocker_title": "Desbloqueador de Arma Específica",

	"NewMenu_function": "Cheats Automáticos",

	"Dodge_Chance_Buff_title": "Chance de Esquivar",

	"Dodge_Chance_Buff_Amount_title": "Quantidade Chance de Esquivar",
	"Dodge_Chance_Buff_Amount_desc": "0.1 = 10%, 1 = 100%",

	"Melee_Buff_title": "Buff de Dano Melee",
	"Melee_Buff_Amount_title": "Multiplicador de Quantidade",

	"Unlimited_BodyBags_title": "Sacos de Corpo Ilimitados",
	"Jump_Mask_Off_title": "Pular Sem Máscara",
	"Fast_Mask_title": "Máscara Rápida",
	"Infinite_Hostage_Follow_title": "Quantidade Infinita de Reféns Seguindo Você",
	"Interaction_CoolDown_title": "Interação Sem Tempo de Recarga",

	"Sixth_Sense_Reset_title": "6th Sense",
	"Sixth_Sense_Reset_desc": "Apenas Redefine Ao Se Mover",

	"Bag_CoolDown_title": "Saco Sem Tempo de Recarga",

	"Camera_Bag_Explosion_Multiplier_title": "Multiplicador de Efeito Da Câmera Durante a Explosão",
	"Camera_Bag_Explosion_Multiplier_desc": "Deseja Ativar o Efeito Da Câmera Durante a Explosão?",

	"Camera_Bag_Explosion_Multiplier_Amount_title": "Multiplicador de Quantidade",
	"Camera_Bag_Explosion_Multiplier_Amount_desc": "Padrão é 4",

	"Explosion_Buff_title": "Buffar de Dano em Todas Explosões",
	"Explosion_Buff_Amount_title": "Multiplicador de Quantidade",

	"Lowered_Headbob_title": "Reduzir Movimento da Cabeça",

	"Toggle_Interact_title": "Alternância de Interagir",
	"Toggle_Interact_desc": "Permite Interagir Sem Segurar a Tecla",

	"Grenade_Restrict_title": "Restringir Granadas em Furtividade",
	"Pager_Mod_title": "Aumentar a Quantidade de Pager",

	"Zipline_Drop_title": "Dropar Sacos Na Tirolesa",

	"Classic_Open_Door_title": "Opção Clássica de Abrir Todas as Portas",
	"Classic_Open_Door_desc": "Opção Clássica de Abrir Todas as Portas. Pode Não Funcionar em Todos os Lugares, Mas Limitada a Portas Específicas",

	"New_Open_Door_title": "Nova Opção de Abrir Todas as Portas",
	"New_Open_Door_desc": "Nova Opção de Abrir Todas as Portas. Abre Todos Portas Trancadas, Cofres, Caixas de Depósito Etc. No Qual a Opção Clássica Não Faz",

	"Anti_Cheat_Disable_title": "Desativar o Anti-Cheat",
	"Anti_Cheat_Disable_desc": "Permite-lhe Spawnar Sacos e Muito Mais",

	"Secure_BodyBags_title": "Sacos de Corpos Valem Dinheiro",
	"Secure_BodyBags_Loot_Value_title": "Valor do Dinheiro Quantidade",
	"Secure_BodyBags_Loot_Value_desc": "Quantidade de Dinheiro Que os Sacos de Corpos Valem",

	"No_Job_Heat_title": "Sem Penalidades de Contratos Repetidos",
	"Job_Heat_Amount_title": "Define o Valor do Bônus do Contrato",
	"Job_Heat_Amount_desc": "Padrão 1.15 = 15%",

	"XP_Multiplier_title": "Multiplicador de XP",
	"XP_Multiplier_Amount_title": "Quantidade do Multiplicador de XP",

	"othermenu_function": "Outros",

	"Rats_Message_title": "Ajudante de Metanfetamina",
	"Rats_Message_desc": "Exibir o Produto Químico Correto no Chat",

	"Delay_title": "Atraso Entre Ingredientes",
	"CookMeth_function": "Funções Cozimento de Metanfetamina",

	"troll_alarm": "Linha de Atendimento da Polícia",

	"alarm_crim": "Denunciar um Criminoso",
	"alarm_gun": "Denunciar Tiros Disparados",
	"alarm_exp": "Relatar Explosão",
	"alarm_mon": "Relate um MONSTRO!",

	"delete_units": "Excluir Todas as Unidades Sincronizadas do Mapa",
	"mute_ply": "Silencie-o.",
	"kick_all": "Chutar Todos",
	"crash_game": "Crashar o Jogo",

	"Bullet_Penetration_func": "Penetração de Balas com Todas Armas",
	"Bullet_Penetration_Shield_title": "Atire Através de Escudos",
	"Bullet_Penetration_Enemy_title": "Atire Através de Inimigos",
	"Bullet_Penetration_Wall_title": "Atire Através das Paredes",
	"Skip_End_Screen_title": "Permite Que Você Pule a Tela Final",

	"other_menus": "Outros Menus",

	"Bag_mod_toggle": "Bag Mod",
	"change_statistic": "Modificador de Estatística",

	"p3dtext_language_title": "Linguagem",
	"dlc_title": "Desbloqueador de DLC [Cheater Tag]",
	"skin_title": "Desbloqueador de Skin",
	"skin_armor_title": "Desbloqueador de Skin de Armadura",

	"noclip_title": "NoClip MOD",

	"rave_title": "Rave de Refém",
	"rave_desc": "Você Gostaria Que o Refém Corresse Rápido?",

	"antistop_title": "Anti-SlowMo",
	"antistop_desc": "Ative Se Você Não Quiser Uma TAG",

	"antistop_info_title": "Quem Fez Isso?",
	"antistop_info_desc": "Ative Se Você Quiser Saber Quem Tentou Atrasá-lo. O Spam é Possível",

	"slow_attention": "Atenção!",
	"slow_you": "Tentou Atrasá-lo Com Velocidade",

	"change_statistic_total_kills_title": "Número Total de Mortes",
	"change_statistic_specials_kills_title": "Número de Eliminações Especiais",
	"change_statistic_head_shots_Amount_title": "Número de Tiros na Cabeça",
	"change_statistic_accuracy_Amount_title": "Percentual de Precisão",
	"change_statistic_downs_Amount_title": "Número de Downs",

	"Language_text": "Idioma",
	"antistopthecheater_function": "Anti Stop The Cheater",
	"Main_function": "Funções Principais",
	"Free_function": "Compra Grátis",
	"locator_function": "Localizador",
	"Keyboard_Auto_Config": "Execução Automática das Key Binds",
	"Auto_func": "Ativado Automaticamente",
	"change_statistic_function": "Alterar estatística",

	"text_in_game_title": "Texto no Menu Principal",
	"text_in_game_desc": "Gostaria de Remover o Texto do Menu Principal?",

	"Favors_title": "Pontos de Planejamento",
	"Free_Assets_title": "Compra de Assets Grátis",
	"Free_Casino_title": "Compras Grátis no Cassino",
	"Free_Contracts_title": "Compras de Contrato Grátis",
	"Free_Masks_title": "Compras de Máscara Grátis",
	"Free_PrePlanning_title": "Compras Grátis de Pré-Planejamento",
	"Free_Slots_title": "Espaços de Armas e Máscaras Grátis",
	"Free_Weapons_title": "Compras de Armas Gratuitas",
	"Free_Weapon_Mods_title": "Compras Grátis de Mods de Armas",

	"Jumper_set_title": "Altura do Pulo",
	"No_FlashBang_title": "Sem Granada de Luz e Som",
	"No_Recoil_title": "Sem Recuo",
	"No_Spread_title": "Sem Espalhamento",
	"Infinite_Stamina_title": "Estâmina Infinita",
	"Dropin_Pause_Remove_title": "Sem Pause Quando Alguém se Junta a Partida",
	"Auto_Pick_Card_title": "Pegar Carta Automaticamente",

	"X_Ray_title": "Visão Raio-X",
	"X_Ray_desc": "Padrão é X",

	"Full_Replenish_title": "Reabastecer Tudo",
	"Full_Replenish_desc": "Padrão é Z",

	"Ammo_Replenish_title": "Reabastecimento de Munição",
	"Ammo_Replenish_desc": "Padrão é C",

	"Vehicle_Spawn_title": "Spawnar Veículo",
	"Vehicle_Spawn_desc": "Padrão é V",

	"Grenade_Spawn_title": "Spawnar Granada",
	"Grenade_Spawn_desc": "Padrão é B",

	"Grenade_Spawn_Type_title": "Tipo de Spawn de Granadas",
	"Grenade_Spawn_Type_desc": "Definir Tipo de Granada",

	"Hud_Toggle_title": "Desativar HUD",
	"Hud_Toggle_desc": "Padrão é F10",

	"Gage_Package_title": "Spawnar Gage Packages",
	"Gage_Package_desc": "Padrão é \\",

	"Restart_Job_title": "Reinicie Contrato",
	"Restart_Job": "Padrão é Num /",

	"Ultimate_Kill_title": "Matar Todos",
	"Ultimate_Kill_desc": "Padrão é Num *",

	"Auto_Drill_Service_desc": "Automaticamente Repara a Broca Em Caso de Dano",
	"Carry_Mod_desc": "Remove o Peso de todos Sacos e a Propriedade Explosiva do Saco de Munição",

	"Interact_Distance_Amount_title": "Quantidade Distância de Interação",
	"Instant_Interact_With_Anything_desc": "Por Exemplo, Colocar Tábuas Em Janelas ou Adicionar Ingredientes para Cook OFF",

	"Weapon_Damage_Multiplier_Amount_title": "Quantidade do Multiplicador",
	"Weapon_Fire_Rate_Multiplier_title": "Buff da Taxa de Disparo",

	"waypoints_showDistance": "Mostrar Distância",
	"waypoints_showDistance_desc": "Mostra a Distância Até o Waypoint",
	"waypoints_showGagePickups": "Mostrar Gage Packages",
	"waypoints_showGagePickups_desc": "Mostra os Cage Packages Que Podem Ser Coletados.",
	"waypoints_showPlanks": "Mostrar Tábuas",
	"waypoints_showPlanks_desc": "Mostrar Tábuas no Mapa.",
	"waypoints_showSmallLoot": "Mostrar Loot Pequeno",
	"waypoints_showSmallLoot_desc": "Mostra Pegáveis, Como Dinheiro Solto ou Jóias.",
	"waypoints_showCrates": "Mostrar Caixas",
	"waypoints_showCrates_desc": "Mostra Caixas Abertas, Como as do Election Day.",
	"waypoints_showDoors": "Mostrar Portas",
	"waypoints_showDoors_desc": "Mostra Um Símbolo de Cadeado nas Portas Que Necessitam de Um Cartão de Acesso ou ECM Para Abrir.",
	"waypoints_showCameraComputers": "Mostrar Computadores da Câmera",
	"waypoints_showCameraComputers_desc": "Mostra Onde Estão os Computadores Para Ver as Câmeras",
	"waypoints_showDrills": "Mostrar Locais de Perfuração",
	"waypoints_showDrills_desc": "Mostra Onde Você Pode Colocar Uma Broca Pequena.",
	"waypoints_showThermite": "Mostrar Termite",
	"waypoints_showThermite_desc": "Mostra Locais de Coleta de Termite e Onde Usá-la.",
	"waypoints_showSewerManhole": "Mostrar Tampas de Esgoto",
	"waypoints_showSewerManhole_desc": "Mostra Onde as Tampas de Esgoto Estão.",
	"waypoints_showHUDMessages": "Mostrar Mensagens do HUD",
	"waypoints_showHUDMessages_desc": "Exibe Várias Informações na Seu HUD Sobre os Waypoints.",
	"waypoints_makeNoise": "Fazer Barulho",
	"waypoints_makeNoise_desc": "Faz Um Barulho Quando o Script é Executado.",
	"waypoints_iterativeToggle": "Alternância Iterativa",
	"waypoints_iterativeToggle_desc": "On Toda Vez Que Você Executar o Script, Ele Encontrará o Próximo Waypoint Disponível Para Ser Exibido. Off Irá Mostrar Todos os Waypoints de Uma Só Vez.",
	"waypoints_sheaterNewb": "O que Restou",
	"waypoints_sheaterNewb_desc": "Habilitando Isso Vai Mostrar Um Monte de Coisas Para Outras Pessoas, Como os Pés-cabra e as Máquinas de Votação.",

	"main_menu_p3dhack": "Menu Principal",
	"main_menu_help_p3dhack": "Abre o Menu Principal",
	"previous_menu_p3dhack": "Menu Anterior",
	"previous_menu_help_p3dhack": "Abre o Menu Anteriormente Aberto",
	"next_menu_p3dhack": "Próxima Página",
	"next_menu_help_p3dhack": "Abre a Próxima Página do Menu Atual",
	"prew_menu_p3dhack": "Página Anterior",
	"prew_menu_help_p3dhack": "Abre a Página Anterior do Menu Aberto",
	"close_menu_p3dhack": "Fechar Menu",
	"close_menu_help_p3dhack": "Fecha o Menu",

	"global_host": "APENAS HOST",
	"global_host_": "Não Disponível (Apenas Host) ",
	"global_on": "Ativado",
	"global_off": "Desativado",
	"global_p3dhack": "P3DHack",
	"global_premium": "APENAS Premium",

	"mouse_teleport": "Teleportado",

	"num_jump": "Pulo Alto",
	"num_kill": "Todos Mortos.",
	"num_pg_answer": "PAGERS RESPONDIDOS",

	"main_menu_f1": "Menu do Jogador",
	"fast_f1": "ALTERNÂNCIA RÁPIDA DO JOGADOR",
	"godmode": "Modo Deus",
	"godmode_help": "Torne-se Invencível",
	"friendfire": "Fogo-Amigo",
	"friendfire_help": "Ativar Fogo-Amigo",
	"modif_f1": "JOGADOR ALTERNÂNCIA",
	"drillservice": "Serviço da Broca Automática",
	"drillservice_help": "Consertar Broca(s) Quebrada Automaticamente",
	"carrymod": "Carry Mod",
	"carrymod_help": "Remove o Peso de todos Sacos e a Propriedade Explosiva do Saco de Munição",
	"carrycross": "Carry Crosshair Mod",
	"carrycross_help": "Lança o que Você Está Carregando Onde Mira. Ative Isso Primeiro se Quiser Usar com CarryStacker",
	"spooccuffselfon": "Cloakers Algema Jogador",
	"spooccuffselfon_help": "Cloakers Só Vão Algemá-lo Em Vez de Derrubar Você",
	"infammobag": "Usos Infinitos do Saco de Munição",
	"infammobag_full_": "Usos Infinitos do Saco de Munição",
	"InfiniteSpecial_": "Especiais Infinitos",
	"InfiniteSpecial_help": "Especiais Infinitos, Como Abraçadeira, Tábuas, Etc.",
	"inf_converts": "Converter Infinito",
	"carrystack": "Carry Stacker",
	"carrystack_help": "Você Será Marcado Como Cheater, Caso Não Seja o Host",
	"carrylimit": "Carry Stacker Peso Limite",
	"carrylimit_help": "Modificador de Peso para CarryStacker. Pode Carregar Mais Sacos, Porém Ficará Mais Pesado",
	"infdocbag": "Usos Infinitos Saco Médico",
	"infdocbag_full": "Usos Infinitos Saco Médico",
	"inf_ecm": "Bateria ECM Infinita",
	"infmessiah": "Messiah Charges Infinito",
	"inf_pager_answers": "Resposta de Pager Infinita",
	"instantdom": "Dominação Instantânea",
	"instantdrill": "Broca/Computador Instantâneos ",
	"instantdrill_help": "Pode ser Ativado após a Broca(s) ser Colocada ou o Computador Ativado",
	"intdist": "Aumentar Distância de Interação",
	"instantinteract": "Interagir Instantaneamente",
	"instantinteract_help": "Inclui Respostas de Pager Instantâneos",
	"interactanyhting": "Interagir com Qualquer Coisa",
	"interactwall": "Interagir Através da Parede",
	"nohitdis": "Sem Desorientação de Acerto",
	"smlootmulti": "Multiplicador de Loot Pequeno",
	"smlootmulti_help": "Multiplicado por 3x, Loot Limitado a $2,800,000",
	"ZiplineBag": "Transporte na Tirolesa",
	"ZiplineBag_help": "Permite que Você Transporte Sacos em Todas Tirolesas",

	"infsentry": "Sentinela Munição Infinita",
	"godsentry": "Sentinela Modo Deus",
	"BulletExplode": "Munição Explosiva",
	"BulletFire": "Munição Incendiária",
	"damagebuff": "Buffar Dano",
	"fireratebuff": "Taxa de Disparo Maluca",
	"infammo": "Munição Infinita",

	"main_menu_f3": "Menu Furtividade",
	"mind_enemies_menu": "Controle da Mente do Inimigo",
	"mind_civs_menu": "Controle da Mente dos Civis",
	"pigsfly": "Porquinhos Voadores",
	"copsquit": "Policiais Se Rendendo",
	"drunkpigs": "Porcos Bêbedos",
	"civdance": "Marionetes Dançantes",
	"civsmoke": "Fumar Causa Câncer",
	"civcower": "Cobrindo Ovelhas",
	"phonycivs": "Falsos Jovens Profissionais",
	"main_menu_f3_1": "ALTERNÂNCIA E OPÇÕES",
	"cops_dont_shoot": "Policiais Não Atiram",
	"cops_dont_shoot_help": "Policiais Não Vão Atirar em Você",
	"disable_cams": "Desativar Câmeras",
	"disable_pagers": "Desativar Pagers",
	"free_kill": "Morte de Civis Sem Perda de Dinheiro",
	"pagedom": "Nenhum Pager Quando Dominado",
	"pagedom_help": "Se usar Dominação Instantânea isso Deve ser Ativado Primeiro para Ambos Funcionarem",
	"prevent_panic_buttons": "Sem Botão de Pânico/Queima da Inteligência",
	"people_dont_call_police": "As Pessoas não Chamam a Polícia",
	"lobai": "Lobotimizar IA",
	"randompage": "Pagers Aleatórios",
	"randompage_help": "Habilita Pagers Randomizados",
	"steal_pagers_on_melee": "Sem Pagers Corpo-a-Corpo",
	"steal_pagers_on_melee_help": "Desabilita o Pager Quando Você Mata um Gaurda Corpo-a-Corpo",
	"convertall": "Converter Todos os Inimigos",
	"convertall_full": "Todos os Inimigos Convertidos",
	"remote_camera": "Acesso Remoto da Câmera",

	"main_menu_f4": "Menu Manipulador de Missão",
	"bettyboom": "Betty Boom Mod",
	"bettyboom_full": "IA Explodindo",
	"bettyboom_help": "Explode IA Após a Morte",
	"dirtymoney": "Dropar Dinheiro Sujo",
	"dirtymoney_help": "Dropar 2 Bags de Ouro Quando um IA Morre",
	"autocook": "Rats Auto Cozinhar ",
	"autocook_full": "AUTO-COZINHAR",
	"autocook_help": "Automatiza Cozinhar Em Rats Day 1 E Cook Off, Deve Ter Produtos Químicos Para Continuar A Cozinhar",
	"m_info": "OPÇÕES",
	"civil": "Alerta Civis",
	"civil_help": "Intimidar Todos os Civis, Pressione Várias Vezes Para Deita-los no Chão",
	"instaboardst": "Colocar Tábuas em Todas Janelas",
	"instaboardst_help": "Colocar Tábuas em Todas Janelas Disponíveis",
	"cutglass": "Cortas Todos Vidros",
	"heistintel": "Dropar Inteligência Train Heist",
	"heistintel_help": "Só pode Dropar em Roubos de Transporte",
	"heistintel_only": "Apenas Missões de Transporte",
	"getpatht": "Obter o Item para Continuar a Missão",
	"getpatht_help": "Deve Ativar o CarryStacker, Pegue Todos os Itens Necessários para Continuar a Missão",
	"grabcourier": "Pegar Todos Gage Packages",
	"grabcourier_help": "Pegar Todos Gage Packages Disponíveis",
	"grabgear": "Pegar Engrenagem",
	"grabgear_help": "Pressione Duas Vezes para Pegar a Engrenagem",
	"grabgear_only": "Apenas Golden Grin Casino",
	"anticheat_info": "ANTI-CHEAT ALTERNÂNCIA",
	"anticheat": "Desativar Anti-Cheat",
	"anticheat_help": "Habilitar ou Desabilitar Anti-Cheats para Host e Cliente",
	"InstantHackAll": "Hackear Todos Elétricos",
	"InstantHackAll_help": "Hackear Computadores, Teclados, Telefones Ou Caixas Elétricas",
	"GrabDiamond": "Pegar Diamante Instantaneamente",
	"GrabDiamond_help": "Pressione duas vezes para pegar o diamante",
	"GrabDiamond_only": "Somente The Diamond",
	"instanthackmachines": "Hackear e Abrir Urnas Eletrônicas Instantaneamente",
	"instanthackmachines_only": "Apenas Election Day Warehouse",
	"opencrate": "Abrir Todas as Caixas",
	"opencrate_help": "Você Pode Fechar as Caixas Disponíveis Também",
	"bankbuster": "Abrir Todas as Caixas de Depósito",
	"picklockst": "Abra Todas as Portas e Janelas",
	"picklockst_help": "Isto Não Abre Portas de Segurança",
	"picklockst1": "Abrir Todas as Fechaduras",
	"picklockst1_help": "Abre Todas as Fechaduras Incluindo Caixas de Depósito, Isso Não Abre Portas de Segurança",
	"c4open": "Abra Todas as Portas e Cofres Com C4",
	"jobwin_jobloss": "OPÇÕES DE VITÓRIA/DERROTA",
	"jobloss": "Derrota Instantânea",
	"jobwin": "Vitória Instantânea",
	"ecmopen": "Abrir Todas as Portas ECM",
	"usekeycardt": "Abrir Todas Portas Com Cartão de Acesso",
	"usekeycardt_help": "Abra Qualquer Porta Que Usa Cartão de Acesso, Incluindo Salas de Segurança",
	"xmaspresent": "Abrir Todos Presentes",
	"xmasflare": "Colocar/Incendiar Flare",
	"DrillAll": "Iniciar/Reiniciar Broca(s)",
	"DrillAll_help": "Iniciar ou Reiniciar Qualquer Broca Disponível",
	"takeintel": "Pegar Todas Inteligências",
	"takeintel_help": "Clique Duas Vezes para Inteligências Em Confres",
	"instanttie": "Amarrar Todos Civis",
	"instanttie_help": "Deve Alertar Todos os Civis Antes de Ativar",
	"heistintel_info": "Train Heist Inteligência Dropada",
	"civilsdown_info": "Todos os Civis Ficam com Medo",
	"c4open_info": "Todas as Portas Explodidas Com C4",
	"grabgear_info": "Engrenagem Pega",
	"xmasflare_info": "Flare Colocada/Incendiada",
	"xmaspresent_info": "Todos Presentes Abertos",
	"ecmopen_info": "Todas as Portas de Segurança Abertas Com ECM",
	"getpatht_info": "Itens da Missão Adquiridos",
	"grabcourier_info": "Todos Gage Packages Pegos",
	"takeintel_info": "Todas Inteligências Foram Seguradas",
	"takeintel1_info": "INTELIGÊNCIA",
	"InstantHackAll_info": "Todas as Caixas Elétricas/Circuitos Hackeadas e Abertas",
	"cutglass_info": "Todos Vidros Cortados",
	"instanthackmachines_info": "Todas Urnas Eletrônicas Hackeadas e Abertas",
	"instanttie_info": "Todos os Civis Amarrados",
	"usekeycardt_info": "Portas Abertas Com Cartão de Acesso",
	"opencrate_info": "Todas Caixas Abertas",
	"GrabDiamond_info": "Diamante Adquirido",
	"picklockst_info": "Todas as Janelas e Portas Abertas",
	"picklockst1_info": "Todas Fechaduras Abertas",
	"bankbuster_info": "Todas as Caixas de Depósitos Abertas",
	"DrillAll_info": "Broca(s) Colocada/Reiniciada",
	"instaboardst_info": "Tábuas Colocadas em Todas Janelas",

	"main_menu_f5": "Menu Inventário",
	"main_menu_f5_text1": "Menu Adicionar Itens - Selecionar Item",
	"main_menu_f5_text2": "Menu Sacos de Loot - Selecione a Saco",
	"main_menu_f5_text3": "Menu Saco de Equipamento - Selecione o Saco",
	"main_menu_f5_text4": "Menu Motor Big Oil - Selecionar Motor",
	"add_items_menu": "Menu Adicionar Itens ao Inventário",
	"fugas_f5": "MUNIÇÃO EXPLOSIVA",
	"spawn_f5": "MENU SPAWN DE SACOS",
	"engine_menu": "Menu Motor Big Oil",
	"equipment_menu_f5": "Menu Saco de Equipamento",
	"loot_menu_f5": "Menu Saco de Loot",
	"main_menu_f5_text5": "SPAWN OPÇÕES",
	"main_menu_f5_text6": "Dar Saco Para Si Mesmo",
	"main_menu_f5_text7": "Chover Sacos",
	"main_menu_f5_text7_help": "Não Spawnar, Causará Crash",
	"main_menu_f5_text8": "Spawnar na Mira",
	"main_menu_f5_text12": "SACOS OPÇÕES",
	"main_menu_f5_text9": "Ensacar Todos Corpos",
	"main_menu_f5_text9_help": "Apenas Sacos de Corpo",
	"main_menu_f5_text10": "Cartuchos Explosivos",
	"main_menu_f5_text10_help": "Faça Sacos de Cartucho Explosivos Novamente",
	"main_menu_f5_text11": "Pegar Todos Sacos",
	"main_menu_f5_text11_help": "CarryStacker Deve ser Ativado ou os Sacos Serão Excluído",
	"main_f5_text": "ITENS GERAIS",
	"cable_tie": "Abraçadeira",
	"organs": "Órgãos",
	"add_items_menu_f5": "RATS/HOTLINE MIAMI QUÍMICOS",
	"add_items_menu_f5_": "HOTLINE MIAMI CÓDIGOS DE BARRA",
	"add_items_menu_f5__": "HOXTON BREAKOUT ITENS",
	"add_items_menu_f5___": "GOLDEN GRIN CASINO ITENS",

	"main_menu_f6": "Menu Dinheiro",
	"main_menu_f6_text1": "Super Loot Giver 69000",
	"main_menu_f6_text2": "MENU/OPÇÕES SEGURAS",
	"takeloot": "Pegar Todo Loot",
	"takeloot_help": "Deve Ativar CarryStacker. Se For White Xmas Pressionar Duas Vezes",
	"InteractType": "Pegar Todo Loot Pequeno",
	"OpenAtm": "Abrir Todos os Caixas Eletrônicos e Pegar o Conteúdo",
	"OpenAllLoot": "Abrir Todos os Caixas Eletrônicos, Cofres, Gavetas de Dinheiro",
	"main_menu_f6_text3": "Menu de Loot Seguro",
	"securesmloot": "Loot Pequeno Seguro",
	"main_menu_f6_text4": "Todo Loot Ensacado",
	"main_menu_f6_text5": "Loot Pequeno Seguro",

	"main_menu_f7": "Menu Tempo de Interação",
	"main_menu_f7_text1": "TEMPO DE INTERAÇÃO (DIMINUI O TEMPO EM 3 SEGUNDOS)",
	"InteractDrillJam": "Broca Upgrade/Consertar",
	"InteractECMJam": "ECM Open",
	"InteractPager": "Resposta Pager",
	"InteractPickLock": "PickLock",
	"InteractRevive": "Reviver Jogador",

	"main_menu_f8": "Troll Menu",
	"main_menu_f8_text1": "Trollar Outros Jogadores - Selecione a Opção",
	"main_menu_f8_text2": "Trollar Si Mesmo - Selecionar a Opção",
	"main_menu_f8_player": "Troll ",
	"main_menu_f8_text3": "MENU TROLLAR JOGADOR",
	"main_menu_f8_text4": "Mexer com Outros Jogadores",
	"main_menu_f8_text5": "OPÇÕES DE TROLL DA EQUIPE",
	"syncbleedall": "Sangrar Todos os Players",
	"synccuffall": "Algemar Todos os Players",
	"syncincaall": "Incapacitar Todos os Jogadores",
	"synctaseall": "Choque em Todos Players",
	"main_menu_f8_text6": "TROLLAR JOGADORES ESPECÍFICOS",
	"main_menu_f8_text7": "Outros",
	"releaseteam": "Liberte Todos os Companheiros de Equipe da Prisão",
	"sendalltojail_team": "Jogue Todos os Companheiros de Equipe na Cadeia",
	"main_menu_f8_text8": "Mexer Com Si Mesmo",
	"main_menu_f8_text9": "OPÇÕES DE AUTO-ESTADO",
	"stateblood": "Sangrando",
	"statecuffs": "Algemado",
	"stateinca_me": "Incapacitado",
	"stateinca": "Incapacitar",
	"statetased": "Levar Choque",
	"releaseme": "Liberte-me da Prisão",
	"lockmeup": "Jogue-me na Cadeia",
	"main_menu_f8_text11": "OPÇÕES DO ESTADO DO JOGADOR",
	"main_menu_f8_text12": "OPÇÕES DE CADEIA/TELEPORTE",
	"syncreleaseply2": "Libertar da Prisão",
	"sendalltojail": "Jogue na Cadeia",
	"teleporttoply": "Teleportar Para o Jogador",
	"syncforceengine": "Forçar Carregar o Motor",
	"main_menu_f8_text13": "OPÇÕES",
	"depositfill": "Preencha Caixas de Depósito",
	"depositfill_help": "PREENCHA CAIXAS DE DEPÓSITO COM OURO E DINHEIRO, NÃO FUNCIONA COM TODOS OS MAPAS",
	"openvault": "Abrir Porta do Cofre",
	"openvault_help": "ABRIR A PORTA DO COFRE, NÃO FUNCIONA COM TODOS OS COFRES E PODE TER EFEITOS COLATERAIS",
	"overdrill": "Ativar a Porta do Cofre de Sobrecarga (Overdrill)",
	"overdrill_help": "ATIVAR A PORTA DO COFRE DE SOBRECARGA (OVERDRILL)",
	"main_menu_f8_text14": "Porta do Cofre Aberta",
	"main_menu_f8_text15": "Caixas de Depósito Preenchidas",
	"main_menu_f8_text16": "Permanecer",
	"I_am_best": "Alterar Estatísticas",
	"cops_to_bulld": "Policiais Mortos se Transformam em Bulldozers",
	"replace_cops": "Substitua Todos os Policiais por Bulldozers",
	"tm_gm": "Ativar Modo Deus Para Sua Equipe",
	"invisible_player": "Invisibilidade",

	"main_menu_f10": "Menu Pré-Jogo",
	"infamy_level_menu": "Menu Infâmia",
	"infamy_points_menu": "Menu Infâmia",
	"inventory_menu": "Menu Inventário",
	"clear_inventory_menu": "Menu Limpar o Inventário",
	"add_inventory_menu": "Menu Adicionar ao Inventário",
	"level_menu": "Menu Nível",
	"money_menu": "Menu Dinheiro",
	"skill_menu": "Menu Habilidades",
	"perk_menu": "Menu Perk",
	"add_achieve_menu": " Menu Adicionar Conquista",
	"rem_achieve_menu": "Menu Remover Conquistas",
	"continental_coins_menu": "Moedas Continental",
	"main_menu_f10_text1": "MENUS",
	"main_menu_f10_text4": "OPÇÕES DE NÍVEL DE INFÂMIA",
	"main_menu_f10_text5": "Menu Pontos da Infâmia",
	"main_menu_f10_text8": "OPÇÕES DE PONTOS DE INFÂMIA",
	"main_menu_f10_text9": "Menu Inventário",
	"un1": "Opções de Desbloqueio",
	"un2": "Desbloqueie Todos os Itens",
	"un3": "Desbloqueie Todos os Espaços",
	"un4": "Desbloquear Cores",
	"un5": "Desbloquear Máscaras",
	"un6": "Desbloquear Materiais",
	"un7": "Desbloquear Texturas",
	"un8": "Desbloquear Armas",
	"un9": "Desbloquear Troféus",
	"un10": "Outros",
	"un11": "Remover Exclamação de Novos Itens",
	"un12": "Opções de Desbloqueio (Dlc)",
	"un13": "Desbloquear Mods de Armas",
	"del1": "DELETAR ESPAÇOS INDIVIDUAIS",
	"del2": "Excluir Todos os Espaços de Máscaras",
	"del3": "Excluir Todos os Espaços de Armas Primárias",
	"del4": "Excluir Todos os Espaços de Armas Secundárias",
	"del5": "EXCLUIR OU BLOQUEAR TODOS OS ESPAÇOS E ITENS",
	"del6": "Excluir Todos os Itens",
	"del7": "Excluir Todos os Espaços",
	"del8": "Bloquear Todos os Itens",
	"del9": "EXCLUIR ITENS INDIVIDUAIS",
	"del10": "Excluir Todas as Cores",
	"del11": "Excluir Todas as Máscaras",
	"del12": "Excluir Todos os Materiais",
	"del13": "Excluir Todos os Padrões",
	"del14": "Excluir Todos os Mods de Arma",
	"add_item1": "ADICIONAR 1 DE CADA ITEM",
	"add_item2": "Adicionar 1 de Todas as Cores",
	"add_item3": "Adicionar 1 de Tudo",
	"add_item4": "Adicionar 1 de Todas as Máscaras",
	"add_item5": "Adicionar 1 de Todos os Materiais",
	"add_item6": "Adicionar 1 de Todos os Padrões",
	"add_item7": "Adicionar 1 de Todos os Mods de Armas",
	"add_item8": "ADICIONAR 5 DE CADA ITEM",
	"add_item9": "Adicionar 5 de Todas as Cores",
	"add_item10": "Adicionar 5 de Tudo",
	"add_item11": "Adicionar 5 de Todas as Máscaras",
	"add_item12": "Adicionar 5 de Todos os Materiais",
	"add_item13": "Adicionar 5 de Todos os Padrões",
	"add_item14": "Adicionar 5 de Todos os Mods de Armas",
	"add_money": "Dinheiro",
	"add_money1": "OPÇÃO DE REDEFINIÇÃO DO DINHEIRO",
	"add_money2": "Redefinir Dinheiro",
	"add_money3": "ADICIONAR DINHEIRO",
	"add_money4": "Adicionar 1 Milhão de Dinheiro + 4 Milhões Offshore",
	"add_money5": "Adicionar 10 Milhões de Dinheiro + 40 Milhões Offshore",
	"add_money6": "Adicionar 100 Milhões de Dinheiro + 400 Milhões Offshore",
	"add_money7": "Adicionar 1 Bilhão de Dinheiro + 4 Bilhões Offshore",
	"add_money8": "Adicionar 1 Milhão de Dinheiro",
	"add_money9": "Adicionar 10 Milhões de Dinheiro",
	"add_money10": "Adicionar 100 Milhões de Dinheiro",
	"add_money11": "Adicionar 1 Bilhão de Dinheiro",
	"add_skill1": "HABILIDADES",
	"add_skill4": "OPÇÕES DE PONTOS DE HABILIDADE",
	"add_perk": "OPÇÕES DE PERK",
	"add_perk1": "REDEFINIR PONTOS DE PERK",
	"add_perk2": "Desbloquear Todas Perks",
	"add_perk3": "OPÇÕES DE PONTOS DE PERK",
	"add_continental": "Adicionar 1 Moeda",
	"add_achievement": "OPÇÕES DE CONQUISTA",
	"add_achievement2": "Adicionar Conquista Individual",
	"add_achievement3": "Remover Conquista Individual",
	"add_achievement4": "Bloquear Todas Conquistas",
	"add_achievement5": "Liberar Todas Conquistas",
	"ai_menu3": "Cloaker Derruba somente IA",
	"text_f10_1": "Menu Trabalho",
	"text_f10_4": "OPÇÕES DE PRÉ-JOGO",
	"dontwait": "Forcar Início",
	"dontwait_help": "Forçar o Início do Jogo, Evite Esperar",
	"getemall": "Desbloquear Todos os Assets",
	"text_f10_5": "OPÇÕES EM JOGO",
	"text_f10_12": "Segurar Sacos de Corpo por Dinheiro",
	"text_f10_13": "Alternar interação",
	"text_f10_3с_1": "Restrição de Granadas",
	"text_f10_3с_1_help": "Restringir Granadas Enquanto Estiver Furtivo",
	"text_f10_3с_2": "Sem Temporizador Para Fuga",
	"text_f10_3с_6": "Pager Mod",
	"text_f10_3с_6_help": "Aumenta a Quantidade de Pager",
	"text_f10_3с_10": "Multiplicador de XP",
	"text_f10_3с_10_help": "Multiplicar XP Ganho por 2x, Ativar Para Cada Mapa Que Você Deseja Multiplicar",
	"text_f10_3с_11": "HUD ATIVADA",

	"main_menu_num": "Menu Spawn",
	"spawn_menu": "Spawnar Inimigos/Aliados",
	"spawn_on_self_unt": "Spawnar Unidades",
	"spawn_on_self_spec_unt": "Spawnar Unidades Especiais",
	"spawn_on_self_gensec_unt": "Spawnar Unidades Elite Gensec",
	"spawn_on_self_unt_frnd": "Spawnar Aliados",
	"spawn_on_self_spec_unt_frnd": "Spawnar Aliados Especiais",
	"spawn_on_self_gensec_unt_frnd": "Spawnar Aliados Elite Gensec",
	"spawn_frnd": "Spawnar Civil",
	"spawn_band": "Spawnar Bandidos",
	"spawn_equipment": "Spawnar Equipamentos na Mira",
	"spawn_lootmode": "Spawn Loot / Objetos / Veículos, na Mira",
	"spawn_menu_1_1": "Inimigos e Aliados",
	"spawn_menu_1_2": "Só quando possível",
	"spawn_menu_bandit": "Bandido",
	"FR_1": "Civil",
	"FRFR1": "Elite GENSEC",
	"FRFR4": "LMG Bulldozer",
	"FRP1": "Shield",
	"FRP3": "Cloaker",
	"FRP4": "Sniper",
	"FRP6": "Taser",
	"FRP7": "Bulldozer",
	"FR0": "Policial",
	"FR4": "Forças Especiais",
	"FR6": "Forças Especiais blindadas",
	"FR7": "FBI",
	"FR9": "FBI Blindados",
	"FR10": "Segurança"
}