{
	"antistop_back" : "Вернуть эффект",
	"antistop_back_desc" : "Верните эффект своему неприятелю",
	"Mission_triggers" : "Триггеры миссии",
	"Trolling_triggers" : "Троллинг Триггеры",
	"Spawn_triggers" : "Спавн Триггеры",
	"Experimental_triggers" : "Экспериментальные триггеры",
	"AiGlobalEvent" : "Глобальное событие",
	"AreaTrigger" : "Триггер области",
	"LaserTrigger" : "Триггер на лазер",
	"MissionFilter" : "Фильтр миссии",
	"WhisperState" : "Шепот государства",
	"SpecialObjective" : "Особая цель",
	"SpecialObjectiveTrigger" : "Триггер на особую цель",
	"PlayerSpawner" : "Спавн игрока",
	"PointOfNoReturn" : "Триггер на точку невозврата",
	"SpawnGrenade" : "Спавн гранат",
	"SpawnCivilianGroup" : "Спавн группы гражданских",
	"SpawnCivilian" : "Спавн гражданских",
	"Filter" : "Фильтр",
	"EnemyDummyTrigger" : "Триггер на вражеский манекен",
	"AssetTrigger" : "Триггер на активы",
	"PrePlanning" : "Триггер на планирование",
	"SpawnDeployable" : "Спавн снаряжения",
	"TeammateComment" : "Комментарий товарища по команде",
	"Dialogue" : "Диалог",

	"menu_f11_main_menu" : "Меню помощи",
	"menu_f11_cheater_tag_menu_text" : "Все о тег ЧИТЕР",
	"menu_f11_cheater_tag_menu_text1" : "Тег ЧИТЕР",
	"menu_f11_cheater_tag_menu_text2" : "Вы не получите тег ЧИТЕР",
	"menu_f11_cheater_tag_menu_DLC" : "DLC Unlocker",
	"menu_f11_cheater_tag_menu_DLC_1" : "Использование предметов из не купленного DLC",
	"menu_f11_cheater_tag_menu_DLC_2" : "Модификации для маски",
	"menu_f11_cheater_tag_menu_DLC_3" : "Модификации для оружия",
	"menu_f11_cheater_teg_menu_Skin_1" : "Это только из-за огромного удобства, когда модицфикации для оружия помечены как недоступные",
	"menu_f11_cheater_teg_menu_levle_1" : "Получение дурной репутации без единого ограбления",
	"menu_f11_cheater_teg_menu_levle_2" : "Получение дурной репутации  без получения 100-го уровня",
	"menu_f11_cheater_teg_menu_levle_3" : "Пропуск дурной репутации, например, с 1 на 3",
	"heist_menu" : "Об ограблении",
	"menu_f11_cheater_teg_menu_heist_1" : "Использование предметов из не купленного DLC",
	"menu_f11_cheater_teg_menu_heist_2" : "Спавн любого снаряжения, отличающегося от последнего снаряжения, которое вы заспавнили",
	"menu_f11_cheater_teg_menu_heist_3" : "Бросить больше допустимого количества гранат",
	"menu_f11_cheater_teg_menu_heist_4" : "Если подобрать гранаты из кейса с гранатами, то лимит будет увеличен",
	"menu_f11_cheater_teg_menu_heist_5" : "Спавн больше разрешенного количества снаряжения",
	"keybinds_in" : "Горячие клавиши в ",
	"main_menu" : "Главном меню",
	"ingame_menu" : "Ограблении",
	"keyboard_keybinds" : "Горячие клавиши на Клавиатуре",
	"teg_del" : "Как удалить тег ЧИТЕР",
	"teg_del_1" : "Выключите Dlc Unlocker",
	"teg_del_2" : "Выключите Skin Unlocker",
	"teg_del_3" : "Перезапустите игру и попробуйте присоединиться",
	"teg_del_4" : "Это основные причины",
	"teg_del_5" : "Проблема остается нерешенной",
	"teg_del_6_prem" : "Я рекомендую связаться с нами",
	"teg_del_7" : "Используя F10, уберите проблемные моменты",
	"teg_del_8" : "В худшем случае зайдите в Настройки/Расширенные/Сборс прогресса аккаунта",
	"contact_us":"Связаться с нами",
	"open_p3dhack":"Открыть P3DHack.ru",

	"menu_f11_text_dop1" : "Дополнительно",
	"menu_f11_text_keybind7" : "Локатор",
	"menu_f11_text_keybind8" : "Аим",
	"menu_f11_text_keybind9" : "Замедление времени",
	"menu_f11_text_keybind10" : "Полет",
	"menu_f11_text_keybind_num" : "Numpad",
	"menu_f11_text_keybind13" : "Публичный XRay",
	"menu_f11_text_keybind15" : "Ответить на пейджеры",
	"menu_f11_text_keybind_mouse" : "Мышь",
	"menu_f11_text_keybind16" : "Телепорт",
	"menu_f11_text_keybind_other" : "Остальное",
	"menu_f11_text_keybind17" : "Переключить сумку вверх",
	"menu_f11_text_keybind18" : "Переключить сумку вниз",
	"menu_f11_text_keybind20" : "Поднять товарищей",
	"menu_f11_text_keybind21" : "Выбросить все сумки",
	"thank_for_support":"Спасибо за поддержку",
	"open_crashlog":"Открыть Крашлог",

	"no_invisible_walls":"Нет невидимых стен",
	"Full_Stop_function":"Полностью остановить Читера",
	"Full_Stop_all":"Полностью остановить Читеров",
	"freeze_peers":"Заморозить игроков",
	"stopthecheater_all":"Stop Cheaters",
	"antistopthecheater_all":"Разморозить Читеров",

	"NoClip_Amount":"Скорость полета",
	"hide_buy_dlc":"Скрыть покупку DLC",

	"arrows_helicopter":"Стрелки на клавиатуре",
	"control_helicopter":"Управлять вертолетом",

	"All_type":"Все",
	"Host_type":"Хост",
	"Client_type":"Клиент",

	"cheater_tag":" [Тег ЧИТЕР]",
	"cheater_tag_host":" [Тег ЧИТЕР для Хоста]",
	"cheater_tag_client":" [Тег ЧИТЕР для Клиента]",
	"night":" ночь",
	"secret_perks_no_negative_title":"Нет негативных эффектов",
	"buddha_mode":"Будда Мод",

	"killall":"Убить всех",
	"IgnoreCivilians":"Игнорировать гражданских",
	"IgnoreTied":"Ignore Tied Hostages",
	"IgnoreCameras":"Игнорировать камеры",
	"IgnoreEnemies":"Игнорировать врагов",
	"NoBagBodies_title":"Нет сумок с трупами",
	"NoBagBodies":"Нет сумок с трупами [Тег читер для клиента]",

	"F2_help1":"Должно быть использовано вторичное оружие, иначе приведет к крашу",
	"F2_help2":"Должно быть использовано основное оружие, иначе приведет к крашу",
	"stopthecheater_function":"Stop The Cheater",
	"freeze_peer":"Заморозить игрока",

	"select_value":"Выберите желаемое значение",
	"fast_lvl":"Быстрый уровень",
	"crime_spree_boost":"Буст серии ограбления",
	"set_crime_spree_boost":"Очки серии ограбления за ограбление",

	"shoot_through_wall_thickness_desc" : "Установите значение, через сколько вещей вы можете прострелить, 40 - это нормальная стена",
	"shoot_through_wall_desc" : "Это не дает вам возможности стрелять сквозь стены!",
	"target_closest_title" : "Ближайшая цель",
	"target_closest_desc" : "Включите данный пункт, если вы хотите нацеливаться на ближайшего к вашему прицелу врагу, а не на случайного",
	"change_aim_function" : "Настройки для АИМ и Автострельбы",

	"active_pagers" : " активных пейджеров",
	"set_infamy" : "Установить на ",
	"add_exp_menu" : "Опыт",
	"add_" : "Добавить ",
	"_XP" : " опыта",
	"add_exp" : "Варианты опыта",
	"add_lvl" : "Варианты уровня",
	"_perks" : " очки перков",
	"add_perk4" : "Очки перков для прокачки линий",
	"_coins" : " монет",
	"answer_phones" : "Ответить на все телефоны",
	"get_preplanning" : "Разблокировать все элементы планирования",
	"force_ready" : "Все готовы",
	"force_unready" : "Все не готовы",
	"XP_bust_help1" : "Умнажает ваш опыт на ",
	"XP_bust_help2" : ", доступно для всех карт, где вы хотите использовать",
	"pick_up_right_engine" : "Подобрать правильный двигатель",
	"pickup_files" : "Подобрать правильные файлы",
	"mind_civ_f3_1" : "Контроль над разумом",
	"int_team" : "Мгновенное взаимодействие для команды",
	"auto_answer_phones" : "Автоответ на все телефоны",
	"no_lasers" : "Лазеры не активируют тревогу",
	"inf_ammo_reload" : "Бесконечный патроны с перезарядкой",

	"keyboard_health_and_ammo" : "Здоровье и патроны пополнены",
	"keyboard_locator_1" : "[1/8] Gage пакеты :",
	"keyboard_locator_2" : "[2/8] Ключ-карта/Комната охраны",
	"keyboard_locator_3" : "[3/8] Оружие/Кокаин",
	"keyboard_locator_4" : "[4/8] Доски/Дрель",
	"keyboard_locator_5" : "[5/8] Ящики/Лом",
	"keyboard_locator_6" : "[6/8] Миссия",
	"keyboard_locator_7" : "[7/8] Деньги",
	"keyboard_locator_8" : "[8/8] Все",
	"keyboard_ammo" : "Патроны пополнены",
	"keyboard_reviveteam" : "Союзники подняты",

	"Rats_type_title":"Тип",
	"Rats_type_desc":"Выберите тип подсказок",
	"Rats_type_for_you":"Для себя",
	"Rats_type_for_all":"Для всех",

	"waypoints":"Контрольные точки",
	"waypoint_rat_desc":"Хотели бы вы активировать контрольные точки при приготовлении мета?",

	"support_sector":"Сектор поддержки",
	"config_title":"Как изменить файл конфигурации в P3DHack",
	"update_title":"Как обновить P3DHack",
	"wishes_title":"Ваши пожелания",

	"Unlockers":"Unlockers",
	"you_can_desc":"Вы можете увеличить или уменьшить",
	"Inf_Cam_Loops_and_Duration":"Беск. циклы и продолжит. камер",

	"First_column":"Первый столбец",
	"Second_column":"Второй столбец",
	"Third_column":"Третий столбец",

	"inf_cable":"Бесконечные стяжки",

	"main_menu_f7_premium_text1":"Настройки таймера (Уменьшить время до ",
	"main_menu_f7_premium_text2":" секунд)",

	"InteractTimer_Value_title":"Значение таймера",

	"NameSpoofer_title":"Псевдоним",
	"NameSpoofer_desc":"Установите себе новое имя в игре. Выключите, чтобы использовать ваше имя Steam",

	"How_to_NameSpoofer_title":"Как изменить OVERKILL_Almir?",
	"How_to_NameSpoofer_desc":"Нажмите здесь, чтобы узнать, как изменить имя OVERKILL_Almir на другое",

	"secret_skills_and_perks_title":"Скрытые навыки и перки",
	"secret_skills_title":"Скрытые навыки",
	"secret_skills_desc":"Все навыки, но навык безумие не дает уменьшение здоровья и негативных эффектов",
	"secret_perks_title":"Скрытые перки",

	"Activator_Functions_title":"Активатор функций",
	"Activator_Functions_desc":"Должно быть включено",

	"fast_scroll_title":"Быстрая прокрутка",
	"fast_scroll_desc":"Теперь вы можете быстрее пролистывать меню",

	"spoofs_title":"Пранк сейфами",
	"spoofs_desc":"В многопользовательском режиме вам всегда будет выпадать сейфы",

	"unbannable_skin_title":"Unbannable Fake Skins",
	"unbannable_skin_desc":"Никогда не пометит вас как читера, даже при экипировке легендарных скинов.",

	"skip_videos_title":"Пропустить видео",
	"press_any_key_title":"Пропустить Нажмите любую клавишу",

	"rss_options":"RSS настройки",

	"gap_offsets_text":"КООРДИНАТЫ",
	"gap_menus_text":"ВИДИМОСТЬ",
	"gap_time_text":"БЕГУЩАЯ СТРОКА",
	"gap_news_text":"НОВОСТИ",

	"removeNewHeistsGui_title":"Убирать баннер в главном меню",
	"removeNewHeistsGui_desc":"Убирать рекламный баннер в главном меню",
	"removeWallet_title":"Убирать кошелек",
	"removeWallet_desc":"Убирать количество денег и монет в лобби серии ограблений",
	"show_main_title":"Главное меню",
	"show_main_desc":"Показывать RSS в главном меню",
	"show_pause_title":"Меню паузы",
	"show_pause_desc":"Показывать RSS в меню паузы",
	"show_lobby_title":"Лобби",
	"show_lobby_desc":"Показывать RSS в лобби",
	"show_spree_title":"Лобби серии ограблений",
	"show_spree_desc":"Показывать RSS в лобби серии ограблений",
	
	"OFFSET_X_title":"Сдвиг по X",
	"OFFSET_X_desc":"Укажите сдвиг строки с новостями по горизонтали",
	
	"OFFSET_Y_title":"Сдвиг по Y",
	"OFFSET_Y_desc":"Укажите сдвиг строки с новостями по вертикали",
	
	"PRESENT_TIME_title":"Время выплывания",
	"PRESENT_TIME_desc":"За какое время заголовок появляется",
	
	"SUSTAIN_TIME_title":"Время отображения",
	"SUSTAIN_TIME_desc":"Сколько времени заголовок остается на экране",
	
	"REMOVE_TIME_title":"Время уплывания",
	"REMOVE_TIME_desc":"За какое время заголовок уплывает с экрана",
	
	"MAX_NEWS_title":"Максимум загружаемых новостей",
	"MAX_NEWS_desc":"Макс. кол-во новостей, загружаемых из каждого источника",
	
	"MAX_NEWS_SHOW_title":"Максимум показываемых",
	"MAX_NEWS_SHOW_desc":"Общее количество новостей для показа. Равное количество из каждого источника",
	
	"MIX_title":"Перемешивать заголовки",
	"MIX_desc":"Если выключено, то заголовки будут показываться в порядке источников в конфиге",

	"the_end_burn": "Светящаяся картина",
	"the_end_door": "Открыть секретную дверь",

	"hints_1": "Мы усердно работаем, чтобы сделать P3DHack лучше!",
	"buy_premium": "Взглянуть на Premium",
	"premium_buy_title": "Приобрести Premium",

	"Free_Crime_Spree_title":"Бесплатная серия ограблений",

	"unlock_all_tiers":"Разблокировать все ветки",
	"set_killzone":"Ударить игрока",

	"reduce_damage_all":"Вернуть 50% урона",

	"hide_text_title":"Выключить весь текст",
	"hide_text_desc":"Вы можете выключить все упоминания о P3DHack",

	"reboard":"Перезаколотить окна",
	"reboard_help":"Вы можете бесконечно заколачивать окна",

	"mod_list_lite_title":"Mod list lite",
	"mod_list_lite_desc":"Исправляет проблемы с зависанием игры при просмотре списка BLT модов",

	"Delay_func_title" : "Быстрая готовка",

	"AimMode_desc" : "Выберите тип",
	"aim_type_1" : "Только авто стрельба",
	"aim_type_2" : "Только наводка",
	"aim_type_3" : "Авто стрельба и наводка",
	"RightClick_title" : "Правый клик мыши",
	"RightClick_desc" : "Аим стреляет только, если удерживается правая кнопка мыши",
	"AimbotInfAmmo_title" : "Бесконечный патроны",
	"AimbotDamageMul_title" : "Множитель урона",
	"MaxAimDist_title" : "Максимальная дистанция",

	"SafeSimulatorMenu_function" : "Симулятор сейфов",
	"ScamDetectionLevel_title" : "Лживый уровень обнаружения",
	"ScamDetectionLevel_desc" : "Ваш уровень обнаружения 3",

	"vrmenu" : "VR Меню",
	"I_Use_VR_title" : "VR Совместимость",
	"I_Use_VR_desc" : "Активируйте этот параметр, если вы используете VR",

	"ride_player" : "Наездник",
	"increase_ladder" : "Увеличьте высоту и ширину лестницы",
	"WORLD" : "Мир",
	"RIVALS" : "Противники",
	"only_for_you" : "Только для тебя",

	"troll_remove_body":"Удалить тело",
	"troll_remove_right_leg":"Удалить правую ногу",
	"troll_remove_left_leg":"Удалить левую ногу",
	"troll_remove_legs":"Удалить ноги",
	"troll_stop_it":"Остановить это",
	"troll_cut_head":"Отрубить головы",
	"troll_hide_doors":"Спрятать двери",
	"troll_show_doors":"Отобразить двери",
	"troll_upgrade_cameras":"Обновить камеры",

	"jerry1":"Полет",
	"jerry2":"Спуск с парашютом",
	"carry":"Груженый",
	"mask_off":"Снять маску",
	"clean":"Чистый",
	"civilian":"Гражданский",
	"standard":"Стандарт",

	"teleport_all_to_me":"Телепортировать всех ко мне",

	"troll_activate_triggers":"Активировать триггеры",
	"troll_enable_units":"Включить юниты",
	"troll_disable_units":"Отключить юниты",
	"troll_end_mission":"Завершить миссию",

	"troll_world":"Troll World",

	"turret_spawn":"Спавн турели",
	"turret_friendly":"Дружественная турель",
	"turret_enemy":"Враждебная турель",

	"add_items_all_menu":"Полный список",
	"del_items_all_menu":"Полный список",
	"del_items_menu":"Удалить предметы из инвентаря",

	"right_engine_menu":"Верный двигатель",
	"right_engine":"Показать верный двигатель",
	"spawn_right_engine":"Заспавнить верный двигатель",

	"save_and_reload_title":"Сохранить и перезапустить",
	"save_and_reload_desc":"Эта функция поможет вам моментально применить изменения, сделанные в P3DHack Config",

	"P3DHack_Menu_title":"P3DHack Меню",
	"P3DHack_Menu_desc":"Быстрый и удобный функционал в одном месте",

	"hud_function":"HUD Функции",
	"hide_p3dhack_menu_desc":"Спрятать P3DHack в главном меню",
	"Hide_Functions":"Спрятать объекты",
	"hide_smoke_title":"Спрятать дым",
	"hide_logo_title":"Спрятать Payday логотип",
	"hide_pattern_title":"Спрятать рисунок",
	"hide_particles_title":"Спрятать частицы",

	"Skip_Functions":"Пропустить моменты",
	"Skip_Press_title":"Пропустить нажатие Enter",

	"global_unavailable":"Недоступно",

	"helicopter":"Вертолет",
	"autoshoot":"Автострельба",
	"troll_activate_elements":"Активировать элементы взаимодействий",
	"troll_open_doors":"Открыть все двери",
	"troll_close_doors":"Закрыть все двери",
	"troll_open_vault":"Открыть хранилище",
	"troll_close_vault":"Закрыть хранилище",
	"troll_remove_head":"Удалить головы у врагов",
	"troll_invisible_spooks":"Сделать клокеров невидимыми",
	"troll_launch_cars":"Запустить авто игроков в воздух",
	"troll_close_van_doors":"Закрыть двери фургона",
	"troll_open_van_doors":"Открыть двери фургона",
	"rofl_drills":"Рофл дрель",

	"Speed_hack":"Быстрый бег",

	"melee_range":"Длинный нож",
	"melee_charge":"Быстрая зарядка ножа",
	"melee_no_delay":"Быстрый нож",

	"hider_title":"Спрятать моды?",
	"hider_type_title":"Что будем прятать?",

	"Only_P3D":"Только P3DHack",
	"All":"Все",

	"Crosshair_title":"Прицел",

	"specific_weapons_unlocker_title":"Разблокировать специальное оружие",

	"NewMenu_function":"Автоматические функции",

	"Dodge_Chance_Buff_title":"Шанс уклониться",

	"Dodge_Chance_Buff_Amount_title":"Множитель уклонения",
	"Dodge_Chance_Buff_Amount_desc":"0.1 = 10%, 1 = 100%",

	"Melee_Buff_title":"Увеличить урон от ближнего боя",
	"Melee_Buff_Amount_title":"Множитель усиления",

	"Unlimited_BodyBags_title":"Бесконечные мешки для трупов",
	"Jump_Mask_Off_title":"Прыгать, когда нет маски",
	"Fast_Mask_title":"Быстрая маска",
	"Infinite_Hostage_Follow_title":"Бесконечные ведомых заложников",
	"Interaction_CoolDown_title":"Мгновенное взаимодействие",

	"Sixth_Sense_Reset_title":"Шестое чувство",
	"Sixth_Sense_Reset_desc":"Сброс только при перемещении",

	"Bag_CoolDown_title":"У сумок нет кулдауна",

	"Camera_Bag_Explosion_Multiplier_title":"Эффект камеры во время взрыва",
	"Camera_Bag_Explosion_Multiplier_desc":"Хотите ли вы включить эффект камеры во время взрыва?",

	"Camera_Bag_Explosion_Multiplier_Amount_title":"Множитель",
	"Camera_Bag_Explosion_Multiplier_Amount_desc":"По умолчанию 4",

	"Explosion_Buff_title":"Улучшение всего взрывного",
	"Explosion_Buff_Amount_title":"Множитель",

	"Lowered_Headbob_title":"Lowered Head-bob",

	"Toggle_Interact_title":"Взаимодействовать",
	"Toggle_Interact_desc":"Вам больше не придется удерживать кнопку F",

	"Grenade_Restrict_title":"Ограничить гранаты в стелсе",
	"Pager_Mod_title":"Увеличить количество пейджеров",

	"Zipline_Drop_title":"Бросать сумки, когда вы на Зиплайне",

	"Classic_Open_Door_title":"Классический вариант открытия дверей",
	"Classic_Open_Door_desc":"Классический вариант открытия всех дверей не может работать повсюду, но ограничен для конкретных дверей",

	"New_Open_Door_title":"Новый вариант открытия дверей",
	"New_Open_Door_desc":"Новый вариант открытия всех дверей, открывает все возможности выбора для дверей, сейфов, депозитных ящиков и т.д.",

	"Anti_Cheat_Disable_title":"Отключить Анти-Чит",
	"Anti_Cheat_Disable_desc":"Лучше не трогайте это",

	"Secure_BodyBags_title":"Защита лута для трупов",
	"Secure_BodyBags_Loot_Value_title":"Сумма денежных средств",
	"Secure_BodyBags_Loot_Value_desc":"Выберите число",

	"No_Job_Heat_title":"Отключить штрафные санкции",
	"Job_Heat_Amount_title":"Настройте бонус к здоровью",
	"Job_Heat_Amount_desc":"По умолчанию 1.15 = 15%",

	"XP_Multiplier_title":"Множитель опыта",
	"XP_Multiplier_Amount_title":"Множитель",

	"othermenu_function":"Остальное",

	"Rats_Message_title":"Meth Helper",
	"Rats_Message_desc":"Отображает нужный ингредиент для варки",

	"Delay_title":"Задержка между ингредиентами",
	"CookMeth_function":"Функции по приготовлению мета",

	"troll_alarm":"Звонок в полицию",

	"alarm_crim":"Сообщить о преступлении",
	"alarm_gun":"Сообщить о выстрелах",
	"alarm_exp":"Сообщить о взрыве",
	"alarm_mon":"Сообщить о монстре!",

	"delete_units":"Удаление все синхронизированных юнитов с карты",
	"mute_ply":"Кинуть в мут",
	"kick_all":"Исключить всех",
	"crash_game":"Крашнуть игру",

	"Bullet_Penetration_func":"Стрелять сквозь объекты",
	"Bullet_Penetration_Shield_title":"Стрелять сквозь щиты",
	"Bullet_Penetration_Enemy_title":"Стрелять сквозь врагов",
	"Bullet_Penetration_Wall_title":"Стрелять сквозь стены",
	"Skip_End_Screen_title":"Пропустить подсчет опыта",

	"other_menus":"Другие меню",

	"Bag_mod_toggle":"Модификатор сумок",
	"change_statistic":"Изменение статистики",

	"p3dtext_language_title" : "Язык",
	"dlc_title":"DLC Unlocker [Тег Читер]",
	"skin_title":"Skin Unlocker",
	"skin_armor_title":"Armor Skin Unlocker",

	"noclip_title":"NoClip MOD",

	"rave_title":"Быстрые заложники",
	"rave_desc":"Хотите ли вы, чтобы заложники быстрее бегали?",

	"antistop_title":"Анти-замедление",
	"antistop_desc":"Включить, если вы не хотите страдать от наличия тега",

	"antistop_info_title":"Кто это сделал?",
	"antistop_info_desc":"Включите, если вы хотите знать, кто пытался вас замедлить. Возможен СПАМ",

	"slow_attention":"Внимание!",
	"slow_you":"Пытался замедлить Вас со скоростью",

	"change_statistic_total_kills_title":"Общее число убийств",
	"change_statistic_specials_kills_title":"Число специальных убийств",
	"change_statistic_head_shots_Amount_title":"Число попаданий в голову",
	"change_statistic_accuracy_Amount_title":"Процент точности",
	"change_statistic_downs_Amount_title":"Число падений",

	"Language_text":"Локализация",
	"antistopthecheater_function":"Anti Stop The Cheater",
	"Main_function":"Основные функции",
	"Free_function":"Бесплатные покупки",
	"locator_function":"Функции локатора",
	"Keyboard_Auto_Config":"Активация кнопок",
	"Auto_func":"Автоматическое включение",
	"change_statistic_function":"Изменить статистику",

	"text_in_game_title":"Надписи в главном меню",
	"text_in_game_desc":"Хотите ли вы убрать надписи в главном меню?",

	"Favors_title":"Очки планирования",
	"Free_Assets_title":"Покупки активов",
	"Free_Casino_title":"Покупки в казино",
	"Free_Contracts_title":"Покупки контрактов",
	"Free_Masks_title":"Покупка масок(Кастомизация масок)",
	"Free_PrePlanning_title":"Покупки в планировании",
	"Free_Slots_title":"Слоты оружия и масок",
	"Free_Weapons_title":"Покупка оружия",
	"Free_Weapon_Mods_title":"Покупка оружейных модификаций",

	"Jumper_set_title":"Высота прыжка",
	"No_FlashBang_title":"Нет ослепления",
	"No_Recoil_title":"Без отдачи",
	"No_Spread_title":"Без разброса",
	"Infinite_Stamina_title":"Бесконечная выносливость",
	"Dropin_Pause_Remove_title":"Убрать паузу",
	"Auto_Pick_Card_title":"Авто карта",

	"X_Ray_title":"X-Ray",
	"X_Ray_desc":"По умолчанию на X",

	"Full_Replenish_title":"Пополнение здоровья и патронов",
	"Full_Replenish_desc":"По умолчанию на Z",

	"Ammo_Replenish_title":"Пополнение патронов",
	"Ammo_Replenish_desc":"По умолчанию на C",

	"Vehicle_Spawn_title":"Спавн техники",
	"Vehicle_Spawn_desc":"По умолчанию на V",

	"Grenade_Spawn_title":"Спавн гранат",
	"Grenade_Spawn_desc":"По умолчанию на B",

	"Grenade_Spawn_Type_title":"Тип гранаты",
	"Grenade_Spawn_Type_desc":"Выберите необходимый тип гранаты",

	"Hud_Toggle_title":"Выключить худ",
	"Hud_Toggle_desc":"По умолчанию на F10",

	"Gage_Package_title":"Спавн Gage пакетов",
	"Gage_Package_desc":"По умолчанию на \\",

	"Restart_Job_title":"Перезапуск контракта",
	"Restart_Job":"По умолчанию на Num /",

	"Ultimate_Kill_title":"Убить всех",
	"Ultimate_Kill_desc":"По умолчанию на Num *",

	"Auto_Drill_Service_desc":"Автоматически восстанавливает дрель при поломке",
	"Carry_Mod_desc":"Удаляет вес всех сумок и взрывоопасных боеприпасов",

	"Interact_Distance_Amount_title":"Расстояние взаимодействия",
	"Instant_Interact_With_Anything_desc":"Например заколотить окна или добавить ингридиенты в варку",

	"Weapon_Damage_Multiplier_Amount_title":"Множитель урона",
	"Weapon_Fire_Rate_Multiplier_title":"Безумная скорострельность",

	"waypoints_showDistance" : "Показать расстояние",
	"waypoints_showDistance_desc" : "Показывает расстояние до точки маршрута для каждой точки",
	"waypoints_showGagePickups" : "Показать Gage пакеты",
	"waypoints_showGagePickups_desc" : "Показывает Gage пакеты на карте",
	"waypoints_showPlanks" : "Показать доски",
	"waypoints_showPlanks_desc" : "Показать все доски на карте",
	"waypoints_showSmallLoot" : "Показатывать малый лут",
	"waypoints_showSmallLoot_desc" : "Показывать небольшеие предметы, как пачка денег или бижутерия",
	"waypoints_showCrates" : "Показывает открываемые ящики",
	"waypoints_showCrates_desc" : "Показывает открываемые ящики, как те, в день выборов",
	"waypoints_showDoors" : "Показать Двери",
	"waypoints_showDoors_desc" : "Показывает символ блокировки двери, которые требуют ключ карты или ECM, чтобы открыть",
	"waypoints_showCameraComputers" : "Показать компьютер с камерами",
	"waypoints_showCameraComputers_desc" : "Показывает, где компьютеры для просмотра камер на карте",
	"waypoints_showDrills" : "Место для размещения дрели",
	"waypoints_showDrills_desc" : "Показывает, где вы можете разместить небольшую дрель",
	"waypoints_showThermite" : "Показать термит",
	"waypoints_showThermite_desc" : "Показывает термит и где использовать его.",
	"waypoints_showSewerManhole" : "Показывает канализационные люки",
	"waypoints_showSewerManhole_desc" : "Показывает, где есть канализационные крышки люков",
	"waypoints_showHUDMessages" : "Отображать сообщения на экране",
	"waypoints_showHUDMessages_desc" : "Отображает различную информацию на экране о ваших точках",
	"waypoints_makeNoise" : "Делает шум",
	"waypoints_makeNoise_desc" : "Делает шум, когда скрипт запускается",
	"waypoints_iterativeToggle" : "Итеративное переключение",
	"waypoints_iterativeToggle_desc" : "Включенный пункт означает, что каждый раз, когда вы запускаете скрипт, он будет находить следующую точку для отображения\nВыключенный пункт означает, что скрипт отобразит все точки одновременно.",
	"waypoints_sheaterNewb" : "Остальное",
	"waypoints_sheaterNewb_desc" : "Включите это, чтобы показать много вещей, такие, как коз и машин для голосования",

	"main_menu_p3dhack" : "Главное меню",
	"main_menu_help_p3dhack" : "Открывает главное меню",
	"previous_menu_p3dhack" : "Вернуться",
	"previous_menu_help_p3dhack" : "Открывает предыдущую страницу",
	"next_menu_p3dhack" : "Вперед",
	"next_menu_help_p3dhack" : "Открывает следующую страницу",
	"prew_menu_p3dhack" : "Назад",
	"prew_menu_help_p3dhack" : "Открывает предыдущую страницу",
	"close_menu_p3dhack" : "Закрыть",
	"close_menu_help_p3dhack" : "Закрыть это меню",

	"global_host" : "Только хост",
	"global_host_" : "Недоступно (Только хост)",
	"global_on" : "Включено",
	"global_off" : "Выключено",
	"global_p3dhack" : "P3DHack",
	"global_premium" : "Только Premium",

	"mouse_teleport" : "Телепорт",

	"num_jump" : "Высокий прыжок",
	"num_kill" : "Все мертвы",
	"num_pg_answer" : "На все пейджеры был получен ответ",

	"main_menu_f1" : "Модификации игрока",
	"fast_f1" : "Быстрый выбор",
	"godmode" : "Бессмертие",
	"godmode_help" : "Стань непобедимым",
	"friendfire" : "Огонь по своим",
	"friendfire_help" : "Теперь вы можете убивать своих союзников",
	"modif_f1" : "Модификации игрока",
	"drillservice" : "Авто дрель",
	"drillservice_help" : "Автоматически восстанавливает дрель при поломке",
	"carrymod" : "Керри мод",
	"carrymod_help" : "Удаляет вес всех сумок и взрывоопасных боеприпасов",
	"carrycross" : "Керри мод - прицел",
	"carrycross_help" : "Спавн сумок на прицел, включить это в первую очередь, если вы хотите использовать с Удалить вес сумок",
	"spooccuffselfon" : "Клокер одевает на вас наручники",
	"spooccuffselfon_help" : "Клокер не роняет вас, а только одевает наручники",
	"infammobag" : "Беск. использ. сумки с патронами",
	"infammobag_full_" : "Бесконечное использование сумки с патронами",
	"InfiniteSpecial_" : "Бесконечные вещи",
	"InfiniteSpecial_help" : "Например стяжки, доски, и другое",
	"inf_converts" : "Бесконечная конвертация врагов",
	"carrystack" : "Переносить больше сумок",
	"carrystack_help" : "Если не хост, то дадут временный тег",
	"carrylimit" : "Удалить вес сумок",
	"carrylimit_help" : "Сумки становятся легче, а бросать их вы можете дальше",
	"infdocbag" : "Беск. использование аптечек",
	"infdocbag_full" : "Бесконечное использование аптечек",
	"inf_ecm" : "Бесконечная ECM батарея",
	"infmessiah" : "Бесконечный шанс мессии",
	"inf_pager_answers" : "Бесконечные ответы на пейджер",
	"instantdom" : "Мгновенное доминирование",
	"instantdrill" : "Мгновенная дрель/компьютер",
	"instantdrill_help" : "Мгновенно сверление или мгновенный взлом",
	"intdist" : "Увеличить расстояние взаимод.",
	"instantinteract" : "Мгновенное взаимодействие",
	"instantinteract_help" : "Включает в себя моментальный ответ на пейджер",
	"interactanyhting" : "Взаимодействовать с чем-либо",
	"interactwall" : "Взаимодействовать через стены",
	"nohitdis" : "Нет дезориентации",
	"smlootmulti" : "Множитель малого лута",
	"smlootmulti_help" : "Множитель 3x, Максимальный лут $ 2,800,000",
	"ZiplineBag" : "Канатная дорога",
	"ZiplineBag_help" : "Позволяет транспортировать сумки на всех канатных дорогах",

	"infsentry" : "Турель - бесконечные патроны",
	"godsentry" : "Турель - бессмертие",
	"BulletExplode" : "Взрывные пули",
	"BulletFire" : "Зажигательные пули",
	"damagebuff" : "Улучшение урона",
	"fireratebuff" : "Безумная скорострельность",
	"infammo" : "Бесконечные боеприпасы",

	"main_menu_f3" : "Стелс меню",
	"mind_enemies_menu" : "Контролировать разум врагов",
	"mind_civs_menu" : "Контролировать разум гражданских",
	"pigsfly" : "Летающие свиньи",
	"copsquit" : "Полицейские лодыри",
	"drunkpigs" : "Пьяные свиньи",
	"civdance" : "Танцующие марионетки",
	"civsmoke" : "Курение убивает",
	"civcower" : "Покрытие Овцы",
	"phonycivs" : "Фальшивые Яппи",
	"main_menu_f3_1" : "Стелс меню:",
	"cops_dont_shoot" : "Полиция не стреляет",
	"cops_dont_shoot_help" : "Полиция не будет в вас стрелять",
	"disable_cams" : "Отключить камеры",
	"disable_pagers" : "Отключить пейджеры",
	"free_kill" : "Бесплатное убийство граждан",
	"pagedom" : "Нет пейджера при доминировании",
	"pagedom_help" : "Если вы используете мгновенное доминирование, то данная функция должен быть включена первой",
	"prevent_panic_buttons" : "Нет тревожной кнопки",
	"people_dont_call_police" : "Люди не вызвают полицию",
	"lobai" : "Лоботомия(Отключене ИИ)",
	"randompage" : "Случайные пейджеры",
	"randompage_help" : "Теперь у некоторых врагов не будет пейджера",
	"steal_pagers_on_melee" : "Кража пейджеров",
	"steal_pagers_on_melee_help" : "Отключение пейджера, когда Вы убили рукопашной атакой охранника",
	"convertall" : "Конвектировать всех врагов",
	"convertall_full" : "Все враги задоминированы",
	"remote_camera" : "Удаленный доступ к камерам",

	"main_menu_f4" : "Редактор миссии",
	"bettyboom" : "Бетти Бум",
	"bettyboom_full" : "Взрывающиеся боты",
	"bettyboom_help" : "Взрывает ботов после смерти",
	"dirtymoney" : "Грязные деньги",
	"dirtymoney_help" : "Две сумки с золотом после смерти ботов",
	"autocook" : "Крысы Автоматическая плита",
	"autocook_full" : "Автоматическая плита",
	"autocook_help" : "Вы должны иметь химические элементы, чтобы это работало",
	"m_info" : "Манипулировать:",
	"civil" : "Запугать гражданских",
	"civil_help" : "Запугать всех гражданских лиц, нажмите несколько раз, чтобы уложить их на пол",
	"instaboardst" : "Заколотить все окна",
	"instaboardst_help" : "Заколотить всех доступных окна",
	"cutglass" : "Вырезать все стекла",
	"heistintel" : "Заспавнить информацию о поезде",
	"heistintel_help" : "Можно заспавнить только на транспортных ограблениях",
	"heistintel_only" : "Только транспортные ограбления",
	"getpatht" : "Получить вещь миссии",
	"getpatht_help" : "Должно быть включен Переносить больше сумок",
	"grabcourier" : "Собрать все Gage пакеты",
	"grabcourier_help" : "Собрать все доступные Gage пакеты",
	"grabgear" : "Захват механизм",
	"grabgear_help" : "Нажмите дважды, чтобы захватить механизм",
	"grabgear_only" : "Только казино Golden Grin",
	"anticheat_info" : "Анти-Чит",
	"anticheat" : "Выключить Анти-Чит",
	"anticheat_help" : "Включить или выключить Анти-Чит для хоста и клиента",
	"InstantHackAll" : "Взломать всю электронику",
	"InstantHackAll_help" : "Взламывает всю доступную технику",
	"GrabDiamond" : "Подобрать алмаз",
	"GrabDiamond_help" : "Нажмите дважды, чтобы подобрать",
	"GrabDiamond_only" : "Только на Брилианте",
	"instanthackmachines" : "Взломать и открыть машины для голосования",
	"instanthackmachines_only" : "Только День Выборов день 2",
	"opencrate" : "Открыть все ящики",
	"opencrate_help" : "Вы также можете их закрыть",
	"bankbuster" : "Открыть все банковские ячейки",
	"picklockst" : "Открыть все двери и окна",
	"picklockst_help" : "Не открывает комнату охраны",
	"picklockst1" : "Открыть все замки",
	"picklockst1_help" : "Открывает все замки в том числе банковские ячейки, но это не открывает комнату охраны",
	"c4open" : "Открыть все с помощь C4",
	"jobwin_jobloss" : "Победить/Проиграть",
	"jobloss" : "Проиграть",
	"jobwin" : "Победить",
	"ecmopen" : "Открыть все с помощью ECM",
	"usekeycardt" : "Открыть с помощью ключ-карты",
	"usekeycardt_help" : "Открыть все двери с помощью ключ-карточки",
	"xmaspresent" : "Открыть все подарки",
	"xmasflare" : "Запустить сигнальную ракету",
	"DrillAll" : "Установка/Перезапуск дрели",
	"DrillAll_help" : "Установка или перезапуск любой дрели",
	"takeintel" : "Взять все данные",
	"takeintel_help" : "Нажмите дважды, чтобы получить предмет из сейфа",
	"instanttie" : "Связать всех гражданских лиц",
	"instanttie_help" : "Все гражданские должны быть испуганы, прежде чем активировать",
	"heistintel_info" : "Разведывательные данные о поезеде лежат у вас под ногами",
	"civilsdown_info" : "Все граждански напуганы",
	"c4open_info" : "Все двери открыты с помощью C4",
	"grabgear_info" : "Механизм схвачен",
	"xmasflare_info" : "Сигнальные ракеты активированы",
	"xmaspresent_info" : "Все подарки открыты",
	"ecmopen_info" : "Все двери открыты с помощью ECM",
	"getpatht_info" : "Предмет миссии получен",
	"grabcourier_info" : "Все Gage пакеты подобраны",
	"takeintel_info" : "Все разведывательные данные были защищены",
	"takeintel1_info" : "Разведывательные данные",
	"InstantHackAll_info" : "Вся электронная техника взломана",
	"cutglass_info" : "Все стекла вырезаны",
	"instanthackmachines_info" : "Все машины для голосования вломаны и открыты",
	"instanttie_info" : "Все граждане связаны",
	"usekeycardt_info" : "Двери открыты с помощью ключ-карты",
	"opencrate_info" : "Все ящики открыты",
	"GrabDiamond_info" : "Алмаз получен",
	"picklockst_info" : "Все окна и двери открыты",
	"picklockst1_info" : "Все замки взломаны",
	"bankbuster_info" : "Все банковские ячейки открыты",
	"DrillAll_info" : "Дрели установлены/перезапущены",
	"instaboardst_info" : "Все окна заколочены",

	"main_menu_f5" : "Инвентарь",
	"main_menu_f5_text1" : "Добавить предметов - Выберите предмет",
	"main_menu_f5_text2" : "Мешки с добычей - Выберите сумку",
	"main_menu_f5_text3" : "Сумка с оборудованием - Выберите сумку",
	"main_menu_f5_text4" : "Нефтяное Дело - Выберите двигатель",
	"add_items_menu" : "Добавить предметов в инвентарь",
	"fugas_f5" : "Фугасные снаряды",
	"spawn_f5" : "Спавн сумок",
	"engine_menu" : "Нефтяное Дело",
	"equipment_menu_f5" : "Сумка с оборудованием",
	"loot_menu_f5" : "Сумки с добычей",
	"main_menu_f5_text5" : "Спавн опции",
	"main_menu_f5_text6" : "Спавн на себя",
	"main_menu_f5_text7" : "Дождь из сумок",
	"main_menu_f5_text7_help" : "​Не переусердствуйте",
	"main_menu_f5_text8" : "Спавн на прицел",
	"main_menu_f5_text12" : "Опции сумок",
	"main_menu_f5_text9" : "Упаковать все трупы в мешки",
	"main_menu_f5_text9_help" : "Упаковать все трупы в мешки",
	"main_menu_f5_text10" : "Разрывные снаряды",
	"main_menu_f5_text10_help" : "Теперь сумки взрываются",
	"main_menu_f5_text11" : "Забрать все сумки",
	"main_menu_f5_text11_help" : "Переносить больше сумок - должно быть включено или сумки пропадут",
	"main_f5_text" : "Основные предметы",
	"cable_tie" : "Кабельные стяжки",
	"organs" : "Органы",
	"add_items_menu_f5" : "Крысы/HOTLINE MIAMI химические ингредиенты",
	"add_items_menu_f5_" : "HOTLINE MIAMI штрих-коды",
	"add_items_menu_f5__" : "Спасение Хокстона",
	"add_items_menu_f5___" : "Казино GOLDEN GRIN - Предметы",

	"main_menu_f6" : "Деньги",
	"main_menu_f6_text1" : "Супер выдача лута 69000",
	"main_menu_f6_text2" : "Деньги и лут",
	"takeloot" : "Собрать весь лут",
	"takeloot_help" : "Должно быть включено Переносить больше сумок, на снежном рождестве нажмите дважды",
	"InteractType" : "Взять весь небольшой лут",
	"OpenAtm" : "Открыть все банкоматы и взять деньги",
	"OpenAllLoot" : "Открыть все банкоматы, сейфы, ящики с деньгами",
	"main_menu_f6_text3" : "Защита лута",
	"securesmloot" : "Защитить небольшой лут",
	"main_menu_f6_text4" : "Весь лут упакован",
	"main_menu_f6_text5" : "Небольшой лут защищен",

	"main_menu_f7" : "Таймер взаимодействия",
	"main_menu_f7_text1" : "Настройки таймера (Уменьшить время до 3 секунд)",
	"InteractDrillJam" : "Таймер улучшения/восстановления дрели",
	"InteractECMJam" : "Таймер ECM взлома",
	"InteractPager" : "Таймер ответа на пейджер",
	"InteractPickLock" : "Таймер взлома",
	"InteractRevive" : "Таймер поднятия игрока",

	"main_menu_f8" : "Тролль меню",
	"main_menu_f8_text1" : "Выберите опцию",
	"main_menu_f8_text2" : "Издеваться над собой",
	"main_menu_f8_player" : "Издеваться над ",
	"main_menu_f8_text3" : "Издеваться над игроками",
	"main_menu_f8_text4" : "Беспорядок с другими игроками",
	"main_menu_f8_text5" : "Издеваться над всеми",
	"syncbleedall" : "Кровотечение у всех игроков",
	"synccuffall" : "Наручники на всех игроках",
	"syncincaall" : "Уронить всех игроков",
	"synctaseall" : "Ударить током всех игроков",
	"main_menu_f8_text6" : "Издеваться над отдельным игроком",
	"main_menu_f8_text7" : "Другое",
	"releaseteam" : "Освободить всех из тюрьмы",
	"sendalltojail_team" : "Бросить всех в тюрьму",
	"main_menu_f8_text8" : "Издеватся над собой",
	"main_menu_f8_text9" : "Издеватся над собой:",
	"stateblood" : "Истекать кровью",
	"statecuffs" : "Наручники",
	"stateinca_me" : "Упасть",
	"stateinca" : "Уронить",
	"statetased" : "Ударить током",
	"releaseme" : "Освободить себя из тюрьмы",
	"lockmeup" : "Бросить себя за решетку",
	"main_menu_f8_text11" : "Издеваться над игроком",
	"main_menu_f8_text12" : "Тюрьма/Телепорт",
	"syncreleaseply2" : "Освободить из тюрьмы",
	"sendalltojail" : "Бросить за решетку",
	"teleporttoply" : "Телепортироваться к игроку",
	"syncforceengine" : "Увеличить грузоподъемность",
	"main_menu_f8_text13" : "Дополнительно",
	"depositfill" : "Заполнить все ячейки золотом и деньгами",
	"depositfill_help" : "Заполнить все ячейки золотом и деньгами",
	"openvault" : "Открыть дверь хранилища",
	"openvault_help" : "Может иметь побочный эффект",
	"overdrill" : "Активировать Overdrill хранилище",
	"overdrill_help" : "Позволяет открыть хранилище OVERDRILL",
	"main_menu_f8_text14" : "Дверь хранилища открыта",
	"main_menu_f8_text15" : "Все ячейки заполнены",
	"main_menu_f8_text16" : "Остальное",
	"I_am_best" : "Изменить статистику",
	"cops_to_bulld" : "Мертвые полицейские превращаются в бульдозеров",
	"replace_cops" : "Заменить всех копов на бульдозеров",
	"tm_gm" : "Включить бессмертие для команды",
	"invisible_player" : "Невидимость",

	"main_menu_f10" : "Выберите функцию",
	"infamy_level_menu" : "Дурная репутация",
	"infamy_points_menu" : "Очки дурной репутации",
	"inventory_menu" : "Инвентарь",
	"clear_inventory_menu" : "Отчистить инвентарь",
	"add_inventory_menu" : "Добавить в инвентарь",
	"level_menu" : "Уровень",
	"money_menu" : "Деньги",
	"skill_menu" : "Навыки",
	"perk_menu" : "Перки",
	"add_achieve_menu" : "Добавить достижение - Выберите достижение",
	"rem_achieve_menu" : "Убрать достижение - Выберите достижение",
	"continental_coins_menu" : "Монеты континенталь",
	"main_menu_f10_text1" : "Меню",
	"main_menu_f10_text4" : "Уровень дурной репутации",
	"main_menu_f10_text5" : "Очки дурной репутации",
	"main_menu_f10_text8" : "Очки дурной репутации",
	"main_menu_f10_text9" : "Инвентарь",
	"un1" : "Разблокировать",
	"un2" : "Разблокировать все предметы",
	"un3" : "Разблокировать все слоты",
	"un4" : "Разблокировать цвета",
	"un5" : "Разблокировать маски",
	"un6" : "Разблокировать материалы",
	"un7" : "Разблокировать текстуры",
	"un8" : "Разблокировать оружие",
	"un9" : "Разблокировать все трофеи",
	"un10" : "Другое",
	"un11" : "Удалить предметы с восклицательным знаком",
	"un12" : "Разблокировка (Dlc)",
	"un13" : "Разблокировать моды для оружия",
	"del1" : "Удаление предметов",
	"del2" : "Удалить все слоты масок",
	"del3" : "Удалить все слоты первого оружия",
	"del4" : "Удалить все слоты второго оружия",
	"del5" : "Удалить или заблокировать слоты",
	"del6" : "Удалить все предметы",
	"del7" : "Удалить все слоты",
	"del8" : "Заблокировать все предметы",
	"del9" : "Удалить предметы",
	"del10" : "Удалить все цвета",
	"del11" : "Удалить все маски",
	"del12" : "Удалить все материалы",
	"del13" : "Удалить все рисунки",
	"del14" : "Удалить все моды оружия",
	"add_item1" : "Добавить по 1 предмету",
	"add_item2" : "Добавить 1 ко всем цветам",
	"add_item3" : "Добавить 1 ко всему",
	"add_item4" : "Добавить 1 всех масок",
	"add_item5" : "Добавить 1 всех материалов",
	"add_item6" : "Добавить 1 всех рисунков",
	"add_item7" : "Добавить 1 всех оружейных модов",
	"add_item8" : "Добавить по 5 предметов",
	"add_item9" : "Добавить 5 ко всем цветам",
	"add_item10" : "Добавить 5 ко всему",
	"add_item11" : "Добавить 5 всех масок",
	"add_item12" : "Добавить 5 всех материалов",
	"add_item13" : "Добавить 5 всех рисунков",
	"add_item14" : "Добавить 5 всех оружейных модов",
	"add_money" : "Деньги",
	"add_money1" : "Сброс денег",
	"add_money2" : "Сбросить деньги",
	"add_money3" : "Добавить денег",
	"add_money4" : "Добавить 1 миллион + 4 миллиона офшорных",
	"add_money5" : "Добавить 10 миллионов + 40 миллионов офшорных",
	"add_money6" : "Добавить 100 миллионов + 400 миллионов офшорных",
	"add_money7" : "Добавить 1 миллиард + 4 миллиарда офшорных",
	"add_money8" : "Добавить 1 миллион",
	"add_money9" : "Добавить 10 миллионов",
	"add_money10" : "Добавить 100 миллионов",
	"add_money11" : "Добавить 1 миллиард",
	"add_skill1" : "Навыки",
	"add_skill4" : "Навыки",
	"add_perk" : "Перки",
	"add_perk1" : "Сбросить очки перков",
	"add_perk2" : "Разблокировать все перки",
	"add_perk3" : "Очки перков",
	"add_continental" : "Добавить 1 монету",
	"add_achievement" : "Достижения",
	"add_achievement2" : "Добавить отдельное достижение",
	"add_achievement3" : "Убрать отдельное достижение",
	"add_achievement4" : "Заблокировать достижения",
	"add_achievement5" : "Разблокировать достижения",
	"ai_menu3" : "Клокер бьет только ботов",
	"text_f10_1" : "Меню работ",
	"text_f10_4" : "Перед игрой",
	"dontwait" : "Быстрый старт",
	"dontwait_help" : "Не стоит ждать других",
	"getemall" : "Разблокировать все активы",
	"text_f10_5" : "В игре",
	"text_f10_12" : "Защита лута для трупов",
	"text_f10_13" : "Переключить взаимодействие",
	"text_f10_3с_1" : "Ограничение гранат",
	"text_f10_3с_1_help" : "Ограничивает гранаты во время стелса",
	"text_f10_3с_2" : "Нет таймера эвакуации",
	"text_f10_3с_6" : "Добавить пейджеров",
	"text_f10_3с_6_help" : "Увеличивает количество пейджеров",
	"text_f10_3с_10" : "XP множитель",
	"text_f10_3с_10_help" : "Умножьте XP 2x",
	"text_f10_3с_11" : "HUD включен",

	"main_menu_num" : "Спавн меню",
	"spawn_menu" : "Спавн врагов/союзников",
	"spawn_on_self_unt" : "Спавн юнитов",
	"spawn_on_self_spec_unt" : "Спавн специальных юнитов",
	"spawn_on_self_gensec_unt" : "Спавн элитных Gensec юнитов",
	"spawn_on_self_unt_frnd" : "Спавн союзников",
	"spawn_on_self_spec_unt_frnd" : "Спавн специальных союзников",
	"spawn_on_self_gensec_unt_frnd" : "Спавн элитных Gensec союзников",
	"spawn_frnd" : "Спавн гражданских",
	"spawn_band" : "Спавн бандитов",
	"spawn_equipment" : "Спавн оборудования на прицел",
	"spawn_lootmode" : "Спавн награбленного/объектов/транспорта на прицел",
	"spawn_menu_1_1" : "Враги и союзники",
	"spawn_menu_1_2" : "Только там, где это возможно",
	"spawn_menu_bandit" : "Бандит",
	"FR_1" : "Гражданский",
	"FRFR1" : "Элитный GENSEC",
	"FRFR4" : "LMG Бульдозер",
	"FRP1" : "Щит",
	"FRP3" : "Клокер",
	"FRP4" : "Снайпер",
	"FRP6" : "Тайзер",
	"FRP7" : "Бульдозер",
	"FR0" : "Полицейский",
	"FR4" : "Спецназ",
	"FR6" : "Спецназ бронированный",
	"FR7" : "ФБР",
	"FR9" : "ФБР бронированный",
	"FR10" : "Охранник"
}