{
	"Mission_triggers" : "任務觸發器",
	"Trolling_triggers" : "惡搞觸發器",
	"Spawn_triggers" : "生成觸發器",
	"Experimental_triggers" : "實驗觸發器",
	"AiGlobalEvent" : "Ai 行動",
	"AreaTrigger" : "區域觸發器",
	"LaserTrigger" : "雷射激光觸發",
	"MissionFilter" : "任務過濾",
	"WhisperState" : "採點狀態",
	"SpecialObjective" : "特殊目標",
	"SpecialObjectiveTrigger" : "特殊目標觸發器",
	"PlayerSpawner" : "玩家生成器器",
	"PointOfNoReturn" : "無返回點",
	"SpawnGrenade" : "產生手榴彈",
	"SpawnCivilianGroup" : "生成平民組",
	"SpawnCivilian" : "生成平民",
	"Filter" : "過濾",
	"EnemyDummyTrigger" : "敵人虛擬觸發器",
	"AssetTrigger" : "資產觸發",
	"PrePlanning" : "先規劃",
	"SpawnDeployable" : "生成部署警隊",
	"TeammateComment" : "隊友評論",
	"Dialogue" : "對話",

	"menu_f11_main_menu" : "幫助菜單",
	"menu_f11_cheater_tag_menu_text" : "關於作弊者標籤",
	"menu_f11_cheater_tag_menu_text1" : "作弊者標籤",
	"menu_f11_cheater_tag_menu_text2" : "無作弊者標籤",
	"menu_f11_cheater_tag_menu_DLC" : "DLC Unlocker(DLC解鎖器)",
	"menu_f11_cheater_tag_menu_DLC_1" : "沒有購買DLC卻使用DLC中的物品",
	"menu_f11_cheater_tag_menu_DLC_2" : "面具修改",
	"menu_f11_cheater_tag_menu_DLC_3" : "武器修改",
	"menu_f11_cheater_teg_menu_Skin_1" : "這只是因為武器模組被標記為不可獲取的巨大便利性",
	"menu_f11_cheater_teg_menu_levle_1" : "沒有遊玩過任何搶劫任務卻獲得惡名轉生等級",
	"menu_f11_cheater_teg_menu_levle_2" : "沒有100等卻獲得轉生等級",
	"menu_f11_cheater_teg_menu_levle_3" : "跳過惡名轉生等級，例如1跳到3",
	"heist_menu" : "關於搶劫",
	"menu_f11_cheater_teg_menu_heist_1" : "沒有購買DLC卻購買DLC中的劫案",
	"menu_f11_cheater_teg_menu_heist_2" : "生成任何設備，但與你生成的最後一個設備不同",
	"menu_f11_cheater_teg_menu_heist_3" : "使用手榴彈超過允許的數量",
	"menu_f11_cheater_teg_menu_heist_4" : "從手榴彈箱箱中撿起手榴彈，會增加上限",
	"menu_f11_cheater_teg_menu_heist_5" : "生成超過允許數量的設備",
	"keybinds_in" : "KeyBinds in ",
	"main_menu" : "主菜單",
	"ingame_menu" : "劫案",
	"keyboard_keybinds" : "Keyboard KeyBinds",
	"teg_del" : "如何消除作弊者標籤",
	"teg_del_1" : "禁用DLC Unlocker(DLC解鎖器)",
	"teg_del_2" : "禁用Skin Unlocker(皮膚解鎖器)",
	"teg_del_3" : "重新啟動遊戲後並嘗試加入遊戲",
	"teg_del_4" : "這些是主要原因",
	"teg_del_5" : "問題仍未解決",
	"teg_del_6_prem" : "建議你聯繫我們",
	"teg_del_7" : "使用F10移除問題時刻",
	"teg_del_8" : "如果能無效，請到設置內重置你的遊戲進度",
	"contact_us":"關於我們",
	"open_p3dhack":"打開 P3DHack.ru",

	"menu_f11_text_dop1" : "附帶",
	"menu_f11_text_keybind7" : "目標指示器",
	"menu_f11_text_keybind8" : "自瞄",
	"menu_f11_text_keybind9" : "慢動作",
	"menu_f11_text_keybind10" : "穿墻",
	"menu_f11_text_keybind_num" : "小鍵盤",
	"menu_f11_text_keybind13" : "全員X光",
	"menu_f11_text_keybind15" : "秒回應全對講機",
	"menu_f11_text_keybind_mouse" : "鼠標",
	"menu_f11_text_keybind16" : "傳送",
	"menu_f11_text_keybind_other" : "雜項",
	"menu_f11_text_keybind17" : "多包裹切換↑",
	"menu_f11_text_keybind18" : "多包裹切換↓",
	"menu_f11_text_keybind20" : "立刻救起所有隊友",
	"menu_f11_text_keybind21" : "多包裹默認",
	"thank_for_support":"感謝支持!",
	"open_crashlog":"打開崩潰日誌",

	"no_invisible_walls":"無空氣牆",
	"Full_Stop_function":"完全結凍玩家",
	"Full_Stop_all":"完全結凍玩家",
	"freeze_peers":"凍結玩家",
	"stopthecheater_all":"結凍玩家",
	"antistopthecheater_all":"解凍玩家",

	"NoClip_Amount":"穿牆速度",
	"hide_buy_dlc":"隱藏購買DLC的廣告",

	"arrows_helicopter":"方向鍵 上",
	"control_helicopter":"控制直升機",

	"All_type":"All",
	"Host_type":"Host",
	"Client_type":"Client",

	"cheater_tag":" [Cheater Tag]",
	"cheater_tag_host":" [Cheater Tag for Host]",
	"cheater_tag_client":" [Cheater Tag for Client]",
	"night":" 夜晚",
	"secret_perks_no_negative_title":"無負面影響",
	"buddha_mode":"Buddha Mode",

	"killall":"殺死全部相關設置",
	"IgnoreCivilians":"忽略平民",
	"IgnoreTied":"忽略被綁架的人質",
	"IgnoreCameras":"忽略攝像頭",
	"IgnoreEnemies":"忽略敵人",
	"NoBagBodies_title":"去除屍體袋",
	"NoBagBodies":"去除屍體袋 [Cheater Tag for Client]",

	"F2_help1":"你必須裝備副武器，不然遊戲將會崩潰！",
	"F2_help2":"你必須裝備主武器，不然遊戲將會崩潰！",
	"stopthecheater_function":"STC反慢動作",
	"freeze_peer":"凍結玩家",

	"select_value":"選擇一個你想要的數值",
	"fast_lvl":"快速升級",
	"crime_spree_boost":"挑戰模式加速",
	"set_crime_spree_boost":"在每完成一個劫案後增加該分數",

	"shoot_through_wall_thickness_desc" : "設置子彈可穿透的厚度，40是一個普通的墻壁",
	"shoot_through_wall_desc" : "重要提示:這只是子彈的穿透設置，不是你！",
	"target_closest_title" : "最近的目標",
	"target_closest_desc" : "如果勾選，將會自動瞄準離你最近的目標，而不是隨機瞄準",
	"change_aim_function" : "自瞄/自動射擊設置",

	"active_pagers" : " 激活對講機",
	"set_infamy" : "設置為 ",
	"add_exp_menu" : "經驗菜單",
	"add_" : "增加 ",
	"_XP" : " 經驗值",
	"add_exp" : "經驗選項",
	"add_lvl" : "等級選項",
	"_perks" : " 天賦點數",
	"add_perk4" : "天賦點選項",
	"_coins" : " 歐洲幣",
	"answer_phones" : "回答全部對講機",
	"get_preplanning" : "購買全部事前準備道具",
	"force_ready" : "強制準備",
	"force_unready" : "強制取消準備",
	"XP_bust_help1" : "獲得的經驗乘以 ",
	"XP_bust_help2" : ", 設置後獲得的經驗值可以自動翻倍",
	"pick_up_right_engine" : "拿走正確的引擎",
	"pickup_files" : "拿走正確的文件",
	"mind_civ_f3_1" : "心靈控制",
	"int_team" : "團隊秒速互動",
	"auto_answer_phones" : "自動回答對講機",
	"no_lasers" : "觸碰激光不觸發警報",
	"inf_ammo_reload" : "無限備彈",

	"keyboard_health_and_ammo" : "血量和彈藥已恢複",
	"keyboard_locator_1" : "[1/8] 蓋奇包裹 數量:",
	"keyboard_locator_2" : "[2/8] 鍵盤/安全門",
	"keyboard_locator_3" : "[3/8] 武器/可卡因",
	"keyboard_locator_4" : "[4/8] 木板/鉆機",
	"keyboard_locator_5" : "[5/8] 板條箱/撬棍",
	"keyboard_locator_6" : "[6/8] 劫案",
	"keyboard_locator_7" : "[7/8] 金錢",
	"keyboard_locator_8" : "[8/8] 全部",
	"keyboard_ammo" : "彈藥已恢複",
	"keyboard_reviveteam" : "隊友已被救起",

	"Unlockers":"解鎖器",
	"you_can_desc":"你可以增加,或減少它",
	"Inf_Cam_Loops_and_Duration":"無限攝像頭循環時間",

	"First_column":"第一欄",
	"Second_column":"第二欄",
	"Third_column":"第三欄",

	"inf_cable":"無限綁人繩",

	"main_menu_f7_premium_text1":"互動時間選項(減少時間為",
	"main_menu_f7_premium_text2":"秒數)",

	"InteractTimer_Value_title":"時間選項",

	"NameSpoofer_title":"假名稱",
	"NameSpoofer_desc":"在遊戲里使用一個假的名稱,設置為禁用可以關閉它",

	"How_to_NameSpoofer_title":"如何將名稱更改為 OVERKILL_Almir ?",
	"How_to_NameSpoofer_desc":"點我來查看如何更改假名稱.",

	"secret_skills_and_perks_title":"隱藏技能與天賦",
	"secret_skills_title":"隱藏技能",
	"secret_skills_desc":"你可以使用全部技能,並且狂怒不會減少你的血量!",
	"secret_perks_title":"隱藏天賦",

	"Activator_Functions_title":"啟用以下功能",
	"Activator_Functions_desc":"如果你想開啟那些功能,請先啟用我!",

	"fast_scroll_title":"快速滾動",
	"fast_scroll_desc":"啟用後,可以加速上下移動的速度(哦耶!)",

	"spoofs_title":"假抽牌",
	"spoofs_desc":"在啟用後,在其他人眼里你將會一直抽到保險箱或者鉆機!",

	"unbannable_skin_title":"隱藏武器皮膚",
	"unbannable_skin_desc":"在啟用後,即使你裝備了金色皮膚,也不會被標記為作弊者.\n但別人將無法看見你的皮膚!",

	"skip_videos_title":"跳過啟動時影片",
	"press_any_key_title":"跳過按下任意鍵",

	"rss_options":"新聞推送設置",

	"gap_offsets_text":"位置",
	"gap_menus_text":"能見度",
	"gap_time_text":"旋轉",
	"gap_news_text":"數據",

	"removeNewHeistsGui_title":"移除主菜單宣傳橫幅",
	"removeNewHeistsGui_desc":"移除主菜單宣傳橫幅",
	"removeWallet_title":"移除挑戰時金錢顯示",
	"removeWallet_desc":"移除挑戰時金錢顯示",
	"show_main_title":"主菜單",
	"show_main_desc":"啟用新聞推送",
	"show_pause_title":"暫停頁面",
	"show_pause_desc":"啟用新聞推送",
	"show_lobby_title":"準備大廳",
	"show_lobby_desc":"啟用新聞推送",
	"show_spree_title":"挑戰大廳",
	"show_spree_desc":"啟用新聞推送",

	"OFFSET_X_title":"X坐標調整",
	"OFFSET_X_desc":"指定新聞顯示在哪的X坐標",

	"OFFSET_Y_title":"Y坐標調整",
	"OFFSET_Y_desc":"指定新聞顯示在哪的Y坐標",

	"PRESENT_TIME_title":"現在的時間",
	"PRESENT_TIME_desc":"每個標題出現需要多長時間",

	"SUSTAIN_TIME_title":"維持時間",
	"SUSTAIN_TIME_desc":"每個標題在屏幕上停留多長時間",

	"REMOVE_TIME_title":"淡去時間",
	"REMOVE_TIME_desc":"每個標題淡去需要多長時間",

	"MAX_NEWS_title":"最多加載的新聞數",
	"MAX_NEWS_desc":"最多加載的新聞數",

	"MAX_NEWS_SHOW_title":"最多顯示的新聞數",
	"MAX_NEWS_SHOW_desc":"最多顯示的新聞數",

	"MIX_title":"隨機新聞展示",
	"MIX_desc":"隨機新聞展示,如果禁用,將會按獲取到的順序顯示",

	"the_end_burn": "使畫像發光",
	"the_end_door": "開啟解密大門",

	"hints_1": "現在的P3DHack已經很棒了,再讓它更棒有些困難(腦洞不夠大)",
	"buy_premium": "查看高級版",
	"premium_buy_title": "購買高級版",

	"Free_Crime_Spree_title":"免費購買挑戰模式",

	"unlock_all_tiers":"解鎖全部等級",
	"set_killzone":"處死玩家",

	"reduce_damage_all":"只受到50%傷害",

	"hide_text_title":"關閉相關文字",
	"hide_text_desc":"關閉全部與P3DHack有關的文字",

	"reboard":"無限木板",
	"reboard_help":"勾選後可以無限封住窗戶",

	"mod_list_lite_title":"BLT界面卡頓修複",
	"mod_list_lite_desc":"當你勾選後可以解決進入BLT 模組時的莫名其妙卡頓的問題",

	"Delay_func_title" : "快速制毒",

	"AimMode_desc" : "選個模式",
	"aim_type_1" : "自動射擊",
	"aim_type_2" : "自瞄",
	"aim_type_3" : "自瞄+自動射擊",
	"RightClick_title" : "瞄準時才射擊",
	"RightClick_desc" : "勾選後只有在你右鍵瞄準時才會自動射擊",
	"AimbotInfAmmo_title" : "無限子彈",
	"AimbotDamageMul_title" : "傷害翻倍",
	"MaxAimDist_title" : "最大自瞄距離",

	"SafeSimulatorMenu_function" : "開箱模擬器",
	"ScamDetectionLevel_title" : "詐騙等級檢測",
	"ScamDetectionLevel_desc" : "您的檢測等級風險為 3 .",

	"vrmenu" : "VR專用菜單",
	"I_Use_VR_title" : "開啟VR模式",
	"I_Use_VR_desc" : "如果你正在使用VR玩,請務必勾上這個選項!",

	"ride_player" : "坐在玩家臉上",
	"increase_ladder" : "增加梯子的高度和寬度",
	"WORLD" : "世界",
	"RIVALS" : "敵對NPC",
	"only_for_you" : "僅為你",

	"troll_remove_body":"去除身體",
	"troll_remove_right_leg":"去除右腿",
	"troll_remove_left_leg":"去除左腿",
	"troll_remove_legs":"去除所有腿",
	"troll_stop_it":"停止",
	"troll_cut_head":"砍頭",
	"troll_hide_doors":"隱藏門",
	"troll_show_doors":"顯示門",
	"troll_upgrade_cameras":"攝像頭升級",

	"jerry1":"飛行",
	"jerry2":"身穿降落傘",
	"carry":"攜帶",
	"mask_off":"摘下面具",
	"clean":"清空",
	"civilian":"平民",
	"standard":"標準",
	
	"teleport_all_to_me":"傳送所有人到我身邊",

	"troll_activate_triggers":"啟用觸發器",
	"troll_enable_units":"啟用部件",
	"troll_disable_units":"停用部件",
	"troll_end_mission":"結束任務",

	"troll_world":"控制整個世界",

	"turret_spawn":"刷出炮塔",
	"turret_friendly":"友軍炮塔",
	"turret_enemy":"敵軍炮塔",

	"add_items_all_menu":"全部列表",
	"del_items_all_menu":"全部列表",
	"del_items_menu":"戴爾庫存菜單",

	"right_engine_menu":"正確的引擎菜單",
	"right_engine":"在HUD上顯示正確的引擎",
	"spawn_right_engine":"刷出正確的引擎",

	"save_and_reload_title":"保存並讀取",
	"save_and_reload_desc":"這項設置將會保存並立即應用您對配置菜單的任何更改",

	"P3DHack_Menu_title":"P3DHack 菜單",
	"P3DHack_Menu_desc":"快速並快捷的使用所有功能",

	"hud_function":"HUD功能",
	"hide_p3dhack_menu_desc":"在主菜單時隱藏P3DHack",
	"Hide_Functions":"隱藏功能",
	"hide_smoke_title":"隱藏煙霧",
	"hide_logo_title":"隱藏收獲日的Logo",
	"hide_pattern_title":"隱藏圖案",
	"hide_particles_title":"隱藏粒子效果",

	"Skip_Functions":"跳過功能",
	"Skip_Press_title":"僅需按下回車即可跳過",

	"global_unavailable":"當前不可用!",

	"helicopter":"直升機選項",
	"autoshoot":"自動射擊",
	"troll_activate_elements":"啟用詳情",
	"troll_open_doors":"開啟全部的門",
	"troll_close_doors":"關閉全部的門",
	"troll_open_vault":"開啟保險庫",
	"troll_close_vault":"關閉保險庫",
	"troll_remove_head":"讓所有敵人的頭部消失",
	"troll_invisible_spooks":"使間諜隱形",
	"troll_launch_cars":"發射所有玩家坐上的車",
	"troll_close_van_doors":"關閉箱子門",
	"troll_open_van_doors":"開啟箱子門",
	"rofl_drills":"讓人發笑的鉆機",

	"Speed_hack":"加速",

	"melee_range":"超長近戰範圍",
	"melee_charge":"超快近戰蓄力時間",
	"melee_no_delay":"超快近戰",

	"hider_title":"隱藏MOD",
	"hider_type_title":"你想隱藏什麽MOD?",

	"Only_P3D":"僅隱藏P3DHack",
	"All":"全部MOD",

	"Crosshair_title":"準星",

	"specific_weapons_unlocker_title":"特定武器解鎖器",

	"NewMenu_function":"自動運行的功能",

	"Dodge_Chance_Buff_title":"固定閃避幾率",

	"Dodge_Chance_Buff_Amount_title":"固定閃避幾率修改",
	"Dodge_Chance_Buff_Amount_desc":"0.1 = 10%, 1 = 100%",

	"Melee_Buff_title":"近戰傷害增加",
	"Melee_Buff_Amount_title":"近戰傷害倍數",

	"Unlimited_BodyBags_title":"無限屍體袋",
	"Jump_Mask_Off_title":"在踩點模式下跳躍",
	"Fast_Mask_title":"快速戴面具",
	"Infinite_Hostage_Follow_title":"無限人質跟蹤",
	"Interaction_CoolDown_title":"無互動冷卻",

	"Sixth_Sense_Reset_title":"第六感技能",
	"Sixth_Sense_Reset_desc":"勾選後第六感將會在你移動時刷新並標記而不是靜止",

	"Bag_CoolDown_title":"無包裹互動冷卻",

	"Camera_Bag_Explosion_Multiplier_title":"爆炸包裹相機傷害增加",
	"Camera_Bag_Explosion_Multiplier_desc":"你是否想開啟爆炸包裹相機傷害增加?(意義不明)",

	"Camera_Bag_Explosion_Multiplier_Amount_title":"傷害倍數",
	"Camera_Bag_Explosion_Multiplier_Amount_desc":"默認為 4",

	"Explosion_Buff_title":"全部爆炸物傷害增加",
	"Explosion_Buff_Amount_title":"全部爆炸物傷害倍數",

	"Lowered_Headbob_title":"降低頭部",

	"Toggle_Interact_title":"系統幫你按住F",
	"Toggle_Interact_desc":"勾選後按下F系統將會自動幫你保持按住F的狀態,再按F取消互動",

	"Grenade_Restrict_title":"潛行模式下無法扔出手雷",
	"Pager_Mod_title":"增加對講機回應次數",

	"Zipline_Drop_title":"允許運人的繩索運送包裹",

	"Classic_Open_Door_title":"經典選項的開啟所有門",
	"Classic_Open_Door_desc":"可能無法工作,它更偏向於特定的門",

	"New_Open_Door_title":"新選項的開啟所有門",
	"New_Open_Door_desc":"開啟所有除了經典選項能開的門以外所有的門",

	"Anti_Cheat_Disable_title":"關閉內置反作弊",
	"Anti_Cheat_Disable_desc":"允許你刷出包裹以及可以使用很多很多功能",

	"Secure_BodyBags_title":"使用屍體袋換錢",
	"Secure_BodyBags_Loot_Value_title":"屍體袋換錢數量",
	"Secure_BodyBags_Loot_Value_desc":"屍體袋可以換成多少錢呢?",

	"No_Job_Heat_title":"關閉重複進行搶劫時的懲罰",
	"Job_Heat_Amount_title":"設置搶劫任務額外經驗加成",
	"Job_Heat_Amount_desc":"默認 1.15 = 15%",

	"XP_Multiplier_title":"經驗增加",
	"XP_Multiplier_Amount_title":"經驗增加倍數",

	"othermenu_function":"雜項",

	"Rats_Message_title":"制毒助手",
	"Rats_Message_desc":"在聊天窗口上顯示你要添加的原料",

	"Delay_title":"延遲時間",
	"CookMeth_function":"制毒相關",

	"troll_alarm":"呼叫110(嘿嘿嘿....)",
	
	"alarm_crim":"舉報有犯罪行為",
	"alarm_gun":"舉報有槍聲",
	"alarm_exp":"舉報有爆炸聲",
	"alarm_mon":"舉報有怪物!",

	"delete_units":"刪除地圖中所有的同步單位",
	"mute_ply":"屏蔽他",
	"kick_all":"踢掉所有人",
	"crash_game":"讓他的遊戲閃退",

	"Bullet_Penetration_func":"子彈穿墻相關",
	"Bullet_Penetration_Shield_title":"可穿透警衛盾牌",
	"Bullet_Penetration_Enemy_title":"可穿透敵人",
	"Bullet_Penetration_Wall_title":"可穿透墻壁",
	"Skip_End_Screen_title":"快速結算",

	"other_menus":"雜項菜單",

	"Bag_mod_toggle":"包裹切換",
	"change_statistic":"修改個人統計信息",

	"p3dtext_language_title" : "語言",
	"dlc_title":"解鎖全部DLC [Cheater tag]",
	"skin_title":"解鎖全部皮膚",
	"skin_armor_title":"解鎖全部護甲皮膚",

	"noclip_title":"穿墻模式",

	"rave_title":"人質快速跟蹤",
	"rave_desc":"你討厭人質跟著你的時候慢的一逼嗎?那就開!",

	"antistop_title":"無視STC實施的慢動作",
	"antistop_desc":"MOD全名:(Stop The Cheater)",

	"antistop_info_title":"反查誰用了STC",
	"antistop_info_desc":"反查誰用了STC",

	"slow_attention":"慢動作警告!",
	"slow_you":" 的STC已自動讓您的速度變慢!",

	"change_statistic_total_kills_title":"殺敵總數",
	"change_statistic_specials_kills_title":"特殊敵人殺敵總數",
	"change_statistic_head_shots_Amount_title":"爆頭總數",
	"change_statistic_accuracy_Amount_title":"精準度百分比",
	"change_statistic_downs_Amount_title":"倒地次數",

	"Language_text":"語言選擇相關",
	"antistopthecheater_function":"無視STC慢動作相關",
	"Main_function":"主要功能相關",
	"Free_function":"免費購買相關",
	"locator_function":"目標指示器相關",
	"Keyboard_Auto_Config":"自動綁定鍵位相關",
	"Auto_func":"自動啟用的功能",
	"change_statistic_function":"修改個人統計信息",

	"text_in_game_title":"不顯示主菜單上的P3DHack相關文字",
	"text_in_game_desc":"勾選後主菜單將不會再有P3DHack的相關文字",

	"Favors_title":"無限規劃點數",
	"Free_Assets_title":"免費購買資產",
	"Free_Casino_title":"免費離岸商店下註",
	"Free_Contracts_title":"免費購買搶劫合約",
	"Free_Masks_title":"免費購買面具",
	"Free_PrePlanning_title":"免費購買事前準備道具",
	"Free_Slots_title":"免費購買武器/面具欄位",
	"Free_Weapons_title":"免費購買武器",
	"Free_Weapon_Mods_title":"免費購買武器配件",

	"Jumper_set_title":"跳躍高度",
	"No_FlashBang_title":"無視閃光彈",
	"No_Recoil_title":"無後坐力",
	"No_Spread_title":"無擴散",
	"Infinite_Stamina_title":"無限體力",
	"Dropin_Pause_Remove_title":"玩家中途加入時不暫停",
	"Auto_Pick_Card_title":"自動選擇卡牌",

	"X_Ray_title":"X光透視",
	"X_Ray_desc":"默認按鍵是X",
	
	"Full_Replenish_title":"血量與彈藥恢複",
	"Full_Replenish_desc":"默認按鍵是Z",
	
	"Ammo_Replenish_title":"彈藥恢複",
	"Ammo_Replenish_desc":"默認按鍵是C",
	
	"Vehicle_Spawn_title":"刷出可開動的車輛",
	"Vehicle_Spawn_desc":"默認按鍵是V",
	
	"Grenade_Spawn_title":"刷出手雷",
	"Grenade_Spawn_desc":"默認按鍵是B",
	
	"Grenade_Spawn_Type_title":"刷出的手雷類型",
	"Grenade_Spawn_Type_desc":"設置刷出的手雷類型",

	"Hud_Toggle_title":"關閉HUD界面",
	"Hud_Toggle_desc":"默認按鍵是F10",
	
	"Gage_Package_title":"刷出蓋奇包裹",
	"Gage_Package_desc":"默認按鍵是\\(|)",
	
	"Restart_Job_title":"重新開始任務",
	"Restart_Job":"默認按鍵是小鍵盤/",
	
	"Ultimate_Kill_title":"殺死所有非友軍AI",
	"Ultimate_Kill_desc":"默認按鍵是小鍵盤*",

	"Auto_Drill_Service_desc":"當鉆機出現故障時自動修複",
	"Carry_Mod_desc":"刪除所有包裹和擁有爆炸屬性的彈藥的重量",

	"Interact_Distance_Amount_title":"互動距離",
	"Instant_Interact_With_Anything_desc":"開啟後互動不再需要某項物品做優先條件",

	"Weapon_Damage_Multiplier_Amount_title":"武器傷害倍數",
	"Weapon_Fire_Rate_Multiplier_title":"Fire Rate Buff",

	"waypoints_showDistance" : "顯示距離",
	"waypoints_showDistance_desc" : "顯示玩家跟目標的距離",
	"waypoints_showGagePickups" : "顯示蓋奇包裹",
	"waypoints_showGagePickups_desc" : "顯示蓋奇包裹",
	"waypoints_showPlanks" : "顯示木板",
	"waypoints_showPlanks_desc" : "顯示木板",
	"waypoints_showSmallLoot" : "顯示零碎物品",
	"waypoints_showSmallLoot_desc" : "錢/首飾等...",
	"waypoints_showCrates" : "顯示板條箱",
	"waypoints_showCrates_desc" : "像選舉日/暗影突襲里的板條箱",
	"waypoints_showDoors" : "顯示門",
	"waypoints_showDoors_desc" : "顯示門",
	"waypoints_showCameraComputers" : "顯示監控地點",
	"waypoints_showCameraComputers_desc" : "顯示出在哪里可以連接攝像頭",
	"waypoints_showDrills" : "顯示可放置的鉆機",
	"waypoints_showDrills_desc" : "顯示可放置的鉆機",
	"waypoints_showThermite" : "顯示鋁熱劑",
	"waypoints_showThermite_desc" : "顯示鋁熱劑並且告訴你在哪里使用",
	"waypoints_showSewerManhole" : "顯示下水道井蓋",
	"waypoints_showSewerManhole_desc" : "顯示下水道井蓋",
	"waypoints_showHUDMessages" : "顯示HUD信息",
	"waypoints_showHUDMessages_desc" : "在HUD上顯示關於目標指示器的信息",
	"waypoints_makeNoise" : "制造聲響",
	"waypoints_makeNoise_desc" : "當腳本運行時制造聲響",
	"waypoints_iterativeToggle" : "目標指示器切換",
	"waypoints_iterativeToggle_desc" : "開啟時,它會自動找到下一個可用的目標指示器顯示.\n關閉表示它將一次顯示所有航點.",
	"waypoints_sheaterNewb" : "向其他玩家公開信息",
	"waypoints_sheaterNewb_desc" : "開啟後能夠向其他人顯示很多東西(如山羊和投票機)",

	"main_menu_p3dhack" : "主菜單",
	"main_menu_help_p3dhack" : "打開主菜單",
	"previous_menu_p3dhack" : "上一頁",
	"previous_menu_help_p3dhack" : "退到上一頁",
	"next_menu_p3dhack" : "下一頁",
	"next_menu_help_p3dhack" : "進入下一頁",
	"prew_menu_p3dhack" : "上一頁",
	"prew_menu_help_p3dhack" : "退到上一頁",
	"close_menu_p3dhack" : "關閉",
	"close_menu_help_p3dhack" : "關閉菜單",

	"global_host" : "僅限主機使用!",
	"global_host_" : "不可用(僅限主機使用)",
	"global_on" : "已開啟",
	"global_off" : "已關閉",
	"global_p3dhack" : "P3DHack",
	"global_premium" : "僅限高級版使用!",

	"mouse_teleport" : "傳送完畢!",

	"num_jump" : "超級跳",
	"num_kill" : "所有非友軍AI已死亡(包括友軍警察)",
	"num_pg_answer" : "已回答對講機並包裹屍體",

	"main_menu_f1" : "自己的設置菜單",
	"fast_f1" : "主要選項",
	"godmode" : "無敵模式",
	"godmode_help" : "不受任何傷害與控制(包括楊教授的電擊)",
	"friendfire" : "友軍傷害",
	"friendfire_help" : "可以傷害友軍",
	"modif_f1" : "次要選項",
	"drillservice" : "自動修複鉆機",
	"drillservice_help" : "當鉆機出現故障時自動修複",
	"carrymod" : "輕裝上陣",
	"carrymod_help" : "允許你攜帶所有包裹時奔跑並刪除所有包裹和RPG子彈的重量",
	"carrycross" : "扔出的包裹刷在準星上",
	"carrycross_help" : "如果你想同時使用允許攜帶多包裹和這個,那麽請先啟用這個功能,否則不會生效!",
	"spooccuffselfon" : "去除劍聖踢倒",
	"spooccuffselfon_help" : "劍聖踢倒你後,你將會被銬住而不是倒地!",
	"infammobag" : "無限使用彈藥包",
	"infammobag_full_" : "無限使用彈藥包",
	"InfiniteSpecial_" : "無限使用小道具",
	"InfiniteSpecial_help" : "比如綁人用的繩子/木板/鑰匙卡等...",
	"inf_converts" : "無限轉換敵人",
	"carrystack" : "允許攜帶多包裹",
	"carrystack_help" : "警告!!!如果你不是主機你將會得到紅名作弊者!",
	"carrylimit" : "多包裹重量疊加",
	"carrylimit_help" : "攜帶多個包裹時將會疊加每個包裹的重量",
	"infdocbag" : "無限使用醫療包",
	"infdocbag_full" : "使用醫療包不消耗醫療包的使用次數",
	"inf_ecm" : "ECM幹擾器無限幹擾(非反饋)",
	"infmessiah" : "無限使用技能:彌賽亞",
	"inf_pager_answers" : "無限應答對講機",
	"instantdom" : "秒速轉換敵人",
	"instantdrill" : "秒速完成入侵/鉆機",
	"instantdrill_help" : "如果已經在入侵/鉆機,那麽也可以開啟來立刻完成",
	"intdist" : "增加互動距離",
	"instantinteract" : "秒速完成互動",
	"instantinteract_help" : "(除了帶面具!)例如撬鎖/應答/放置物等一切需要互動的地方",
	"interactanyhting" : "不需要物品也能成功互動",
	"interactwall" : "允許穿墻互動",
	"nohitdis" : "刪除被擊中/高處掉落的眩暈",
	"smlootmulti" : "零碎現金獲取錢數翻倍",
	"smlootmulti_help" : "適用於任何可直接獲取並得到金錢的物品",
	"ZiplineBag" : "運人繩索解鎖",
	"ZiplineBag_help" : "允許你在運輸人用的繩索運輸包裹",

	"infsentry" : "崗哨機槍無限子彈",
	"godsentry" : "崗哨機槍無敵",
	"BulletExplode" : "爆炸子彈",
	"BulletFire" : "火焰子彈",
	"damagebuff" : "一擊必殺",
	"fireratebuff" : "射速翻倍",
	"infammo" : "無限彈藥",

	"main_menu_f3" : "潛行的設置菜單",
	"mind_enemies_menu" : "敵人相關",
	"mind_civs_menu" : "平民相關",
	"pigsfly" : "讓他們飛起來",
	"copsquit" : "恐嚇他們",
	"drunkpigs" : "讓他們眩暈",
	"civdance" : "讓他們跳舞",
	"civsmoke" : "讓他們吸煙",
	"civcower" : "讓他們躺下",
	"phonycivs" : "讓他們玩手機",
	"main_menu_f3_1" : "主要選項",
	"cops_dont_shoot" : "所有AI不開槍",
	"cops_dont_shoot_help" : "警察/友軍AI將無法開槍",
	"disable_cams" : "關閉所有攝像頭",
	"disable_pagers" : "無需應答對講機",
	"free_kill" : "免費殺戮平民",
	"pagedom" : "警衛投降不需要應答",
	"pagedom_help" : "如果正在使用秒速控制這個必須先啟用才會生效!",
	"prevent_panic_buttons" : "平民不會按緊急按鈕",
	"people_dont_call_police" : "永遠不會有警報",
	"lobai" : "AI變傻子",
	"randompage" : "最多應答4個對講機",
	"randompage_help" : "當應答的對講機達到4個以後,以後再殺死的警衛不再會要求應答對講機",
	"steal_pagers_on_melee" : "偷取對講機",
	"steal_pagers_on_melee_help" : "當你用近戰殺死一個警衛之後會直接偷走對講機(無需應答)",
	"unlmessiah" : "解鎖技能:彌賽亞",
	"convertall" : "轉換全部敵人為友軍",
	"convertall_full" : "全部敵人已轉換為友軍!",
	"remote_camera" : "遠程連接攝像頭",

	"main_menu_f4" : "任務的設置菜單",
	"bettyboom" : "AI死亡後掉出炮彈",
	"bettyboom_full" : "AI死亡後掉出炮彈",
	"bettyboom_help" : "當AI死亡後會從屍體飛出2包炮彈(爆頭翻倍掉落)",
	"dirtymoney" : "AI死亡後掉出黃金",
	"dirtymoney_help" : "當AI死亡後會從屍體飛出2包黃金(爆頭翻倍掉落)",
	"autocook" : "自動制作冰毒",
	"autocook_full" : "自動制作冰毒",
	"autocook_help" : "自動幫忙制作冰毒,需要有化學藥品才能繼續!",
	"m_info" : "主要選項",
	"civil" : "恐嚇所有平民",
	"civil_help" : "通過多按幾次來讓他們都趴下,配合綁住更佳",
	"instaboardst" : "堵上所有可堵上的窗戶",
	"instaboardst_help" : "將會用木板把所有可以堵上的窗戶堵上",
	"cutglass" : "割開所有玻璃",
	"heistintel" : "跳下火車",
	"heistintel_help" : "只能在運輸任務使用",
	"heistintel_only" : "僅限運輸關卡!",
	"getpatht" : "獲取所有道具",
	"getpatht_help" : "請務必啟用允許攜帶多包裹!",
	"grabcourier" : "獲取所有蓋奇包裹",
	"grabcourier_help" : "獲取所有蓋奇包裹",
	"grabgear" : "抓住齒輪",
	"grabgear_help" : "按兩次抓住齒輪",
	"grabgear_only" : "僅限金牙大賭場關卡!",
	"anticheat_info" : "反作弊狀態",
	"anticheat" : "關閉反作弊",
	"anticheat_help" : "開啟或關閉反作弊",
	"InstantHackAll" : "駭入所有電器",
	"InstantHackAll_help" : "駭入所有可駭入的電腦/鍵盤/電話或電箱(電箱需要按2次)",
	"GrabDiamond" : "直接拿到希望藍鉆",
	"GrabDiamond_help" : "需要按2次才能拿到希望藍鉆!",
	"GrabDiamond_only" : "僅限鉆石大劫案關卡!",
	"instanthackmachines" : "駭入所有已被發現的投票機",
	"instanthackmachines_only" : "僅限選舉日第2天關卡!",
	"opencrate" : "打開所有板條箱",
	"opencrate_help" : "例如選舉日第2天/暗影突襲的板條箱等...",
	"bankbuster" : "撬開所有儲蓄箱",
	"picklockst" : "撬開所有門與窗戶",
	"picklockst_help" : "撬開所有可以撬開的門與窗戶",
	"picklockst1" : "撬開所有保險箱",
	"picklockst1_help" : "打開所有保險箱包括儲蓄箱",
	"c4open" : "用C4摧毀所有可摧毀的東西",
	"jobwin_jobloss" : "勝利/失敗 選項",
	"jobloss" : "直接失敗",
	"jobwin" : "直接勝利",
	"ecmopen" : "開啟所有安全門",
	"usekeycardt" : "開啟所有要鑰匙卡的門",
	"usekeycardt_help" : "打開任何使用鑰匙卡的門,包括安全門",
	"xmaspresent" : "打開所有禮物",
	"xmasflare" : "點燃信號彈",
	"DrillAll" : "放置/修複所有鉆機",
	"DrillAll_help" : "放置或修複所有可以進行的鉆機",
	"takeintel" : "拿走所有設備",
	"takeintel_help" : "如果設備在保險箱里,按2次",
	"instanttie" : "綁住所有平民",
	"instanttie_help" : "必須先恐嚇他們並讓他們都趴下",
	"heistintel_info" : "設備已經放下",
	"civilsdown_info" : "所有平民已經被恐嚇",
	"c4open_info" : "已在所有可放置C4的地方安放C4",
	"grabgear_info" : "已抓住齒輪",
	"xmasflare_info" : "已點燃信號彈呼叫直升機",
	"xmaspresent_info" : "所有未打開的禮物均已打開",
	"ecmopen_info" : "所有安全門已開啟",
	"getpatht_info" : "已解決卡關問題!",
	"grabcourier_info" : "已獲取所有蓋奇包裹",
	"takeintel_info" : "全部設備已被獲取",
	"takeintel1_info" : "設備",
	"InstantHackAll_info" : "所有電腦/鍵盤/電箱已被駭入",
	"cutglass_info" : "已割開所有玻璃",
	"instanthackmachines_info" : "已開始駭入所有已發現的投票機",
	"instanttie_info" : "已綁住所有平民",
	"usekeycardt_info" : "已打開所有需要鑰匙卡開啟的門",
	"opencrate_info" : "已打開所有的板條箱",
	"GrabDiamond_info" : "已獲得希望藍鉆!",
	"picklockst_info" : "已撬開所有門與窗戶",
	"picklockst1_info" : "已撬開所有保管箱",
	"bankbuster_info" : "已撬開所有儲蓄箱",
	"DrillAll_info" : "所有鉆機已被安裝/修複",
	"instaboardst_info" : "所有窗戶已被堵上",

	"main_menu_f5" : "物品的設置菜單",
	"main_menu_f5_text1" : "道具菜單",
	"main_menu_f5_text2" : "搶劫物菜單",
	"main_menu_f5_text3" : "任務需求包裹菜單",
	"main_menu_f5_text4" : "引擎包裹菜單",
	"add_items_menu" : "增加指定任務道具",
	"fugas_f5" : "炮彈",
	"spawn_f5" : "包裹菜單",
	"engine_menu" : "引擎包裹菜單",
	"equipment_menu_f5" : "任務需求包裹菜單",
	"loot_menu_f5" : "搶劫包裹菜單",
	"main_menu_f5_text5" : "刷出時的設置",
	"main_menu_f5_text6" : "刷出時帶在自己身上",
	"main_menu_f5_text7" : "刷出時天上下包雨(共100個)",
	"main_menu_f5_text7_help" : "請不要點擊過多次,不然遊戲會變的非常卡!",
	"main_menu_f5_text8" : "刷出在準星上",
	"main_menu_f5_text12" : "包裹設置",
	"main_menu_f5_text9" : "包裹所有未包裹的屍體",
	"main_menu_f5_text9_help" : "僅限潛入狀態使用!強攻狀態無效!",
	"main_menu_f5_text10" : "炮彈不爆炸",
	"main_menu_f5_text10_help" : "會爆炸的包裹將不會再爆炸",
	"main_menu_f5_text11" : "拿上全部包裹",
	"main_menu_f5_text11_help" : "必須啟用允許攜帶多包裹,不然多余的包裹將會原地消失",
	"main_f5_text" : "一般道具",
	"cable_tie" : "電纜束",
	"organs" : "器官",
	"add_items_menu_f5" : "化學藥品",
	"add_items_menu_f5_" : "各種條形碼",
	"add_items_menu_f5__" : "霍斯頓越獄道具",
	"add_items_menu_f5___" : "金牙大賭場道具",

	"main_menu_f6" : "金錢的設置菜單",
	"main_menu_f6_text1" : "超級搶劫幫助者 69000",
	"main_menu_f6_text2" : "附加菜單",
	"takeloot" : "包裹全部搶劫物",
	"takeloot_help" : "必須開啟允許攜帶多包裹不然多余的包裹將會原地消失",
	"InteractType" : "拿走全部零碎物品",
	"OpenAtm" : "打開所有ATM機/拿走所有物品",
	"OpenAllLoot" : "打開所有ATM機/保險箱/驗鈔機",
	"main_menu_f6_text3" : "增加搶劫物",
	"securesmloot" : "增加一些零碎現金",
	"main_menu_f6_text4" : "全部搶劫物已打包",
	"main_menu_f6_text5" : "已增加一些零碎現金",

	"main_menu_f7" : "互動的設置菜單",
	"main_menu_f7_text1" : "勾選後互動所需時間均變為3秒",
	"InteractDrillJam" : "修複/升級鉆機",
	"InteractECMJam" : "放置ECM開啟安全門/ATM機等...",
	"InteractPager" : "應答對講機",
	"InteractPickLock" : "撬鎖",
	"InteractRevive" : "救起玩家",

	"main_menu_f8" : "控制的設置菜單",
	"main_menu_f8_text1" : "控制其他玩家",
	"main_menu_f8_text2" : "控制自己",
	"main_menu_f8_player" : "控制 ",
	"main_menu_f8_text3" : "玩家控制菜單",
	"main_menu_f8_text4" : "選擇個別玩家",
	"main_menu_f8_text5" : "隊伍控制選項",
	"syncbleedall" : "使所有玩家出血",
	"synccuffall" : "扇所有玩家巴掌",
	"syncincaall" : "弄壞所有玩家",
	"synctaseall" : "電擊所有玩家",
	"main_menu_f8_text6" : "個別玩家",
	"main_menu_f8_text7" : "其他",
	"releaseteam" : "釋放所有玩家",
	"sendalltojail_team" : "抓捕所有玩家",
	"main_menu_f8_text8" : "你自己",
	"main_menu_f8_text9" : "對自己的選項",
	"stateblood" : "出血",
	"statecuffs" : "扇自己巴掌",
	"stateinca_me" : "弄壞自己",
	"stateinca" : "弄壞",
	"statetased" : "電擊",
	"releaseme" : "釋放自己",
	"lockmeup" : "抓自己進監獄",
	"main_menu_f8_text11" : "玩家狀態選項",
	"main_menu_f8_text12" : "監獄/傳送設置",
	"syncreleaseply2" : "從監獄釋放",
	"sendalltojail" : "抓進監獄",
	"teleporttoply" : "傳送至...",
	"syncforceengine" : "強制攜帶引擎",
	"main_menu_f8_text13" : "設置",
	"depositfill" : "填充儲蓄箱",
	"depositfill_help" : "在一些關卡里可能不會工作!",
	"openvault" : "開啟地圖里所有的門",
	"openvault_help" : "註：也會開啟金庫門!!!!",
	"overdrill" : "開啟金庫門",
	"overdrill_help" : "開啟金庫門",
	"overdrill_only" : "該關卡無法使用!",
	"main_menu_f8_text14" : "所有的門均已開啟",
	"main_menu_f8_text15" : "儲蓄箱已填充",
	"main_menu_f8_text16" : "剩余",
	"I_am_best" : "修改個人統計信息",
	"cops_to_bulld" : "死亡的警察會轉換成重甲",
	"replace_cops" : "轉換所有警察為重甲",
	"tm_gm" : "為所有隊友啟用無敵模式",
	"invisible_player" : "隱形",

	"main_menu_f10" : "快速遊玩的菜單",
	"infamy_level_menu" : "惡名菜單",
	"infamy_points_menu" : "惡名菜單",
	"inventory_menu" : "庫存菜單",
	"clear_inventory_menu" : "清空庫存菜單",
	"add_inventory_menu" : "增加至庫存菜單",
	"level_menu" : "等級菜單",
	"money_menu" : "金錢菜單",
	"skill_menu" : "技能賦菜單",
	"perk_menu" : "天賦菜單",
	"add_achieve_menu" : "添加成就菜單",
	"rem_achieve_menu" : "刪除成就菜單",
	"continental_coins_menu" : "歐洲幣菜單",
	"main_menu_f10_text1" : "菜單",
	"main_menu_f10_text4" : "惡名等級設置",
	"main_menu_f10_text5" : "惡名點數菜單",
	"main_menu_f10_text8" : "惡名點數菜單",
	"main_menu_f10_text9" : "庫存菜單",
	"un1" : "解鎖設置",
	"un2" : "解鎖所有道具",
	"un3" : "解鎖所有欄位",
	"un4" : "解鎖所有顏色",
	"un5" : "解鎖所有面具",
	"un6" : "解鎖所有圖案",
	"un7" : "解鎖所有材質",
	"un8" : "解鎖所有武器",
	"un9" : "解鎖所有獎杯",
	"un10" : "其他",
	"un11" : "刪除新道具會有感嘆號標記",
	"un12" : "解鎖設置(DLC)",
	"un13" : "解鎖所有武器配件",
	"del1" : "刪除個別欄位",
	"del2" : "刪除所有面具欄位",
	"del3" : "刪除所有主要武器欄位",
	"del4" : "刪除所有次要武器欄位",
	"del5" : "刪除/鎖定全部欄位和道具",
	"del6" : "刪除所有道具",
	"del7" : "刪除所有欄位",
	"del8" : "鎖定所有道具",
	"del9" : "刪除個別道具",
	"del10" : "刪除所有顏色",
	"del11" : "刪除所有面具",
	"del12" : "刪除所有材料",
	"del13" : "刪除所有圖案",
	"del14" : "刪除所有武器配件",
	"add_item1" : "給所有道具增加1",
	"add_item2" : "給所有顏色增加1",
	"add_item3" : "給所有道具增加1",
	"add_item4" : "給所有面具增加1",
	"add_item5" : "給所有材料增加1",
	"add_item6" : "給所有圖案增加1",
	"add_item7" : "給所有武器配件增加1",
	"add_item8" : "給所有道具增加5",
	"add_item9" : "給所有顏色增加5",
	"add_item10" : "給所有東西增加5",
	"add_item11" : "給所有面具增加5",
	"add_item12" : "給所有材料增加5",
	"add_item13" : "給所有圖案增加5",
	"add_item14" : "給所有武器配件增加5",
	"add_money" : "金錢",
	"add_money1" : "清空金錢設置",
	"add_money2" : "清空所有金錢",
	"add_money3" : "增加金錢",
	"add_money4" : "增加100萬+400萬離岸賬戶",
	"add_money5" : "增加1千萬+4千萬離岸賬戶",
	"add_money6" : "增加1億+4億離岸賬戶",
	"add_money7" : "增加10億+40億離岸賬戶",
	"add_money8" : "增加100萬",
	"add_money9" : "增加1千萬",
	"add_money10" : "增加1億",
	"add_money11" : "增加10億",
	"add_skill1" : "技能",
	"add_skill3" : "解鎖所有技能",
	"add_skill4" : "技能點設置",
	"add_perk" : "天賦設置",
	"add_perk1" : "清空所有天賦點",
	"add_perk2" : "解鎖全部天賦",
	"add_perk3" : "天賦點設置",
	"add_continental" : "增加1個歐洲幣",
	"add_achievement" : "成就設置",
	"add_achievement2" : "增加個別成就",
	"add_achievement3" : "刪除個別成就",
	"add_achievement4" : "鎖定所有成就",
	"add_achievement5" : "解鎖所有成就",
	"ai_menu3" : "劍聖只會銬住AI",
	"text_f10_1" : "進行任務前的設置菜單",
	"text_f10_4" : "主要設置",
	"dontwait" : "強制開始遊戲",
	"dontwait_help" : "強制開始遊戲",
	"getemall" : "解鎖全部有利物品",
	"text_f10_5" : "遊戲內設置",
	"text_f10_12" : "屍體袋可以換錢",
	"text_f10_13" : "系統幫忙按住F",
	"text_f10_3с_1" : "潛行下無法扔出手雷",
	"text_f10_3с_1_help" : "潛行下無法扔出手雷",
	"text_f10_3с_2" : "無有去無回計時器",
	"text_f10_3с_6" : "增加對講機應答次數",
	"text_f10_3с_6_help" : "增加對講機應答次數",
	"text_f10_3с_10" : "經驗增加",
	"text_f10_3с_10_help" : "經驗增加",
	"text_f10_3с_11" : "HUD已開啟",

	"main_menu_num" : "生成的設置菜單",
	"spawn_menu" : "刷出敵人/友軍",
	"spawn_on_self_unt" : "刷出普通敵人",
	"spawn_on_self_spec_unt" : "刷出特殊敵人",
	"spawn_on_self_gensec_unt" : "刷出精英敵人",
	"spawn_on_self_unt_frnd" : "刷出普通隊友",
	"spawn_on_self_spec_unt_frnd" : "刷出特殊隊友",
	"spawn_on_self_gensec_unt_frnd" : "刷出精英隊友",
	"spawn_frnd" : "刷出平民",
	"spawn_band" : "刷出恐怖分子",
	"spawn_equipment" : "在準星上刷出放置物",
	"spawn_lootmode" : "在準星上刷出/搶劫物/物品/車輛",
	"spawn_menu_1_1" : "敵人和友軍",
	"spawn_menu_1_2" : "請在只有該人物的關卡里點擊!不然遊戲會閃退!",
	"spawn_menu_bandit" : "強盜",
	"FR_1" : "平民",
	"FRFR1" : "GENSEC部隊",
	"FRFR4" : "高級重裝",
	"FRP1" : "護盾",
	"FRP3" : "劍聖",
	"FRP4" : "狙擊手",
	"FRP6" : "楊教授",
	"FRP7" : "重裝",
	"FR0" : "普通警察",
	"FR4" : "特種部隊",
	"FR6" : "強化特種部隊",
	"FR7" : "FBI",
	"FR9" : "強化FBI",
	"FR10" : "帶有對講機的警衛"
}