{
	"menu_jowi" : "Wick",
	"menu_risk_elite" : "Todeswunsch. Ungeheuer viel ERF und Bargeld.",
	"menu_difficulty_apocalypse" : "Todeswunsch",
	"hud_int_hold_grab_the_bag" : "Halte $INTERACT um $BAG zu nehmen",

	"wolfhud_dialog_force_start_title" : "Erzwinge Spielstart?",
	"wolfhud_dialog_force_start_desc" : "Bist du sicher, das du den Spielstart erzwingen möchtest?\n\nBitte nutze diese Funktion nur für verbuggte Lobbies oder wenn Spieler afk sind.\nLasse deinen Mitspielern genügend Zeit, ihr Loadout zu wählen.\n\nDankeschön :)",
	"wolfhud_dialog_install_title" : "Installiere: $NAME",
	"wolfhud_dialog_install_desc" : "Möchtest du, dass wir '$NAME' installieren?\nWir werden die notwendigen Ordner erstellen, sodass BLT dich nach dem Neustart des Spiels auf ein Update hinweisen wird.\n(Das Erstellen der Ordner kann zur Minimierung des Spiels führen.)",
	"wolfhud_dialog_remind_later" : "Erinnere mich später",
	"wolfhud_dialog_install_fed_inv_desc" : "Federal Inventory ist ein override mod für bunte Waffen-, Masken- und Equipment-Bilder.\nEs passt hevorragend zu CustomHUD und unterstützt automatische Updates durch BLT.",
	"wolfhud_dialog_rename_inv_tab" : "Benenne Inventar Seite",
	"wolfhud_dialog_rename_inv_tab_desc" : "Bitte gib einen neuen Namen für die aktuelle Inventarseite ein.",
	"wolfhud_dialog_save" : "Speichern",
	"wolfhud_dialog_requires_superblt_title" : "[WolfHUD] SuperBLT nicht gefunden!",
	"wolfhud_dialog_requires_superblt_desc_long" : "WolfHUD benötigt SuperBLT um zu funktionieren.\nSuperBLT ist eine Abspaltung vom originalen BLT Mod-Loader für PAYDAY 2, mit einigen Verbesserungen. \nEs ist voll rückwärts-kompatibel mit anderen BLT mods.\n\nDu findest weitere Informationen und eine Installationsanleitung unter: \n$URL",
	"wolfhud_dialog_requires_superblt_desc_short" : "WolfHUD ist nicht länger mit BLT kompatibel.\nBitte update auf SuperBLT um es weiter zu nutzen.\nDu findest SuperBLT unter '$URL'.",
	"wolfhud_dialog_update_install_folder_title" : "[WolfHUD] Auto-Updates compromised!",
	"wolfhud_dialog_update_install_folder_desc" : "For automatic updates, WolfHUD's install folder \nneeds to be named 'mods/WolfHUD-master/'. \n(Currently its 'mods/$FOLDER/')",
	"woldhud_notification_disabled_override_title" : "WolfHUD: $NAME ist zurzeit deaktiviert.",
	"woldhud_notification_disabled_override_desc" : "Wenn du es dir anders überlegt hast, klicke hier.",
	"woldhud_notification_restart_override_title" : "WolfHUD: $NAME ist bereit zur Installation.",
	"woldhud_notification_restart_override_desc" : "Bitte starte dein Spiel neu, um den Download zu starten.",

	"wolfhud_int_locked" : "DRÜCKE $BTN_CANCEL UM ABZUBRECHEN",
	"wolfhud_int_locked_pager" : "DRÜCKE $BTN_CANCEL UM ABZUBRECHEN\n(LÖST ALARM AUS)",

	"wolfhud_buy_all_assets" : "Kaufe Alles",
	"wolfhud_buy_all_assets_desc" : "Kaufe alle Vorteile, die du erwerben kannst.",

	"wolfhud_preplanning_save" : "Plan speichern",
	"wolfhud_preplanning_load" : "Plan laden",
	"wolfhud_preplanning_reset" : "Plan zurücksetzen",
	"wolfhud_preplanning_reset_all" : "Alles zurücksetzen",
	"wolfhud_preplanning_delete" : "Plan löschen",
	"wolfhud_preplanning_save_tooltip_title" : "Speichere aktuellen Plan:",
	"wolfhud_preplanning_save_tooltip_desc" : "Speichere den aktuellen Plan, um es das nächste mal bei dieser Mission leichter zu haben.",
	"wolfhud_preplanning_load_tooltip_title" : "Lade gespeicherten Plan:",
	"wolfhud_preplanning_load_tooltip_desc" : "Öffnet ein Menü mit all deinen gespeicherten Plänen. Wähle den Plan, den du laden möchtest.",
	"wolfhud_preplanning_reset_tooltip_title" : "Zurücksetzen den Plans:",
	"wolfhud_preplanning_reset_tooltip_desc" : "Entfernt alle Vorteile die du platziert hast, und setzt deine Wahlen auf den Standart zurück.",
	"wolfhud_preplanning_reset_all_tooltip_title" : "Komplettes zurücksetzen den Plans:",
	"wolfhud_preplanning_reset_all_tooltip_desc" : "Entfernt alle Vorteile, die von dir und anderen platziert worden sind, und setzt deine Wahlen auf den Standart zurück.",
	"wolfhud_preplanning_delete_tooltip_title" : "Lösche gespeicherten Plan:",
	"wolfhud_preplanning_delete_tooltip_desc" : "Entferne nicht länger benötigte gespeicherte Pläne, um die Übersicht zu behalten.",
	"wolfhud_preplanning_manager_title" : "Vorausplanungs-Manager",
	"wolfhud_preplanning_error_no_saved_plans" : "Keine gespeicherten Pläne gefunden.",
	"wolfhud_preplanning_error_max_plans_reached" : "Maximale Anzahl an gespicherten Plänen erreicht.",
	"wolfhud_preplanning_votes_title" : "Wahlen:",
	"wolfhud_preplanning_assets_title" : "Vorteile:",
	"wolfhud_preplanning_dialog_save" : "Plan speichern?",
	"wolfhud_preplanning_dialog_save_desc" : "$PLAN\n\n\nBitte gib diesem Plan einen Namen.\n(Die Wahl eines existierenden Namens wird diesen überschreiben.)",
	"wolfhud_preplanning_dialog_delete" : "Plan löschen?",
	"wolfhud_preplanning_dialog_delete_desc" : "Bist du sicher, das du den Plan '$NAME' löschen möchtest?",
	"wolfhud_preplanning_msg_saved_success" : "Der aktueller Plan wurde erfolgreich gespeichert.",
	"wolfhud_preplanning_msg_saved_failed" : "Das Speichern des aktuellen Plans ist fehlgeschlagen.",
	"wolfhud_preplanning_msg_no_save_slot" : "Maximale Anzahl an gespicherten Plänen erreicht.",
	"wolfhud_preplanning_msg_no_current_plan" : "Es ist zurzeit nichts geplant, das gespeichert werden könnte.",
	"wolfhud_preplanning_msg_loaded_success" : "Der Plan wurde erfolgreich geladen.",
	"wolfhud_preplanning_msg_loaded_failed" : "Das Laden des Plans ist fehlgeschlagen.",
	"wolfhud_preplanning_msg_loaded_partitially" : "Der Plan wurde teilweise geladen: $ERRORMSG",
	"wolfhud_preplanning_msg_loaded_missing_skill" : "Eine Fähigkeit fehlt",
	"wolfhud_preplanning_msg_loaded_missing_favours" : "Nicht genug Gefallen",
	"wolfhud_preplanning_msg_loaded_missing_money" : "Nicht genug Geld",
	"wolfhud_preplanning_msg_reseted_success" : "Der aktuellen Plan wurde erfolgreich zurückgesetzt.",
	"wolfhud_preplanning_msg_reseted_failed" : "Das Zurücksetzen des aktuellen Plans ist fehlgeschlagen.",
	"wolfhud_preplanning_msg_deleted_success" : "Der Plan wurde erfolgreich gelöscht.",
	"wolfhud_preplanning_msg_deleted_failed" : "Das Löschen des Plans ist fehlgeschlagen.",
	"wolfhud_preplanning_msg_folder_creation_failed" : "Fehler beim Erstellen der Ordners: $FOLDER \nBitte vergewissere dich, dass das Spiel die benötigten Rechte hat, oder erstelle ihn manuell.",
	"wolfhud_preplanning_msg_file_creation_failed" : "Fehler beim Erstellen der Datei: $FILE \nBitte vergewissere dich, dass das Spiel die benötigten Rechte hat, oder erstelle sie manuell.",

	"wolfhud_inv_tab_rename_hint" : "Klicke doppelt auf den aktiven Inventar Tab, um ihn umzubenennen.",

	"wolfhud_loadout_hours_played" : "$HOURS Std.",

    "wolfhud_profile_switch_title" : "Profil Ändern",
    "wolfhud_profile_switch_title_profiles" : "Profil:",

	"victory_most_damage" : "Höchster Schaden:",
	"victory_session_damage" : "Gesamtzahl Schaden:",

	"wolfhud_advassault_phase_title" : "Ansturms Phase:",
	"wolfhud_advassault_spawns_title" : "Verbleibende Spawns:",
	"wolfhud_advassault_time_title" : "Verbleibende Zeit:",
	"wolfhud_advassault_phase_anticipation" : "Erwartung",
	"wolfhud_advassault_phase_build" : "Aufbau",
	"wolfhud_advassault_phase_sustain" : "Angriff",
	"wolfhud_advassault_phase_fade" : "Abklang",
	"wolfhud_advassault_time_overdue" : "ÜBERFÄLLIG",
	"wolfhud_locked_assault" : "Endloser Polizei Ansturm!!!   Verschwinde so schnell wie möglich!!!",

	"wolfhud_customhud_interaction_done" : "ABSCHLUSS",
	"wolfhud_customhud_interaction_aborted" : "ABBRUCH",

	"wolfhud_hudlist_device_timer" : "Timer",
	"wolfhud_hudlist_device_drill" : "Bohrer",
	"wolfhud_hudlist_device_hack" : "Hack",
	"wolfhud_hudlist_device_saw" : "Säge",
	"wolfhud_hudlist_device_security" : "Hacks",
	"wolfhud_hudlist_device_security_bar" : "Hack $CURRENT/$TOTAL",
	"wolfhud_hudlist_loot_armor" : "Rüstung",
	"wolfhud_hudlist_loot_bomb" : "Bombe",
	"wolfhud_hudlist_loot_weapon" : "Waffe",
	"wolfhud_hudlist_loot_diamond" : "Diamant",
	"wolfhud_hudlist_loot_evidence" : "Beweise",
	"wolfhud_hudlist_loot_toast" : "Toast",
	"wolfhud_hudlist_loot_crate" : "Kiste",
	"wolfhud_hudlist_loot_toothbrush" : "Bürste",
	"wolfhud_hudlist_loot_bag" : "Tasche",
	"wolfhud_hudlist_loot_shoes" : "Schuhe",
	"wolfhud_hudlist_loot_toy" : "Spielzeug",
	"wolfhud_hudlist_loot_vr" : "Headset",
	"wolfhud_hudlist_loot_egg" : "Ei",
	"wolfhud_hudlist_loot_treasure" : "Schatz",
	"wolfhud_hudlist_showcase" : "Vitrine",

	"wolfhud_hudlist_buff_basic" : "Basic",
	"wolfhud_hudlist_buff_aced" : "Aced",
	"wolfhud_hudlist_buff_boost" : "Boost",
	"wolfhud_hudlist_buff_revive" : "Revive",
	"wolfhud_hudlist_buff_crew_inspire_debuff" : "Revive (AI)",
	"wolfhud_hudlist_buff_dmg_inc" : "+Dmg",
	"wolfhud_hudlist_buff_dmg_dec" : "-Dmg",
	"wolfhud_hudlist_buff_mdmg_inc" : "+M.Dmg",
	"wolfhud_hudlist_buff_phealth_reg" : "+HP",
	"wolfhud_hudlist_buff_tot_dodge" : "%Dodge",

	"wolfhud_tabstats_total_damage" : "Schaden gesamt:",
	"wolfhud_tabstats_tanks_killed" : "Bulldozer getötet:",
	"wolfhud_tabstats_cloakers_killed" : "Cloaker getötet:",
	"wolfhud_tabstats_shields_killed" : "Schilde getötet:",
	"wolfhud_tabstats_snipers_killed" : "Sniper getötet:",
	"wolfhud_tabstats_tasers_killed" : "Taser getötet:",
	"wolfhud_tabstats_gensec_killed" : "GENSEC getötet:",
	"wolfhud_tabstats_medic_killed" : "Medics getötet:",
	"wolfhud_tabstats_melee_kills" : "Nahkampf Kills:",
	"wolfhud_tabstats_explosion_kills" : "Explosions Kills:",
	"wolfhud_tabstats_nonspecial_kills" : "Normale Kills:",
	"wolfhud_tabstats_total_revives" : "Wiederbelebung (P/AI):",
	"wolfhud_tabstats_alltime_stat" : "Insgesamt:",

	"wolfhud_enemy_civilian" : "Zivilist",
	"wolfhud_enemy_mariachi" : "Mariachi Band Mitglied",
	"wolfhud_enemy_gangster" : "Gangster",
	"wolfhud_enemy_biker" : "Biker",
	"wolfhud_enemy_bolivian_security_mex" : "Coyopa Security",
	"wolfhud_enemy_bolivian_security" : "Sosa Security",
	"wolfhud_enemy_bolivian_thug" : "Sosa Schläger",
	"wolfhud_enemy_mobster" : "Russian Mobster",
	"wolfhud_enemy_security" : "Sicherheitsbeamter",
	"wolfhud_enemy_gensec" : "GENSEC Einheit",
	"wolfhud_enemy_cop" : "Polizist",
	"wolfhud_enemy_fbi" : "FBI Einheit",
	"wolfhud_enemy_swat" : "SWAT Einheit",
	"wolfhud_enemy_heavy_swat" : "Schw. SWAT",
    "wolfhud_enemy_heavy_swat_sniper" : "Schw. SWAT Sniper",
	"wolfhud_enemy_city_swat" : "Elite Einheit",
	"wolfhud_enemy_shield" : "Schild",
	"wolfhud_enemy_spook" : "Cloaker",
	"wolfhud_enemy_shadow_spook" :"Schatten-Cloaker",
	"wolfhud_enemy_taser" : "Taser",
	"wolfhud_enemy_sniper" : "Sniper",
	"wolfhud_enemy_medic" : "Medic",
	"wolfhud_enemy_tank" : "Bulldozer",
	"wolfhud_enemy_tank_hw" : "Kopfloser Dozer",
	"wolfhud_enemy_tank_medic" : "Medic Dozer",
	"wolfhud_enemy_tank_mini" : "Minigun Dozer",
	"wolfhud_enemy_phalanx_minion" : "Winters Schild",
	"wolfhud_enemy_phalanx_vip" : "Captain Winters",
	"wolfhud_enemy_swat_van" : "SWAT GESCHÜTZ",
	"wolfhud_enemy_ceiling_turret" : "GESCHÜTZ",
	"wolfhud_enemy_aa_turret" : "LUFTABWEHR-GESCHÜTZ",
	"wolfhud_enemy_crate_turret" : "GESCHÜTZ",
	"wolfhud_enemy_sentry_gun" : "SENTRY GUN",
	"wolfhud_enemy_mobster_boss" : "Der Comissar",
	"wolfhud_enemy_chavez_boss" : "Chavez",
	"wolfhud_enemy_druglord_boss" : "Sosa Boss",
	"wolfhud_enemy_druglord_boss_stealth" : "Sosa Boss",
	"wolfhud_enemy_biker_boss" : "Biker Boss",
	"wolfhud_enemy_bank_manager" : "Bank Manager",
	"wolfhud_enemy_dah_ralph" : "Ralph Garnet",
	"wolfhud_enemy_inside_man" : "Insider",
	"wolfhud_enemy_escort_undercover" : "Taxman",
	"wolfhud_enemy_escort_heatstreet" : "Matt",
	"wolfhud_enemy_escort_chinese_prisoner" : "Kazo",
	"wolfhud_enemy_escort_cfo" : "Garnett CFO",
	"wolfhud_enemy_escort_reservoirdogs" : "Mr. Pink",
	"wolfhud_enemy_escort_bain_locke" : "Locke / Bain",
	"wolfhud_enemy_drunk_pilot" : "Betrunkener Pilot",
	"wolfhud_enemy_escort" : "Escort",
	"wolfhud_enemy_boris" : "Boris",
	"wolfhud_enemy_spa_vip" : "Charon",
	"wolfhud_enemy_spa_vip_hurt" : "Charon (Verletzt)",
	"wolfhud_enemy_old_hoxton_mission" : "Hoxton",
	"wolfhud_enemy_locke_mission" : "Locke",
	"wolfhud_enemy_hector_boss" : "Gepanzerter Hector",
	"wolfhud_enemy_hector_boss_no_armor" : "Hector",
	"wolfhud_enemy_reservoirdogs" : "Mr. Blonde",
	"wolfhud_enemy_crew" : "Crew Mitglied",
	"wolfhud_enemy_butler" : "Aldstone",
	"wolfhud_enemy_vlad" : "Vlad",
	"wolfhud_enemy_kento" : "Kento",

	"wolfhud_enemy_boom" : "Grenadier",
	"wolfhud_enemy_omnia_lpf" : "OMNIA L.P.F.",
	"wolfhud_enemy_summers" : "Captain Summers",
	"wolfhud_enemy_boom_summers" : "Major Molly",
	"wolfhud_enemy_taser_summers" : "Engineer Electrika",
	"wolfhud_enemy_medic_summers" : "Sergeant Doc",
	"wolfhud_enemy_spring" : "Captain Spring",
	"wolfhud_enemy_fbi_vet" : "Veteran Cop",

	"wolfhud_enemy_deathvox_light" : "ZEAL Unit",
	"wolfhud_enemy_deathvox_heavy" : "Heavy ZEAL",

	"wolfhud_multiselect_all" : "Alle",
	"wolfhud_multiselect_none" : "Keine",
	"wolfhud_multiselect_disabled" : "Deaktiviert",
	"wolfhud_multiselect_random" : "Zufällig",
	"wolfhud_multiselect_left" : "Links",
	"wolfhud_multiselect_center" : "Zentriert",
	"wolfhud_multiselect_right" : "Rechts",

	"wolfhud_colors_white"  : "Weiß",
	"wolfhud_colors_light_yellow"  : "Hell Gelb",
	"wolfhud_colors_light_orange"  : "Hell Orange",
	"wolfhud_colors_light_red"  : "Hell Rot",
	"wolfhud_colors_light_purple"  : "Hell Violett",
	"wolfhud_colors_light_green"  : "Hell Grün",
	"wolfhud_colors_light_blue"  : "Hell Blau",
	"wolfhud_colors_light_gray" : "Hell Grau",
	"wolfhud_colors_yellow"  : "Gelb",
	"wolfhud_colors_orange"  : "Orange",
	"wolfhud_colors_red" : "Rot",
	"wolfhud_colors_purple" : "Violett",
	"wolfhud_colors_green" : "Grün",
	"wolfhud_colors_blue" : "Blau",
	"wolfhud_colors_gray" : "Grau",
	"wolfhud_colors_black" : "Schwarz",
	"wolfhud_colors_rainbow" : "Regenbogen",

	"wolfhud_options_name" : "WolfHUD Einstellungen",
	"wolfhud_options_help" : "Passe deine WolfHUD Einstellungen deinem Geschmack an.",

	"wolfhud_language_title" : "Sprache",
	"wolfhud_language_desc" : "Wähle eine Sprache die WolfHUD nutzen soll.\n(Wird erst beim Mapwechsel aktiv...)",

	"wolfhud_languages_english" : "Englisch",
	"wolfhud_languages_german" : "Deutsch",
	"wolfhud_languages_dutch" : "Niederländisch",
	"wolfhud_languages_french" : "Französisch",
	"wolfhud_languages_italian" : "Italienisch",
	"wolfhud_languages_spanish" : "Spanisch",
	"wolfhud_languages_portuguese" : "Portugiesisch",
	"wolfhud_languages_russian" : "Russisch",
	"wolfhud_languages_chinese" : "Chinesisch",
	"wolfhud_languages_korean" : "Koreanisch",

	"wolfhud_skip_blackscreen_title" : "Überspringe schwarzen Bildschirm",
	"wolfhud_skip_blackscreen_desc" : "Überspringt den schwarzen Bildschirm beim Missionsstart.\n(Nur Host)",
	"wolfhud_instant_restart_title" : "Sofortiger Neustart",
	"wolfhud_instant_restart_desc" : "Startet das Spiel ohne den 5 Skunden Timer neu.\n(Nur Host)",
	"wolfhud_stat_screen_speedup_title" : "Statistik Bildschirm Geschwindigkeit",
	"wolfhud_stat_screen_speedup_desc" : "Erhöhe die Geschwindigkeit der Erfahrungsauszählung, ohne dauerhaft die Leertaste gedrückt halten zu müssen.",
	"wolfhud_stat_screen_delay_title" : "Statistik Bildschirm Verzögerung",
	"wolfhud_stat_screen_delay_desc" : "Fahre X Sekunden, nachdem deine EXP gezählt wurde, fort.\n(Nur Host, 0 = Deaktiviert) ",
	"wolfhud_loot_screen_pick_card_title" : "Automatische Kartenwahl",
	"wolfhud_loot_screen_pick_card_desc" : "Wähle die Karte automatisch, wenn du den Beute Bildschirm erreichst.",
	"wolfhud_loot_screen_pick_specific_card_title" : "Wähle bestimmte Karte",
	"wolfhud_loot_screen_pick_specific_card_desc" : "Gege an, welche karte automatisch gewählt werden soll.",
	"wolfhud_loot_screen_delay_title" : "Beute Bildschirm Verzögerung",
	"wolfhud_loot_screen_delay_desc" : "Fahre X Sekunden, nachdem alle Beutekarten aufgedeckt wurde, fort.\n(Nur Host, 0 = Deaktiviert)",
	"wolfhud_replace_weapon_names_title" : "Richtige Waffennamen",
	"wolfhud_replace_weapon_names_desc" : "Ersetzt die erfundenen Waffennamen mit ihren realen Gegenstücken.\n(Wird erst beim Mapwechsel aktiv...)",
	"wolfhud_inventory_tab_names_title" : "Benutze Inventory Tab Namen",
	"wolfhud_inventory_tab_names_desc" : "Ändere die Namen der Tabs des Inventars.\n(Änderung durch editieren von '/mods/saves/WolfHUD_InventoryNames.txt')",
	"wolfhud_inventory_names_title" : "Zeige Inventar Box Namen",
	"wolfhud_inventory_names_desc" : "Zeige die Namen von Waffen, Panzerung, Equipment, etc. in der Box im Inventar.",
	"wolfhud_skill_names_title" : "Zeige Fähigkeiten Namen",
	"wolfhud_skill_names_desc" : "Zeige die Namen der Fähigkeiten im Fähigkeitenmenü immer an.",
	"wolfhud_show_contractor_job_heat_title":"Show Contractor Heat",
	"wolfhud_show_contractor_job_heat_desc":"Shows job heat in the contract broker list.",
	"wolfhud_show_mini_icons_title" : "Zeige permanente Mini-Icons",
	"wolfhud_show_mini_icons_desc" : "Zeige die Modifikations Mini-Icons aller Waffen, nicht nur die der ausgewählten Waffe.",
	"wolfhud_no_slowmotion_title" : "Keine Zeitlupe",
	"wolfhud_no_slowmotion_desc" : "Deaktiviere die Zeitlupe, während des Aufsetzens der Maske, oder wenn du zu Boden gehst.",
	"wolfhud_reset_options_title" : "Zurücksetzen",
	"wolfhud_reset_options_desc" : "Setze alle Einstellungen auf den Standard zurück.",
	"wolfhud_reset_options_confirm" : "Bist du sicher, dass du alle Einstellungen zurücksetzten willst?",

	"wolfhud_panels_options_name" : "Allgemeine HUD Panel Optionen",
	"wolfhud_panels_options_help" : "Optionen für alle HUD Panels, wie CustomHUD, die Verdachts- oder Schadensanzeige, und viele mehr.",

	"wolfhud_use_customhud_title" : "Nutze CustomHUD",
	"wolfhud_use_customhud_desc" : "Ersetzt die Standard HUD mit der erweiterten CustomHUD, erstellt von Se7en.\n(Wird erst beim Mapwechsel aktiv...)",
	"wolfhud_customhud_healthbars_title" : "Färbe Lebensanzeigen",
	"wolfhud_customhud_healthbars_desc" : "Färbe die Lebensanzeigen, grün ist langweilig!\n(Note: Wenn du STANDART nutzt, solltest du 'hud_health.texture' aus dem 'mod_override'-Ordner löschen.)",
	"wolfhud_customhud_healthbars_mode_a" : "Standard",
	"wolfhud_customhud_healthbars_mode_b" : "nach Chatfarbe",
	"wolfhud_customhud_healthbars_mode_c" : "nach Leben",
	"wolfhud_adv_assault_title" : "Erweitertes Ansturms Banner",
	"wolfhud_adv_assault_desc" : "Zeige die Phase des Ansturms, sowie die verbleibende Zeit und Spawns.\n(Nur Host)",
	"wolfhud_assault_position_title": "Ansturmsbanner Position",
	"wolfhud_assault_position_desc" : "Horizontale Position des Ansturmsbanners.",
	"wolfhud_pacified_civs_title" : "Zeige eingeschüchterte Zivilisten",
	"wolfhud_pacified_civs_desc" : "Ändere den Wegpunkt von ungefesselten Zivilisten, solange sie eingeschüchtert sind.",
	"wolfhud_use_realammo_title" : "Nutze alternative Munition",
	"wolfhud_use_realammo_desc" : "Zeigt die verbleibende Munition richtig, ohne die geladene Munition mitzuzählen.",
	"wolfhud_enable_burstmode_title" : "Aktiviere Burst Modus",
	"wolfhud_enable_burstmode_desc" : "Aktiviere den Burst Feuermodus für deine Waffen.",

	"wolfhud_playerpanel_options_name" : "Player Panel",
	"wolfhud_playerpanel_options_help" : "Einstellungen für dein eigenes HUD Panel.",

	"wolfhud_teampanels_options_name" : "Teamkammeraden Panels",
	"wolfhud_teampanels_options_help" : "Einstellungen für die Anzeigen deiner Teamkammeraden.",

	"wolfhud_panels_position_title" : "Position",
	"wolfhud_panels_position_desc" : "Horizontale Position des HUD Panels.",
	"wolfhud_panels_scale_title" : "Skalierung",
	"wolfhud_panels_scale_desc" : "Skalierungsfaktor des Panels.",
	"wolfhud_panels_oppacity_title" : "Deckkraft",
	"wolfhud_panels_oppacity_desc" : "Wähle die Deckkraft des HUD Panels.",
	"wolfhud_panels_show_name_title" : "Zeige Namen",
	"wolfhud_panels_show_name_desc" : "Zeige den Spielernamen.",
	"wolfhud_panels_show_rank_title" : "Zeige Rang",
	"wolfhud_panels_rank_name_desc" : "Zeige den Spieler Rang.",
	"wolfhud_panels_truncate_tags_title" : "Tags abschneiden",
	"wolfhud_panels_truncate_tags_desc" : "Versuche Clan-Tags im Spielernamen abzuschneiden.",
	"wolfhud_panels_show_char_title" : "Zeige Charakter",
	"wolfhud_panels_show_char_desc" : "Zeige den vom Spieler gewählten Charakter.",
	"wolfhud_panels_show_ping_title" : "Zeige Ping",
	"wolfhud_panels_show_ping_desc" : "Zeige den Ping des Spielers zu dir.",
	"wolfhud_panels_show_status_title" : "Zeige Status",
	"wolfhud_panels_show_status_desc" : "Zeige den Status des Spielers (Leben, Rüstung, etc.)",
	"wolfhud_panels_condition_icon_color_title" : "Zustands-Icon Farbe",
	"wolfhud_panels_condition_icon_color_desc" : "Setze die Farbe des Zustands-Icons (verblutend, im Gefängnis, Swan Song, etc.)",
	"wolfhud_panels_show_equip_title" : "Zeige Equipment",
	"wolfhud_panels_show_equip_desc" : "Zeige das Equipment des Spielers.",
	"wolfhud_panels_show_special_equip_title" : "Zeige spezielles Equipment",
	"wolfhud_panels_show_special_equip_desc" : "Zeige das Aufgehobene spezielle Equipment des Spielers.",
	"wolfhud_panels_special_equip_rows_title" : "spezielles Equipment Zeilen",
	"wolfhud_panels_special_equip_rows_desc" : "Anzahl an Spezial-Equipment pro Spalte.",
	"wolfhud_panels_show_callsign_title" : "Zeige Callsign",
	"wolfhud_panels_show_callsign_desc" : "Zeige das Callsign für den Spieler.",
	"wolfhud_panels_show_stamina_title" : "Zeige Ausdauer",
	"wolfhud_panels_show_stamina_desc" : "Zeigt deine Ausdauer als Kreis innerhalb der Lebensanzeige.",
	"wolfhud_panels_show_downcounter_title" : "Zeige Verblutungszähler",
	"wolfhud_panels_show_downcounter_desc" : "Zeigt den Verblutungszähler für jeden menschlichen Spieler. \nDer Zähler zeigt deine verbleibenden Downs und die Anzahl der Downs deiner Mitspieler.",
	"wolfhud_panels_show_carry_title" : "Zeige Trageinfos",
	"wolfhud_panels_show_carry_desc" : "Zeige getragene Tasche.",
	"wolfhud_panels_build_show_title" : "Zeige Skills",
	"wolfhud_panels_build_show_desc" : "Zeige die Skills von beitretenden Spielern.",
	"wolfhud_panels_build_time_title" : "Zeige Skills Zeit",
	"wolfhud_panels_build_time_desc" : "Zeige die Skills eines beitretenden Spielers für X Sekunden.\n(0 = Immer)",
	"wolfhud_panels_weapon_icon_title" : "Waffen Icons",
	"wolfhud_panels_weapon_icon_desc" : "Welche Waffenicons möchtest du sehen?",
	"wolfhud_panels_weapon_name_title" : "Waffen Namen",
	"wolfhud_panels_weapon_name_desc" : "Anzeigen der Waffen Namen?",
	"wolfhud_panels_weapon_ammo_title" : "Waffen Munition",
	"wolfhud_panels_weapon_ammo_desc" : "Waffen Munitions-Anzeigemodus.",
	"wolfhud_panels_weapon_firemode_title" : "Waffen Feuermodus",
	"wolfhud_panels_weapon_firemode_desc" : "Anzeigen oder verstecken des Waffenfeuermodus.",
	"wolfhud_panels_hide" : "Verstecken",
	"wolfhud_panels_selected" : "Nur Ausgewählte",
	"wolfhud_panels_unselected" : "Nur Abgewählte",
	"wolfhud_panels_both" : "Beide",
	"wolfhud_panels_ammo_total" : "Nur Gesamtmunition",
	"wolfhud_panels_show_interaction_title" : "Zeige Interaktion",
	"wolfhud_panels_show_interaction_desc" : "Zeige die Interaktion deiner Teamkammeraden.",
	"wolfhud_panels_show_interaction_number_title" : "Interaktionstimer",
	"wolfhud_panels_show_interaction_number_desc" : "Zeige verbleibende Dauer der Interaktion.",
	"wolfhud_panels_show_interaction_text_title" : "Interaktionstext",
	"wolfhud_panels_show_interaction_text_desc" : "Zeige Interaktionstext.",
	"wolfhud_panels_interaction_time_title" : "Min Interaktionszeit",
	"wolfhud_panels_interaction_time_desc" : "Zeige nur Interaktionen, die länger als X sekunden dauern.",
	"wolfhud_panels_use_ai_color_title" : "Nutze Bot Farbe",
	"wolfhud_panels_use_ai_color_desc" : "Nutze die angepasste Farbe für Bots. (Dies wirkt sich auch auf Schadend-Popups aus.)",
	"wolfhud_panels_ai_color_title" : "Angepasste Bot Farbe",
	"wolfhud_panels_ai_color_desc" : "Setze die angepasste Farbe für Bots. (Dies wirkt sich auch auf Schadend-Popups aus.)",

	"wolfhud_chat_options_name" : "Chat Optionen",
	"wolfhud_chat_options_help" : "Options zur Anpassung des Chats.",

	"wolfhud_chat_waittime_title" : "Chat Ausblendung",
	"wolfhud_chat_waittime_desc" : "Die Zeit nachdem der Chat ausgeblendet wird.\n(0 = Niemals)",
	"wolfhud_chat_fontsize_title" : "Chat Schriftgröße",
	"wolfhud_chat_fontsize_desc" : "Schriftgröße der Ingame Chat-Box.",
	"wolfhud_chat_outputlines_title" : "Max Chat Ausgabezeilen",
	"wolfhud_chat_outputlines_desc" : "Max Zeilen zur Ausgabe, bevor du scrollen musst.",
	"wolfhud_spam_filter_title" : "Chat Spam Filter",
	"wolfhud_spam_filter_desc" : "Entfernt PocoHUD und  [NGBTO] Spam-Nachrichten aus dem Chat.",
	"wolfhud_chat_width_title" : "Chat Breite",
	"wolfhud_chat_width_desc" : "Breite des Chatfensters.",
	"wolfhud_chat_inputlines_title" : "Max Chat Eingabezeilen",
	"wolfhud_chat_inputlines_desc" : "Anzahl an Zeilen Text, die du schreiben kannst.",
	"wolfhud_chat_colored_bg_title" : "Farbiger Hintergrund",
	"wolfhud_chat_colored_bg_desc" : "Färbe den Zeilenhintergrund basierend auf der Quelle der Nachricht.",
	"wolfhud_chat_scrollbar_align_title" : "Scrollbar Ausrichtung",
	"wolfhud_chat_scrollbar_align_desc" : "Ausrichtung der Scrollbar.",

	"wolfhud_suspicion_options_name" : "Verdachts Optionen",
	"wolfhud_suspicion_options_help" : "Optionen für die Größe der Verdachtsanziege, sowie ihrer sichtbaren Komponenten.",

	"wolfhud_suspicion_scale_title" : "Verdachts Skalierung",
	"wolfhud_suspicion_scale_desc" : "Skalierungsfaktor der Verdachtsanzeige.",
	"wolfhud_susp_eye_title" : "Zeige Verdachtsanzeige",
	"wolfhud_susp_eye_desc" : "Zeige die Standard Verdachtspanels.",
	"wolfhud_susp_numberic_title" : "Zeige numerischen Verdacht",
	"wolfhud_susp_numberic_desc" : "Zeige den numerischen Verdachtswert.",
	"wolfhud_susp_numberic_outline_title" : "Schwarze Umrandung",
	"wolfhud_susp_numberic_outline_desc" : "Zeige eine schwarze Umrandung um den Verdachtswert.",

	"wolfhud_killcounter_options_name" : "Killzähler Optionen",
	"wolfhud_killcounter_options_help" : "Optionen für die Darstellung des Killzählers",

	"wolfhud_killcounter_player_show_killcount_title" : "Zeige Spieler Killzähler",
	"wolfhud_killcounter_player_show_killcount_desc" : "Zeige den Killzähler in deinem HUD.",
	"wolfhud_killcounter_player_color_title" : "Killzähler Farbe",
	"wolfhud_killcounter_player_color_desc" : "Wähle die Farbe deines Killzählers.",
	"wolfhud_killcounter_player_show_special_title" : "Zähle Spezialeinheiten",
	"wolfhud_killcounter_player_show_special_desc" : "Zeige deine Tötungen an Spezialeinheiten seperat.",
	"wolfhud_killcounter_player_show_head_title" : "Zähle Kopfschüsse",
	"wolfhud_killcounter_player_show_head_desc" : "Zeige deine Anzahl an Kopfschüssen seperat.",
	"wolfhud_killcounter_player_show_accuracy_title" : "Zeige Spieler Genauigkeit",
	"wolfhud_killcounter_player_show_accuracy_desc" : "Zeige deine Genauigkeit in deinem HUD.",
	"wolfhud_killcounter_team_show_killcount_title" : "Zeige Teamkammeraden Killzähler",
	"wolfhud_killcounter_team_show_killcount_desc" : "Zeige den Killzähler deiner Teamkammeraden in ihren HUDs.",
	"wolfhud_killcounter_team_color_title" : "Killzähler Farbe",
	"wolfhud_killcounter_team_color_desc" : "Wähle die Farbe der Killzähler deiner Teamkammeraden.",
	"wolfhud_killcounter_team_show_special_title" : "Zähle Spezialeinheiten Tötungen",
	"wolfhud_killcounter_team_show_special_desc" : "Zeige die Tötungen an Spezialeinheiten deiner Teamkammeraden seperat.",
	"wolfhud_killcounter_team_show_head_title" : "Zähle Kopfschüsse",
	"wolfhud_killcounter_team_show_head_desc" : "Zeige deine Anzahl an Kopfschüssen deienr Teamkammeraden seperat.",
	"wolfhud_killcounter_team_show_ai_title" : "Killzähler für Bots",
	"wolfhud_killcounter_team_show_ai_desc" : "Gibt auch Bots einen Killzähler.",
	"wolfhud_corpse_limit_title" : "Leichen Limit",
	"wolfhud_corpse_limit_desc" : "Wie viele Leichen sollen zeitgleich herumliegen können?\n (Wird erst beim Mapwechsel aktiv...)",

	"wolfhud_drivinghud_options_name" : "DrivingHUD Optionen",
	"wolfhud_drivinghud_options_help" : "Optionen für DrivingHUD.",

	"wolfhud_show_drivinghud_title" : "Zeige Driving HUD",
	"wolfhud_show_drivinghud_desc" : "Zeige eine kleine HUD unten rechts, während du fährst.\n(Wird erst beim Mapwechsel aktiv...)",
	"wolfhud_drivinghud_scale_title" : "Skalierung",
	"wolfhud_drivinghud_scale_desc" : "Skalierungsfaktor für DrivingHUD.",
	"wolfhud_drivinghud_show_vehicle_title" : "Zeige Fahrzeug Bilder",
	"wolfhud_drivinghud_show_vehicle_desc" : "Zeige ein kleines Bild des Fahrzeugs in dem du fährst und der Masken deiner Teamkammeraden, die mit dir im Fahrzeug sitzen.",
	"wolfhud_drivinghud_show_health_title" : "Zeige Lebenspunkte",
	"wolfhud_drivinghud_show_health_desc" : "Aktiviere die Lebensanzeige für Fahrzeuge.",
	"wolfhud_drivinghud_show_loot_title" : "Zeige Beute",
	"wolfhud_drivinghud_show_loot_desc" : "Zeigt die Anzahl an Beutetachen, die sich zurzeit im Fahrzeug befinden und die maximale Anzahl an verstaubarer Beute.",
	"wolfhud_drivinghud_show_passengers_title" : "Zeige Mitfahrer",
	"wolfhud_drivinghud_show_passengers_desc" : "Zeige die Anzahl an Personen im Fahrzeug und die Sitzanzahl.",
	"wolfhud_drivinghud_show_gear_title" : "Zeige Gang",
	"wolfhud_drivinghud_show_gear_desc" : "Zeige in welchem Gang du gerade fährst.",
	"wolfhud_drivinghud_show_speed_title" : "Zeige Geschwindigkeit",
	"wolfhud_drivinghud_show_speed_desc" : "Zeige die Aktuelle Geschwindigkeit des Fahrzeugs.",
	"wolfhud_drivinghud_speed_in_mph_title" : "Geschwindigkeit in mph",
	"wolfhud_drivinghud_speed_in_mph_desc" : "Zeige die Geschwindigkeit in mph.\n(Ansonsten km/h .)",
	"wolfhud_drivinghud_show_rpm_title" : "Zeige RPM",
	"wolfhud_drivinghud_show_rpm_desc" : "Zeige die aktuelle Drehzahl des Fahrzeugs.",

	"wolfhud_infopanels_options_name" : "HUD Info Optionen",
	"wolfhud_infopanels_options_help" : "Optionen für die Info Boxen von HUD List.",

	"wolfhud_use_hudlist_title" : "Benutze HUDList",
	"wolfhud_use_hudlist_desc" : "HUDList kann viele nützliche Dinge anzeigen, wie zum Beispiel Bohrerzeiten, Gegner- oder Beutezähler, Equipment auf der Karte, etc. (Wird erst beim Mapwechsel aktiv...)",
	"wolfhud_hudlist_scale_right_title" : "Skalierung Liste rechts",
	"wolfhud_hudlist_scale_right_desc" : "Skalierungsfaktor für Boxen der rechten Liste.",
	"wolfhud_hudlist_scale_left_title" : "Skalierung Liste links",
	"wolfhud_hudlist_scale_left_desc" : "Skalierungsfaktor für Boxen der linken Liste.",
	"wolfhud_hudlist_scale_buff_title" : "Skalierung Buff Liste",
	"wolfhud_hudlist_scale_buff_desc" : "Skalierungsfaktor für Boxen der Buff Liste.",
	"wolfhud_hudlist_box_color_title" : "Box Vordergrund Farbe",
	"wolfhud_hudlist_box_color_desc" : "Vordergrund und Schriftfarbe der Info Boxen.\n(Wird erst beim Mapwechsel aktiv...)",
	"wolfhud_hudlist_box_bg_color_title" : "Box Hintergrund Farbe",
	"wolfhud_hudlist_box_bg_color_desc" : "Hintergrundfarbe der Info Boxen.\n(Wird erst beim Mapwechsel aktiv...)",
	"wolfhud_hudlist_civcolor_title" : "Zivilisten Farbe",
	"wolfhud_hudlist_civcolor_desc" : "Farbe der Zivilisten und Geiseln des Gegner Zählers.",
	"wolfhud_hudlist_thugcolor_title" : "Gangster Farbe",
	"wolfhud_hudlist_thugcolor_desc" : "Farbe der Gangster des Gegner Zählers.",
	"wolfhud_hudlist_copcolor_title" : "Gegner Farbe",
	"wolfhud_hudlist_copcolor_desc" : "Farbe der Polizisten, SWATs und Schwere SWATs des Gegner Zählers.",
	"wolfhud_hudlist_specialcolor_title" : "Spezialgegner Farbe",
	"wolfhud_hudlist_specialcolor_desc" : "Farbe für Spezialgegner und Geschützwagen des Gegner Zählers.",
	"wolfhud_hudlist_progress_alpha_left_title" : "Linkes Fortschritts-Alpha",
	"wolfhud_hudlist_progress_alpha_left_desc" : "Alphawert der Fortschrittsanzeigen der linken Liste.",
	"wolfhud_hudlist_progress_alpha_right_title" : "Rechtes Fortschritts-Alpha",
	"wolfhud_hudlist_progress_alpha_right_desc" : "Alphawert der Fortschrittsanzeigen der rechten Liste.",
	"wolfhud_hudlist_progress_alpha_buff_title" : "Buff Fortschritts-Alpha",
	"wolfhud_hudlist_progress_alpha_buff_desc" : "Alphawert der Fortschrittsanzeigen der Buff Liste.",
	"wolfhud_hudlist_timers_in_seconds_title" : "Timers in seconds",
	"wolfhud_hudlist_timers_in_seconds_desc" : "Always display timers in seconds.",

	"wolfhud_infopanels_left_options_name" : "Linke Info Liste",
	"wolfhud_infopanels_left_options_help" : "Optionen der linken Liste.",

	"wolfhud_hudlist_show_timers_title" : "Zeige Timer",
	"wolfhud_hudlist_show_timers_desc" : "Zeige Timer für Bohrer, Hacks, etc.",
	"wolfhud_hudlist_show_equipment_desc" : "Zeige das Equipment in der Liste.",
	"wolfhud_hudlist_show_ammo_bags_title" : "Zeige Munitions Taschen",
	"wolfhud_hudlist_show_doc_bags_title" : "Zeige Arzt Taschen",
	"wolfhud_hudlist_show_first_aid_kits_title" : "Zeige Erste-Hilfe-Sets",
	"wolfhud_hudlist_show_body_bags_title" : "Zeige Leichensack Koffer",
	"wolfhud_hudlist_show_grenade_crates_title" : "Zeige Granaten",
	"wolfhud_hudlist_sentries_title" : "Zeige Sentries",
	"wolfhud_hudlist_sentries_desc" : "Zeige Sentry Leben und Munition.",
	"wolfhud_hudlist_hide_empty_sentries_title" : "Verstecke leere Sentries",
	"wolfhud_hudlist_hide_empty_sentries_desc" : "Verstecke leere Senty Boxen.",
	"wolfhud_hudlist_show_ecms_title" : "Zeige ECMs",
	"wolfhud_hudlist_show_ecms_desc" : "Zeige Timer für ECM's ",
	"wolfhud_hudlist_show_ecm_retrigger_title" : "Zeige ECM Reaktivierungen",
	"wolfhud_hudlist_show_ecm_retrigger_desc" : "Zeige, wenn ein ECM bereit für eine reaktivierung ist.",
	"wolfhud_hudlist_show_minions_title" : "Zeige Joker",
	"wolfhud_hudlist_show_minions_desc" : "Zeige das Leben aller konvertierten Polizisten.",
	"wolfhud_hudlist_show_own_minions_only_title" : "Nur eigene Joker",
	"wolfhud_hudlist_show_own_minions_only_desc" : "Zeige nur eigene konvertierte Polizisten.",
	"wolfhud_hudlist_show_pagers_title" : "Zeige Pager",
	"wolfhud_hudlist_show_pagers_desc" : "Zeige Timer für die verbleibende Zeit des Pagers, bevor der Alarm aktiviert wird.",
	"wolfhud_hudlist_show_tape_loop_title" : "Zeige Kameraschleife",
	"wolfhud_hudlist_show_tape_loop_desc" : "Zeige Kameraschleifen Countdown Timer.",
	"wolfhud_hudlist_remove_answered_pagers_title" : "Entferne Pager Kontur",
	"wolfhud_hudlist_remove_answered_pagers_desc" : "Entferne die Pager Kontur, wenn er beantwortet wird.",

	"wolfhud_infopanels_right_options_name" : "Rechte Info Liste",
	"wolfhud_infopanels_right_options_help" : "Optionen der rechten Liste.",

	"wolfhud_hudlist_show_enemies_title" : "Zeige Gegner",
	"wolfhud_hudlist_show_enemies_desc" : "Zeige die Anzahl an Gegnern auf der Karte.",
	"wolfhud_hudlist_aggregate_enemies_title" : "Fasse Gegner zusammen",
	"wolfhud_hudlist_aggregate_enemies_desc" : "Zeige eine Info Box für alle Gegnerklassen zusammen.",
	"wolfhud_hudlist_show_turrets_title" : "Zeige Geschützwagen",
	"wolfhud_hudlist_show_turrets_desc" : "Zeige die Anzahl von Geschützwagen auf der Karte.",
	"wolfhud_hudlist_show_civilians_title" : "Zeige Zivilisten",
	"wolfhud_hudlist_show_civilians_desc" : "Zeige die Anzahl ungefesselter Zivilisten auf der Karte.",
	"wolfhud_hudlist_show_hostages_title" : "Zeige Geiseln",
	"wolfhud_hudlist_show_hostages_desc" : "Zeige die Anzahl an gefesselten Zivilisten auf der Karte.",
	"wolfhud_hudlist_aggregate_hostages_title" : "Fasse Geiseln zusammen",
	"wolfhud_hudlist_aggregate_hostages_desc" : "Zeige alle Arten von Geiseln in einer Info Box.",
	"wolfhud_hudlist_show_minion_count_title" : "Zeige konvertierte Geiseln",
	"wolfhud_hudlist_show_minion_count_desc" : "Zeige die Anzahl an konvertierten Polizei Geiseln auf der Karte.",
	"wolfhud_hudlist_show_pager_count_title" : "Zeige Pager Anzahl",
	"wolfhud_hudlist_show_pager_count_desc" : "Zeige die Anzahl an bereits ausgelösten Pagern, aktiver Kameras und mitgeführten Leichensäcken.",
	"wolfhud_hudlist_show_cam_count_title" : "Zeige Kamera Anzahl",
	"wolfhud_hudlist_show_cam_count_desc" : "Zeige die Anzahl an aktiven Kameras.",
	"wolfhud_hudlist_show_bodybags_count_title" : "Zeige Leichensack Anzahl",
	"wolfhud_hudlist_show_bodybags_count_desc" : "Zeige die Anzahl an mitgeführten Leichensäcken.",
	"wolfhud_hudlist_show_corpse_count_title" : "Zeige Leichen Anzahl",
	"wolfhud_hudlist_show_corpse_count_desc" : "Zeige die Anzahl an hermumliegenden Leichen und Leichensäcken im Level.",
	"wolfhud_hudlist_show_loot_title" : "Zeige Beute",
	"wolfhud_hudlist_show_loot_desc" : "Zähle die Anzahl der Beute auf der Karte.",
	"wolfhud_hudlist_aggregate_loot_title" : "Fasse Beute zusammen",
	"wolfhud_hudlist_aggregate_loot_desc" : "Zeige alle Beutearten in einer Info Box.",
	"wolfhud_hudlist_separate_bagged_loot_title" : "Separiere verpackte Beute",
	"wolfhud_hudlist_separate_bagged_loot_desc" : "Separiere nicht verpackte und lose Beute.",
	"wolfhud_hudlist_show_potential_loot_title" : "Zeige potenzielle Beute",
	"wolfhud_hudlist_show_potential_loot_desc" : "Zeige die Anzahl der Kisten auf der Map im Beute-Zähler. \n(Merke, Kisten können auch leer sein...)",
	"wolfhud_hudlist_show_special_pickups_title" : "Zeige Spezial Equipment",
	"wolfhud_hudlist_show_special_pickups_desc" : "Zeige die Anzahl an Chemikalien, Schlüsselkarten, etc. auf der Karte.",
	"wolfhud_hudlist_show_mission_pickups_title" : "Zeige Missions-Equipment",
	"wolfhud_hudlist_show_mission_pickups_desc" : "Zeige die Anzahl an Chemikalien, Schlüsselkarten, Brettern und anderem Missions-Equipment auf der Karte.",
	"wolfhud_hudlist_show_collectables_pickups_title" : "Zeige sammelbare Pickups",
	"wolfhud_hudlist_show_collectables_pickups_desc" : "Zeige die Anzahl an Gage Paketen, Spec-Ops Kisten und Schlüsseln, etc. auf der Karte.",
	"wolfhud_hudlist_show_valuables_pickups_title" : "Zeige Beute Pickups",
	"wolfhud_hudlist_show_valuables_pickups_desc" : "Zeige die Anzahl an Beute, wie Geldbündel oder Halsketten auf der Karte.",

	"wolfhud_infopanels_buff_options_name" : "Fähigkeit Info Liste",
	"wolfhud_infopanels_buff_options_help" : "Optionen der Fähigkeiten Liste.",

	"wolfhud_infopanels_buff_mastermind_options_name" : "Drahtzieher Fähigkeiten",
	"wolfhud_infopanels_buff_mastermind_options_help" : "Aktiviere oder Deaktiviere die Indikatoren für Drahtzieher Fähigkeiten.",
	"wolfhud_infopanels_buff_enforcer_options_name" : "Vollstrecker Fähigkeiten",
	"wolfhud_infopanels_buff_enforcer_options_help" : "Aktiviere oder Deaktiviere die Indikatoren für Vollstrecker Fähigkeiten.",
	"wolfhud_infopanels_buff_technician_options_name" : "Techniker Fähigkeiten",
	"wolfhud_infopanels_buff_technician_options_help" : "Aktiviere oder Deaktiviere die Indikatoren für Techniker Fähigkeiten.",
	"wolfhud_infopanels_buff_ghost_options_name" : "Geist Fähigkeiten",
	"wolfhud_infopanels_buff_ghost_options_help" : "Aktiviere oder Deaktiviere die Indikatoren für Geist Fähigkeiten.",
	"wolfhud_infopanels_buff_fugitive_options_name" : "Flüchtling Fähigkeiten",
	"wolfhud_infopanels_buff_fugitive_options_help" : "Aktiviere oder Deaktiviere die Indikatoren für Flüchtling Fähigkeiten.",
	"wolfhud_infopanels_buff_perkdecks_options_name" : "Perk-Decks",
	"wolfhud_infopanels_buff_perkdecks_options_help" : "Aktiviere oder Deaktiviere die Indikatoren für Perk-Decks.",
	"wolfhud_infopanels_buff_gageboosts_options_name" : "Gage Boosts",
	"wolfhud_infopanels_buff_gageboosts_options_help" : "Aktiviere oder Deaktiviere die Indikatoren für Gage Boosts.",
	"wolfhud_infopanels_buff_henchmen_options_name" : "Bot Fähigkeiten",
	"wolfhud_infopanels_buff_henchmen_options_help" : "Aktiviere oder Deaktiviere die Indikatoren für Bot Fähigkeiten.",

	"wolfhud_hudlist_show_buffs_title" : "Zeige Fähigkeiten",
	"wolfhud_hudlist_show_buffs_desc" : "Zeige aktive Fähigkeiten in der unteren Mitte der HUD.",
	"wolfhud_hudlist_damage_increase_compbuff_title" : "Erhöhter Schaden Buff",
	"wolfhud_hudlist_damage_increase_compbuff_desc" : "Zusammenfassender Buff, Zeigt den Wert der Schadenerhöhung aller aktiven Fähigkeiten zusammen.",
	"wolfhud_hudlist_damage_reduction_compbuff_title" : "Verringerter Schaden Buff",
	"wolfhud_hudlist_damage_reduction_compbuff_desc" : "Zusammenfassender Buff, Zeigt den Wert der Schadensverringerung aller aktiven Fähigkeiten zusammen.",
	"wolfhud_hudlist_melee_damage_increase_compbuff_title" : "Erhöhter Nahkampfschaden Buff",
	"wolfhud_hudlist_melee_damage_increase_compbuff_desc" : "Zusammenfassender Buff, zeigt den Wert aller aktiven Fähigkeiten zusammen.",
	"wolfhud_hudlist_passive_health_regen_compbuff_title" : "Passive Lebensregeration",
	"wolfhud_hudlist_passive_health_regen_compbuff_desc" : "Zusammenfassender Buff, zeigt den Wert aller passiven Lebensregerationseffekte zusammen.",
	"wolfhud_hudlist_total_dodge_chance_compbuff_title" : "Gesamte Ausweich-Chance",
	"wolfhud_hudlist_total_dodge_chance_compbuff_desc" : "Zusammenfassender Buff, zeigt den Wert aller das Ausweichen erhöhender Fähigkeiten zusammen.",
	"wolfhud_hudlist_aggressive_reload_aced_buff_title" : "Aggressives Nachladen",
	"wolfhud_hudlist_aggressive_reload_aced_buff_desc" : "",
	"wolfhud_hudlist_ammo_efficiency_buff_title" : "Munitionseffizienz",
	"wolfhud_hudlist_ammo_efficiency_buff_desc" : "",
	"wolfhud_hudlist_armor_break_invulnerable_buff_title" : "Blitzkrieg Bop (Anarchist)",
	"wolfhud_hudlist_armor_break_invulnerable_buff_desc" : "",
	"wolfhud_hudlist_berserker_buff_title" : "Berserker",
	"wolfhud_hudlist_berserker_buff_desc" : "Teil eines zusammenfassenden Buffs.",
	"wolfhud_hudlist_biker_buff_title" : "Regenerations Debuff (Motorradfahrer)",
	"wolfhud_hudlist_biker_buff_desc" : "",
	"wolfhud_hudlist_bloodthirst_basic_buff_title" : "Blutdurst (Normal)",
	"wolfhud_hudlist_bloodthirst_basic_buff_desc" : "Teil eines zusammenfassenden Buffs.",
	"wolfhud_hudlist_bloodthirst_aced_buff_title" : "Blutdurst (Perfekt)",
	"wolfhud_hudlist_bloodthirst_aced_buff_desc" : "",
	"wolfhud_hudlist_bullet_storm_buff_title" : "Kugelhagel",
	"wolfhud_hudlist_bullet_storm_buff_desc" : "",
	"wolfhud_hudlist_close_contact_buff_title" : "Nahkampf (Spion)",
	"wolfhud_hudlist_close_contact_buff_desc" : "Teil eines zusammenfassenden Buffs.",
	"wolfhud_hudlist_combat_medic_buff_title" : "Sanitäter (Aktiv)",
	"wolfhud_hudlist_combat_medic_buff_desc" : "Teil eines zusammenfassenden Buffs.",
	"wolfhud_hudlist_combat_medic_passive_buff_title" : "Sanitäter (Passiv)",
	"wolfhud_hudlist_combat_medic_passive_buff_desc" : "Teil eines zusammenfassenden Buffs.",
	"wolfhud_hudlist_desperado_buff_title" : "Desperados",
	"wolfhud_hudlist_desperado_buff_desc" : "",
	"wolfhud_hudlist_die_hard_buff_title" : "Stirb Langsam",
	"wolfhud_hudlist_die_hard_buff_desc" : "Teil eines zusammenfassenden Buffs.",
	"wolfhud_hudlist_dire_need_buff_title" : "Höchste Not",
	"wolfhud_hudlist_dire_need_buff_desc" : "",
	"wolfhud_hudlist_frenzy_buff_title" : "Raserei",
	"wolfhud_hudlist_frenzy_buff_desc" : "Teil eines zusammenfassenden Buffs.",
	"wolfhud_hudlist_grinder_buff_title" : "Lebensregeneration (Grinder)",
	"wolfhud_hudlist_grinder_buff_desc" : "",
	"wolfhud_hudlist_chico_injector_buff_title" : "Injektor Dauer (Kingpin)",
	"wolfhud_hudlist_chico_injector_buff_desc" : "",
	"wolfhud_hudlist_damage_control_debuff_title" : "Flaschen-Cooldown (Stoic)",
	"wolfhud_hudlist_damage_control_debuff_desc" : "",
	"wolfhud_hudlist_delayed_damage_buff_title" : "Verzögerter Schaden (Stoic)",
	"wolfhud_hudlist_delayed_damage_buff_desc" : "",
	"wolfhud_hudlist_hostage_situation_buff_title" : "Geiselnahme (Crewboss)",
	"wolfhud_hudlist_hostage_situation_buff_desc" : "Teil eines zusammenfassenden Buffs.",
	"wolfhud_hudlist_hostage_taker_buff_title" : "Geiselnehmer",
	"wolfhud_hudlist_hostage_taker_buff_desc" : "",
	"wolfhud_hudlist_inspire_buff_title" : "Anfeuern (Boost)",
	"wolfhud_hudlist_inspire_buff_desc" : "",
	"wolfhud_hudlist_lock_n_load_buff_title" : "Sichern und Laden",
	"wolfhud_hudlist_lock_n_load_buff_desc" : "",
	"wolfhud_hudlist_melee_stack_damage_buff_title" : "Nahkampfschaden Stapel (Spion)",
	"wolfhud_hudlist_melee_stack_damage_buff_desc" : "Teil eines zusammenfassenden Buffs.",
	"wolfhud_hudlist_maniac_buff_title" : "Schadensreduktion (Wahnsinniger)",
	"wolfhud_hudlist_maniac_buff_desc" : "",
	"wolfhud_hudlist_muscle_regen_buff_title" : "Lebensregeration (Muskelprotz)",
	"wolfhud_hudlist_muscle_regen_buff_desc" : "",
	"wolfhud_hudlist_messiah_buff_title" : "Messiah",
	"wolfhud_hudlist_messiah_buff_desc" : "",
	"wolfhud_hudlist_overdog_buff_title" : "Overdog (Spion)",
	"wolfhud_hudlist_overdog_buff_desc" : "",
	"wolfhud_hudlist_overkill_buff_title" : "Overkill",
	"wolfhud_hudlist_overkill_buff_desc" : "Teil eines zusammenfassenden Buffs.",
	"wolfhud_hudlist_painkiller_buff_title" : "Schmerzmittel",
	"wolfhud_hudlist_painkiller_buff_desc" : "Teil eines zusammenfassenden Buffs.",
	"wolfhud_hudlist_partner_in_crime_buff_title" : "Komplizen",
	"wolfhud_hudlist_partner_in_crime_buff_desc" : "Teil eines zusammenfassenden Buffs.",
	"wolfhud_hudlist_running_from_death_buff_title" : "Tod vortäuschen",
	"wolfhud_hudlist_running_from_death_buff_desc" : "",
	"wolfhud_hudlist_pocket_ecm_jammer_buff_title" : "Taschen-ECM Dauer (Hacker)",
	"wolfhud_hudlist_pocket_ecm_jammer_buff_desc" : "",
	"wolfhud_hudlist_pocket_ecm_kill_dodge_buff_title" : "Taschen-ECm Ausweichen (Hacker)",
	"wolfhud_hudlist_pocket_ecm_kill_dodge_buff_desc" : "Teil eines zusammenfassenden Buffs.",
	"wolfhud_hudlist_quick_fix_buff_title" : "Erst-Helfer",
	"wolfhud_hudlist_quick_fix_buff_desc" : "Teil eines zusammenfassenden Buffs.",
	"wolfhud_hudlist_second_wind_buff_title" : "Second Wind",
	"wolfhud_hudlist_second_wind_buff_desc" : "",
	"wolfhud_hudlist_sixth_sense_buff_title" : "Sechster Sinn",
	"wolfhud_hudlist_sixth_sense_buff_desc" : "",
	"wolfhud_hudlist_sicario_dodge_buff_title" : "Zusätzliches Ausweichen (Sicario)",
	"wolfhud_hudlist_sicario_dodge_buff_desc" : "",
	"wolfhud_hudlist_smoke_screen_buff_title" : "Rauchgranate (Sicario)",
	"wolfhud_hudlist_smoke_screen_buff_desc" : "",
	"wolfhud_hudlist_tag_team_buff_title" : "Gas Dispenser (Tag Team)",
	"wolfhud_hudlist_tag_team_buff_desc" : "",
	"wolfhud_hudlist_swan_song_buff_title" : "Schwanengesang",
	"wolfhud_hudlist_swan_song_buff_desc" : "",
	"wolfhud_hudlist_tooth_and_claw_buff_title" : "Zähne und Klauen (Hitman)",
	"wolfhud_hudlist_tooth_and_claw_buff_desc" : "",
	"wolfhud_hudlist_trigger_happy_buff_title" : "Trigger Happy",
	"wolfhud_hudlist_trigger_happy_buff_desc" : "Teil eines zusammenfassenden Buffs.",
	"wolfhud_hudlist_underdog_buff_title" : "Underdog",
	"wolfhud_hudlist_underdog_buff_desc" : "Teil eines zusammenfassenden Buffs.",
	"wolfhud_hudlist_unseen_strike_buff_title" : "Schlag aus dem Nichts",
	"wolfhud_hudlist_unseen_strike_buff_desc" : "",
	"wolfhud_hudlist_up_you_go_buff_title" : "Hoch mit Dir",
	"wolfhud_hudlist_up_you_go_buff_desc" : "Teil eines zusammenfassenden Buffs.",
	"wolfhud_hudlist_uppers_buff_title" : "Aufputschmittel",
	"wolfhud_hudlist_uppers_buff_desc" : "",
	"wolfhud_hudlist_yakuza_buff_title" : "Rüstungsregeneration (Yakuza)",
	"wolfhud_hudlist_yakuza_buff_desc" : "",
	"wolfhud_hudlist_anarchist_armor_recovery_debuff_title" : "Lust for Life (Anarchist)",
	"wolfhud_hudlist_anarchist_armor_recovery_debuff_desc" : "",
	"wolfhud_hudlist_ammo_give_out_debuff_title" : "Teilen ist das neue Haben Debuff (Spieler)",
	"wolfhud_hudlist_ammo_give_out_debuff_desc" : "",
	"wolfhud_hudlist_bullseye_debuff_title" : "Bullseye Debuff",
	"wolfhud_hudlist_bullseye_debuff_desc" : "",
	"wolfhud_hudlist_inspire_debuff_title" : "Anfeuern Debuff (Boost)",
	"wolfhud_hudlist_inspire_debuff_desc" : "",
	"wolfhud_hudlist_inspire_revive_debuff_title" : "Anfeuern Debuff (Wiederbelebung)",
	"wolfhud_hudlist_inspire_revive_debuff_desc" : "",
	"wolfhud_hudlist_life_drain_debuff_title" : "Lebensentzug Debuff (Spion)",
	"wolfhud_hudlist_life_drain_debuff_desc" : "",
	"wolfhud_hudlist_medical_supplies_debuff_title" : "Mehr Heilung Debuff (Spieler)",
	"wolfhud_hudlist_medical_supplies_debuff_desc" : "",
	"wolfhud_hudlist_sociopath_debuff_title" : "Regenerations Debuff (Sociopath)",
	"wolfhud_hudlist_sociopath_debuff_desc" : "",
	"wolfhud_hudlist_armorer_teambuff_title" : "Erhöhte Rüstung Teambuff (Armorer)",
	"wolfhud_hudlist_armorer_teambuff_desc" : "",
	"wolfhud_hudlist_bulletproof_teambuff_title" : "Schockschwerenot Teambuff",
	"wolfhud_hudlist_bulletproof_teambuff_desc" : "",
	"wolfhud_hudlist_crew_chief_teambuff_title" : "Erhöhte Stats Teambuff (Crewboss)",
	"wolfhud_hudlist_crew_chief_teambuff_desc" : "Teil eines zusammenfassenden Buffs.",
	"wolfhud_hudlist_forced_friendship_teambuff_title" : "Zwangsfreundschaft Teambuff",
	"wolfhud_hudlist_forced_friendship_teambuff_desc" : "",
	"wolfhud_hudlist_life_steal_gage_debuff_title" : "Lebensraub",
	"wolfhud_hudlist_life_steal_gage_debuff_desc" : "",
	"wolfhud_hudlist_invulnerable_gage_buff_title" : "Unverwundbarkeit",
	"wolfhud_hudlist_invulnerable_gage_buff_desc" : "",
	"wolfhud_hudlist_crew_inspire_debuff_title" : "Inspirierend",
	"wolfhud_hudlist_crew_inspire_debuff_desc" : "",
	"wolfhud_hudlist_crew_throwable_regen_buff_title" : "Hamsterer",
	"wolfhud_hudlist_crew_throwable_regen_buff_desc" : "",
	"wolfhud_hudlist_crew_health_regen_buff_title" : "Heiler",
	"wolfhud_hudlist_crew_health_regen_buff_desc" : "",

	"wolfhud_waypoints_options_name" : "Wegpunkt-Optionen",
	"wolfhud_waypoints_options_help" : "Wähle die zusätzlichen Wegpunkte die du angezeigt bekommen möchtest.",

	"wolfhud_waypoints_color_title" : "Wegpunktfarbe",
	"wolfhud_waypoints_color_desc" : "Die Farbe der Standard Missions-Wegpunkte.",
	"wolfhud_waypoints_show_ammo_bag_title" : "Zeige Munitionstaschen",
	"wolfhud_waypoints_show_ammo_bag_desc" : "Zeige einen Wegpunkt für Munitionstaschen, der dir verrät wieviel Munition übrig ist.",
	"wolfhud_waypoints_show_doc_bag_title" : "Zeige Arzttaschen",
	"wolfhud_waypoints_show_doc_bag_desc" : "Zeige einen Wegpunkt für Arzttaschen, der dir verrät wieviele Ladungen übrig sind.",
	"wolfhud_waypoints_show_first_aid_kit_title" : "Zeige Erste Hilfe Kits",
	"wolfhud_waypoints_show_first_aid_kit_desc" : "Zeige einen Wegpunkt für Erste Hilfe Kits, der dir ihre geskillten Effekte verrät.",
	"wolfhud_waypoints_show_body_bag_title" : "Zeige Leichensack-Taschen",
	"wolfhud_waypoints_show_body_bag_desc" : "Zeige einen Wegpunkt für Leichensack-Taschen, der dir verrät wieviele Leichensäcke übrig sind.",
	"wolfhud_waypoints_show_grenade_crate_title" : "Zeige Granatenkoffer",
	"wolfhud_waypoints_show_grenade_crate_desc" : "Zeige einen Wegpunkt für Granatenkoffer, der dir verrät wieviele Granaten übrig sind.",
	"wolfhud_waypoints_show_sentries_title" : "Zeige Sentries",
	"wolfhud_waypoints_show_sentries_desc" : "Zeige einen Wegpunkt für Sentries, der dir ihr verbleibenden Lebenspunkte und Munition anzeigt.",
	"wolfhud_waypoints_show_ecms_title" : "Zeige ECMs",
	"wolfhud_waypoints_show_ecms_desc" : "Zeige einen Wegpunkt für ECMs, der dir die verbleibende Batterie und Feedback-Dauer anzeigt.",
	"wolfhud_waypoints_show_timers_title" : "Zeige Timer",
	"wolfhud_waypoints_show_timers_desc" : "Zeige einen Wegpunkt für Timer, der dir die verbleibende Zeit und die aktiven Upgrades anzeigt.",
	"wolfhud_waypoints_show_loot_title" : "Zeige Beute",
	"wolfhud_waypoints_show_loot_desc" : "Zeige den Namen über der Beute, wenn du in seine Richtung schaust.",
	"wolfhud_waypoints_loot_icon_title" : "Taschenicon",
	"wolfhud_waypoints_loot_icon_desc" : "Zeige das taschen icon für verpackte Beute.",
	"wolfhud_waypoints_loot_offset_title" : "Vertikaler Abstand",
	"wolfhud_waypoints_loot_offset_desc" : "Setze den vertikalen Abstand des wegpunkts für unverpackte Beute.",
	"wolfhud_waypoints_loot_bagged_offset_title" : "Vertikaler Abstand (Verpackt)",
	"wolfhud_waypoints_loot_bagged_offset_desc" : "Setze den vertikalen Abstand des wegpunkts für verpackte Beute.",
	"wolfhud_waypoints_loot_angle_title" : "Sichtbarer Winkel",
	"wolfhud_waypoints_loot_angle_desc" : "Setze den Winkel in dem der Wegpunkt sichtbar ist.",
	"wolfhud_waypoints_show_special_equipment_title" : "Zeige Spezielles Equipment",
	"wolfhud_waypoints_show_special_equipment_desc" : "Zeige Wegpunkte für verschiedenes spezielles Equipment. Gut um die verschiedenen Fundorte zu lernen.",
	"wolfhud_waypoints_show_minions_title" : "Zeige Minions",
	"wolfhud_waypoints_show_minions_desc" : "Zeige den namen und das Leben von konvertierten Polizisten über ihrem Kopf.\nZählt auch dessen Tötungen.",
	"wolfhud_waypoints_show_pager_title" : "Zeige Pager",
	"wolfhud_waypoints_show_pager_desc" : "Zeige einen Wegpunkt für aktivierte Pager. Ändert die Farbe falls er von jemandem beantwortet wird.",

	"wolfhud_tabstats_options_name" : "TabStats Optionen",
	"wolfhud_tabstats_options_help" : "Konfiguriere das Aussehen des Tab-Panels.",

	"wolfhud_tabstats_clock_mode_title" : "Uhr Modus",
	"wolfhud_tabstats_clock_mode_desc" : "Welchen Modus soll die Uhr benutzen?",
	"wolfhud_tabstats_clock_mode_a" : "12-h",
	"wolfhud_tabstats_clock_mode_b" : "24-h",
	"wolfhud_tabstats_clock_mode_c" : "Raub Dauer",
	"wolfhud_use_tabstats_title" : "Benutze TabStats",
	"wolfhud_use_tabstats_desc" : "Zeige deine Statistiken auf dem Tab Panel, anstatt der Missionseinführung.\n(Wird erst beim Mapwechsel aktiv...)",
	"wolfhud_tabstats_font_size_title" : "Schriftgröße der Liste",
	"wolfhud_tabstats_font_size_desc" : "Schriftgröße der Liste mit erweiterten Statistiken.",
	"wolfhud_tabstats_color_title" : "Farbe der Liste",
	"wolfhud_tabstats_color_desc" : "Farbe der Liste mit erweiterten Statistiken.",
	"wolfhud_tabstats_actual_mask_title" : "Benutze aktuelle Maske",
	"wolfhud_tabstats_actual_mask_desc" : "Zeige deine aktuelle Maske anstatt des Profilbildes des gespielten Charakters.",
	"wolfhud_tabstats_numberic_loot_title" : "Numerischer Beute Zähler",
	"wolfhud_tabstats_numberic_loot_desc" : "Ersetze das Taschenzählspiel mit der wirklichen Zahl an gesicherter Beute.",

	"wolfhud_crewloadout_options_name" : "Crew Loadout Optionen",
	"wolfhud_crewloadout_options_help" : "Wähle aus, wo du Informationen zu Ausrüstung und Fähigkeiten deiner Mitspieler angezeigt bekommen möchtest.",

	"wolfhud_crewloadout_lobby_title" : "Zeige in der Lobby",
	"wolfhud_crewloadout_lobby_desc" : "Fügt dem Lobby Bildschirm einen Knopf hinzu, der deine und die Ausrüstung deiner Crew anzeigt.",
	"wolfhud_crewloadout_cs_lobby_title" : "Zeige in Crimespree Lobby",
	"wolfhud_crewloadout_cs_lobby_desc" : "Fügt der Crimespree Lobby einen neuen Tab neben den Modifizierungen und Belohnungen hinzu.",
	"wolfhud_crewloadout_briefing_title" : "Ersetze in Briefing",
	"wolfhud_crewloadout_briefing_desc" : "Ersetzt das standart Crew Loadout Panel im Missions Briefing.",
	"wolfhud_crewloadout_tabscreen_title" : "Zeige auf dem Tab Panel",
	"wolfhud_crewloadout_tabscreen_desc" : "Zeigt die Fähigkeiten, Perk und aktuellen Ping der Spieler in deiner Lobby. \n(Deaktiviert, wenn diese feature von Lobby Player Info genutzt wird.)",
    "wolfhud_profilemenu_replace_title" : "Ersetze Profil Menü",
    "wolfhud_profilemenu_replace_desc" : "Ersetzt die standart Profil-Auswahl mit WolfHUDs verbessertem Menü.",

	"wolfhud_dmgindicator_options_name" : "Schadens Indikator",
	"wolfhud_dmgindicator_options_help" : "Setzte die Zeit, Größe und Farben des Schadensindikators.",

	"wolfhud_show_dmg_indicator_title" : "Dynamischer Schadensindikator",
	"wolfhud_show_dmg_indicator_desc" : "Ändert die 4 Standard Indikatoren in viele dynamische, die sich bewegen, in Relation zu deiner aktuellen Position, und der des Gegners der den Schaden zugefügt hat.",
	"wolfhud_dmg_ind_time_title" : "Indikator Zeit",
	"wolfhud_dmg_ind_time_desc" : "Bestimmt die Zeit, die der Indikator angezeigt wird.",
	"wolfhud_dmg_ind_size_title" : "Indikator Größe",
	"wolfhud_dmg_ind_size_desc" : "Bestimmt die Größe des Kreises, auf dem sich der Indikator bewegt.",
	"wolfhud_dmg_indicator_max_count_title" : "Max Indikator Anzahl",
	"wolfhud_dmg_indicator_max_count_desc" : "Lege die maximale Anzahl an Indikatoren auf deinem Bildschirm fest.",
	"wolfhud_dmg_shield_color_title" : "Rüstungsfarbe",
	"wolfhud_dmg_shield_color_desc" : "Farbe des Indikators, wenn du nur Rüstung verlierst.",
	"wolfhud_dmg_health_color_title" : "Lebensfarbe",
	"wolfhud_dmg_health_color_desc" : "Farbe des Indikators, wenn du Leben verlierst.",
	"wolfhud_dmg_crit_color_title" : "Niedriges Leben Farbe",
	"wolfhud_dmg_crit_color_desc" : "Farbe des Indikators, wenn dein Leben zur Neige geht.",
	"wolfhud_dmg_vehicle_color_title" : "Fahrzeug Farbe",
	"wolfhud_dmg_vehicle_color_desc" : "Farbe des Indikators, wenn du in einem Fahrzeug bist, das Schaden nimmt.",
	"wolfhud_dmg_friendlyfire_color_title" : "Teambeschuss Farbe",
	"wolfhud_dmg_friendlyfire_color_desc" : "Farbe des Indikators, wenn du Feuer- oder Explosivschaden nimmst.",

	"wolfhud_dmgpopup_options_name" : "Gegner Schadens Popup",
	"wolfhud_dmgpopup_options_help" : "Popup am Kopf des Gegners, zeigt an wie viel Schaden du ihm zugefügt hast.",

	"wolfhud_show_dmg_popup_title" : "Zeige Schadens Popup",
	"wolfhud_show_dmg_popup_desc" : "Aktiviere den Schadens Popup.",
	"wolfhud_dmg_popup_player" : "Spieler",
	"wolfhud_dmg_popup_all" : "Jeden",
	"wolfhud_dmg_popup_scale_title" : "Popup Skalierung",
	"wolfhud_dmg_popup_scale_desc" : "Ändert die Größe des Popups.",
	"wolfhud_dmg_popup_skull_scale_title" : "Schädel Skalierung",
	"wolfhud_dmg_popup_skull_scale_desc" : "Ändert die Größe des Schadelicons bei einem Kill.",
	"wolfhud_dmg_popup_skull_align_title" : "Schädel Ausrichtung",
	"wolfhud_dmg_popup_skull_align_desc" : "Ändert die Ausrichtung des Schädelicons bei einem Kill.",
	"wolfhud_dmg_popup_time_title" : "Popup Zeit",
	"wolfhud_dmg_popup_time_desc" : "Bestimmt wie lange das Popup angezeigt wird.",
	"wolfhud_dmg_popup_height_title" : "Popup Höhe",
	"wolfhud_dmg_popup_height_desc" : "Bestimmt wie hoch über einem Gegner das Popup erscheinen wird.",
	"wolfhud_dmg_popup_alpha_title" : "Popup Sichtbarkeit",
	"wolfhud_dmg_popup_alpha_desc" : "Setzt die Sichtbarkeit des Popups.",
	"wolfhud_dmg_popup_color_title" : "Körpertreffer Popup Farbe",
	"wolfhud_dmg_popup_color_desc" : "Setzt die Farbe des Popups für normale Körpertreffer.",
	"wolfhud_dmg_popup_critical_color_title" : "Kritischer Treffer farbe",
	"wolfhud_dmg_popup_critical_color_desc" : "Setzt die Farbe des Popups für kritische Treffer.",
	"wolfhud_dmg_popup_headshot_color_title" : "Kopfschuss Popup Farbe",
	"wolfhud_dmg_popup_headshot_color_desc" : "Setzt die Farbe des Popups für Kopftreffer.",

	"wolfhud_enemyhealthbar_options_name" : "Gegner Lebensanzeige",
	"wolfhud_enemyhealthbar_options_help" : "Bestimme für welche Einheiten eine Lebenanzeige gezeigt werden soll.",

	"wolfhud_show_enemyhealthbar_title" : "Zeige Gegner Lebensanzeige",
	"wolfhud_show_enemyhealthbar_desc" : "Zeige Gegner Lebensanzeige oben in der Mitte, wenn du auf einen Gegner zielst.\n(Wird erst beim Mapwechsel aktiv...)",
	"wolfhud_show_civhealthbar_title" : "Zivilisten Lebensanzeige",
	"wolfhud_show_civhealthbar_desc" : "Zeige Lebensanzeige für Zivilisten und Bots.",
	"wolfhud_show_carhealthbar_title" : "Zeige Fahrzeug Lebensanzeige",
	"wolfhud_show_carhealthbar_desc" : "Zeige Lebensanzeige für fahrbare Fahrzeuge.",
	"wolfhud_show_healthbar_pointer_title" : "Zeige Pfeil",
	"wolfhud_show_healthbar_pointer_desc" : "Zeige Pfeil unter der Lebensanzeige, der auf den Gegner zeigt, zu dem die Anzeige gehört.",

	"wolfhud_interaction_options_name" : "Interaktions-Optionen",
	"wolfhud_interaction_options_help" : "Ändere das Interaktionsverhalten des Spiels.",

	"wolfhud_press2hold_lock_mode_title" : "Sperr-Modus",
	"wolfhud_press2hold_lock_mode_desc" : "Sperren, wenn schon länger als X Sekunden interagiert wird. (Fortschritt)\nSperren, wenn benötigte Interaktionszeit insgesamt länger ist als X Sekunden. (Gesamt)",
	"wolfhud_press2hold_lock_mode_a" : "Fortschritt",
	"wolfhud_press2hold_lock_mode_b" : "Gesamt",
	"wolfhud_press2hold_lock_mode_c" : "Pager + Schlösser",
	"wolfhud_press2hold_lock_mode_d" : "Nur Pager",
	"wolfhud_press2hold_min_timer_duration_title" : "Timer Schwellwert",
	"wolfhud_press2hold_min_timer_duration_desc" : "Die minimale Timerdauer um die Interaktion zu sperren.",
	"wolfhud_press2hold_show_lockindicator_title" : "Zeige Sperr-Indikator",
	"wolfhud_press2hold_show_lockindicator_desc" : "Zeige transparenten roten/grünen Kreis, zur Visualisierung, ob die Interaktion gesperrt ist oder nicht.",
	"wolfhud_press2hold_equipment_cancel_title" : "Equipment Abbrechen",
	"wolfhud_press2hold_equipment_cancel_desc" : "Breche eine gesperrte Interaktion mit der Equipment Taste ab.\n(Andernfalls durch erneutes drücken der Interaktionstaste.)",
	"wolfhud_press2hold_interrupt_hint_title" : "Zeige 'Abbrechen' Hinweis",
	"wolfhud_press2hold_interrupt_hint_desc" : "Zeige einen Text zur Erinnerung, wie man die Interaktion abbricht.",
	"wolfhud_press2hold_show_circle_title" : "Zeige Interaktionskreis",
	"wolfhud_press2hold_show_circle_desc" : "Zeige den kreisförmigen Interaktionsbalken.",
	"wolfhud_press2hold_circle_scale_title" : "Interaktionskreis Skalierung",
	"wolfhud_press2hold_circle_scale_desc" : "Skalierungsfaktor des Interaktionskreises und des mittleren Timers.",
	"wolfhud_press2hold_timer_scale_title" : "Timer Skalierung",
	"wolfhud_press2hold_timer_scale_desc" : "Skalierungsfaktor des mittleren Timers (Wird auch von der Interaktionskreis Skalierung beeinflusst).",
	"wolfhud_press2hold_text_scale_title" : "Interaktionstext Skalierung",
	"wolfhud_press2hold_text_scale_desc" : "Skalierungsfaktor des Interaktionstextes unter dem Kreis.",
	"wolfhud_press2hold_show_reload_circle_title" : "Zeige Nachlade Timer",
	"wolfhud_press2hold_show_reload_circle_desc" : "Zeige Nachladen als Interaktion.",
	"wolfhud_press2hold_show_melee_circle_title" : "Zeige Nahkampf Timer",
	"wolfhud_press2hold_show_melee_circle_desc" : "Zeige Nahkapf Aufladung als Interaktion.",
	"wolfhud_press2hold_show_timer_title" : "Zeige Timer",
	"wolfhud_press2hold_show_timer_desc" : "Zeigt die verbleibende Zeit innerhalb des Interaktionskreises.",
	"wolfhud_press2hold_timer_color_start_title" : "Timer Farbgradient (Start)",
	"wolfhud_press2hold_timer_color_start_desc" : "Farbe, mit der der Timer startet.",
	"wolfhud_press2hold_timer_color_title" : "Timer Farbgradient (Ende)",
	"wolfhud_press2hold_timer_color_desc" : "Farbe, die der Timer zum Abschluss hin erreicht.",
	"wolfhud_press2hold_show_timer_outline_title" : "Schwarze Umrandung",
	"wolfhud_press2hold_show_timer_outline_desc" : "Zeige eine schwarze Umrandung um den Timer Text.",
	"wolfhud_doubletap_nades_stealth_title" : "Stealth Granaten Unterdrückung",
	"wolfhud_doubletap_nades_stealth_desc" : "Wenn ausgewählt, musst du im stealth 2x schnell die Granatentaste drücken, um sie zu werfen. \nZum Vorbeugen von Unfällen.  ;)",
	"wolfhud_hold_to_pick_title" : "Automatisches Pickup",
	"wolfhud_hold_to_pick_desc" : "Kleine Beute wird automatisch aufgehoben, während du die Interaktionstaste gedrückt hältst.",

	"wolfhud_inventory_options_name" : "Inventar Tweak Optionen",
	"wolfhud_inventory_options_help" : "Optionen um das Inventar und das Verhalten von Equipment zu verändern.",

	"wolfhud_equipment_senty_auto_ap_title" : "Sentry Auto AP-Modus",
	"wolfhud_equipment_senty_auto_ap_desc" : "Sentries werden im AP-Modus platziert, wenn du den erforderlichen Skill hast.",
	"wolfhud_equipment_tripmine_auto_sensor_stealth_title" : "Stolpermine Auto Sensor-Modus",
	"wolfhud_equipment_tripmine_auto_sensor_stealth_desc" : "Stolperminen werden im Sensor-Modus platziert, solange du unentdeckt bleibst.",
	"wolfhud_equipment_ecm_feedback_disabled_stealth_title" : "Kein ECM Feedback",
	"wolfhud_equipment_ecm_feedback_disabled_stealth_desc" : "ECM Feedback wird deaktiviert, solange du unentdeckt bleibst.",
	"wolfhud_equipment_shaped_charge_disabled_stealth_title" : "Stealth Sprengladung Unterdrückung",
	"wolfhud_equipment_shaped_charge_disabled_stealth_desc" : "Wenn ausgewählt, musst du im stealth 2x schnell die Interaktionstaste drücken, um eine Sprengladung zu platzieren. \n(Zum Vorbeugen von Unfällen.)",
	"wolfhud_equipment_keycard_doors_disabled_title" : "Key-card Tür Unterdrückung",
	"wolfhud_equipment_keycard_doors_disabled_desc" : "Wenn ausgewählt, musst du am 2. Tag von Hoxtons Ausbruch 2x schnell die Interaktionstaste drücken, um eine Tür zu schließen. \n(Zum Vorbeugen von Unfällen.)",
	"wolfhud_override_fedinv" : "Aktiviere Federal Inventory",
	"wolfhud_override_fedinv_desc" : "Benutze farbige Inventarbilder.\nBenötigt den Neustart des Spiels, um vollen Effekt zu zeigen.",

	"wolfhud_gadget_options_name" : "Waffen Gadget Optionen",
	"wolfhud_gadget_options_help" : "Wähle die Laserfarben und Taschenlampen-Parameter.",

	"wolfhud_laser_autoon_title" : "Auto Laser An",
	"wolfhud_laser_autoon_desc" : "Schaltet die Laser beim Missionsstart automatisch ein, wenn die Waffe einen Laser besitzt.",
	"wolfhud_show_angeled_sight_title" : "Zeige Winkel-Visier",
	"wolfhud_show_angeled_sight_desc" : "Neige die Waffe in deiner Hand, während das Winkel-Visier benutzt wird.",

	"wolfhud_gadget_player_laser_options_name" : "Spieler Laser",
	"wolfhud_gadget_player_laser_options_help" : "Einstellungen für deinen eigenen Laser.",
	"wolfhud_gadget_player_sentry_laser_options_name" : "Spieler Sentry Optionen",
	"wolfhud_gadget_player_sentry_laser_options_help" : "Einstellungen für die Laser deiner Sentries.",
	"wolfhud_gadget_team_laser_options_name" : "Mitspieler Laser",
	"wolfhud_gadget_team_laser_options_help" : "Einstellungen für die Laser deiner Mitspieler.",
	"wolfhud_gadget_team_sentry_laser_options_name" : "Mitspieler Sentry Laser",
	"wolfhud_gadget_team_sentry_laser_options_help" : "Einstellungen für die Laser der Sentries deiner Mitspieler.",
	"wolfhud_gadget_sniper_laser_options_name" : "Sniper Laser",
	"wolfhud_gadget_sniper_laser_options_help" : "Einstellungen für die Laser von gegnerischen Snipern.",
	"wolfhud_gadget_turret_laser_active_options_name" : "Geschützwagen Laser (Aktiv)",
	"wolfhud_gadget_turret_laser_active_options_help" : "Laser-Einstellungen für den aktiven SWAT Geschützwagen.",
	"wolfhud_gadget_turret_laser_rearming_options_name" : "Geschützwagen Laser (Nachladen)",
	"wolfhud_gadget_turret_laser_rearming_options_help" : "Laser-Einstellungen für den nachladenden SWAT Geschützwagen.",
	"wolfhud_gadget_turret_laser_mad_options_name" : "Geschützwagen Laser (Verrückt)",
	"wolfhud_gadget_turret_laser_mad_options_help" : "Laser-Einstellungen für den gejammten SWAT Geschützwagen.",
	"wolfhud_gadget_player_flashlight_options_name" : "Spieler Taschenlampe",
	"wolfhud_gadget_player_flashlight_options_help" : "Einstellungen für deine eigene Taschenlampe.",
	"wolfhud_gadget_team_flashlight_options_name" : "Mitspieler Taschenlampe",
	"wolfhud_gadget_team_flashlight_options_help" : "Einstellungen für die Taschenlampen deiner Mitspieler.",

	"wolfhud_gadgets_enabled_title" : "Überschreibe Farbe",
	"wolfhud_gadgets_enabled_desc" : "Benutze diese Einstellungen, anstatt der gadget Konfiguration.",
	"wolfhud_gadgets_beam_r_title" : "Laserstrahl (R)",
	"wolfhud_gadgets_beam_r_desc" : "Rotanteil der Laserfarbe.",
	"wolfhud_gadgets_beam_g_title" : "Laserstrahl (G)",
	"wolfhud_gadgets_beam_g_desc" : "Grünanteil der Laserfarbe.",
	"wolfhud_gadgets_beam_b_title" : "Laserstrahl (B)",
	"wolfhud_gadgets_beam_b_desc" : "Blauanteil der Laserfarbe.",
	"wolfhud_gadgets_beam_a_title" : "Laserstrahl Alpha",
	"wolfhud_gadgets_beam_a_desc" : "Durchsichtigkeit des Laserstrahls.",
	"wolfhud_gadgets_dot_match_title" : "Passende Puktfarbe",
	"wolfhud_gadgets_dot_match_desc" : "Bestimmt, ob der Punkt farblich zum Strahl passen soll.",
	"wolfhud_gadgets_dot_r_title" : "Laserpunkt (R)",
	"wolfhud_gadgets_dot_r_desc" : "Rotanteil der Laserpunktfarbe.",
	"wolfhud_gadgets_dot_g_title" : "Laserpunkt (G)",
	"wolfhud_gadgets_dot_g_desc" : "Grünanteil der Laserpunktfarbe.",
	"wolfhud_gadgets_dot_b_title" : "Laserpunkt (B)",
	"wolfhud_gadgets_dot_b_desc" : "Blauanteil der Laserpunktfarbe.",
	"wolfhud_gadgets_dot_a_title" : "Laserpunkt Alpha",
	"wolfhud_gadgets_dot_a_desc" : "Durchsichtigkeit des Laserpunkts.",
	"wolfhud_gadgets_glow_match_title" : "Passende Scheinfarbe",
	"wolfhud_gadgets_glow_match_desc" : "Bestimmt, ob das Leuchten um den Punkt farblich zum Strahl passen soll.",
	"wolfhud_gadgets_glow_r_title" : "Laserschein (R)",
	"wolfhud_gadgets_glow_r_desc" : "Rotanteil der Laserscheinfarber.",
	"wolfhud_gadgets_glow_g_title" : "Laserschein (G)",
	"wolfhud_gadgets_glow_g_desc" : "Grünanteil der Laserscheinfarbe.",
	"wolfhud_gadgets_glow_b_title" : "Laserschein (B)",
	"wolfhud_gadgets_glow_b_desc" : "Blauanteil der Laserscheinfarbe.",
	"wolfhud_gadgets_glow_a_title" : "Laserschein Alpha",
	"wolfhud_gadgets_glow_a_desc" : "Durchsichtigkeit der Laserscheinfarbe.",
	"wolfhud_gadgets_light_r_title" : "Taschenlampe (R)",
	"wolfhud_gadgets_light_r_desc" : "Rotanteil der Taschenlampenfarbe.",
	"wolfhud_gadgets_light_g_title" : "Taschenlampe (G)",
	"wolfhud_gadgets_light_g_desc" : "Grünanteil der Taschenlampenfarbe.",
	"wolfhud_gadgets_light_b_title" : "Taschenlampe (B)",
	"wolfhud_gadgets_light_b_desc" : "Blauanteil der Taschenlampenfarbe.",
	"wolfhud_gadgets_light_brightness_title" : "Taschenlampen Helligkeit",
	"wolfhud_gadgets_light_brightness_desc" : "Helligkeit der Taschenlampe.",
	"wolfhud_gadgets_light_angle_title" : "Taschenlampen Winkel",
	"wolfhud_gadgets_light_angle_desc" : "Der Winkel in dem die Taschenlampe strahlt.",
	"wolfhud_gadgets_light_range_title" : "Taschenlampen Reichweite",
	"wolfhud_gadgets_light_range_desc" : "Entfernung die die Taschenlampe abdecken kann.",
	"wolfhud_gadgets_rainbow_enabled_title" : "Aktiviere Regenbogen",
	"wolfhud_gadgets_rainbow_enabled_desc" : "Aktiviert den Regenbogen-Modus.",
	"wolfhud_gadgets_rainbow_frequency_title" : "Regenbogen Frequenz",
	"wolfhud_gadgets_rainbow_frequency_desc" : "Bestimmt, wie schnell der Regenbogen die Farbe wechselt.",
	"wolfhud_gadgets_pulse_enabled_title" : "Aktiviere Pulsieren",
	"wolfhud_gadgets_pulse_enabled_desc" : "Aktiviert den Pulsieren-Modus.",
	"wolfhud_gadgets_pulse_min_title" : "Puls Min",
	"wolfhud_gadgets_pulse_min_desc" : "Minimale Sichtbarkeits-Multiplikator die genutzt wird.",
	"wolfhud_gadgets_pulse_max_title" : "Puls Max",
	"wolfhud_gadgets_pulse_max_desc" : "Maximaler Sichtbarkeits-Multiplikator die genutzt wird.",
	"wolfhud_gadgets_pulse_frequency_title" : "Puls Frequenz",
	"wolfhud_gadgets_pulse_frequency_desc" : "Bestimmt die Zeit, die der Puls vom minimalen zum maximalen Multiplikator benötigt.",

	"wolfhud_skipit_options_name" : "Skip-It Optionen",
	"wolfhud_skipit_options_help" : "Optionen um überflüssige menüs automatisch zu überspringen, um Zeit zu sparen.",
	"wolfhud_assaultbanner_options_name" : "Ansturms-Banner Optionen",
	"wolfhud_assaultbanner_options_help" : "Optionen um das Ansturmsbanner zu verändern."
}
