{
	"Mission_triggers": "Mission Triggers",
	"Trolling_triggers": "Trolling Triggers",
	"Spawn_triggers": "Spawn Triggers",
	"Experimental_triggers": "Experimental Triggers",
	"AiGlobalEvent": "Ai Global Event",
	"AreaTrigger": "Area Trigger",
	"LaserTrigger": "Laser Trigger",
	"MissionFilter": "Mission Filter",
	"WhisperState": "Whisper State",
	"SpecialObjective": "Special Objective",
	"SpecialObjectiveTrigger": "Special Objective Trigger",
	"PlayerSpawner": "Player Spawner",
	"PointOfNoReturn": "Point Of No Return",
	"SpawnGrenade": "Spawn Grenade",
	"SpawnCivilianGroup": "Spawn Civilian Group",
	"SpawnCivilian": "Spawn Civilian",
	"Filter": "Filter",
	"EnemyDummyTrigger": "Enemy Dummy Trigger",
	"AssetTrigger": "Asset Trigger",
	"PrePlanning": "Pre Planning",
	"SpawnDeployable": "Spawn Deployable",
	"TeammateComment": "Teammate Comment",
	"Dialogue": "Dialogue",
	"menu_f11_main_menu": "Help Menu",
	"menu_f11_cheater_tag_menu_text": "All About Cheater Tag",
	"menu_f11_cheater_tag_menu_text1": "Сheater Tag",
	"menu_f11_cheater_tag_menu_text2": "No Сheater Tag",
	"menu_f11_cheater_tag_menu_DLC": "DLC Unlocker",
	"menu_f11_cheater_tag_menu_DLC_1": "Using items from non-purchased DLC",
	"menu_f11_cheater_tag_menu_DLC_2": "Mask modification",
	"menu_f11_cheater_tag_menu_DLC_3": "Weapon modification",
	"menu_f11_cheater_teg_menu_Skin_1": "Which is only because of a massive convenience of the weapon mods being marked as unobtainable",
	"menu_f11_cheater_teg_menu_levle_1": "Getting infamy level without a single heist completed",
	"menu_f11_cheater_teg_menu_levle_2": "Getting infamy level without getting 100 level",
	"menu_f11_cheater_teg_menu_levle_3": "Skipping next infamy level, like from 1 to 3",
	"heist_menu": "About Heist",
	"menu_f11_cheater_teg_menu_heist_1": "Using contract from non-purchased DLC",
	"menu_f11_cheater_teg_menu_heist_2": "Spawning any equipment, different from last equipment you spawned",
	"menu_f11_cheater_teg_menu_heist_3": "Throwing more than the allowed amount of grenades",
	"menu_f11_cheater_teg_menu_heist_4": "Picking up a grenade from grenades crate case increases the limit",
	"menu_f11_cheater_teg_menu_heist_5": "Spawning more than the allowed amount of equipment",
	"keybinds_in": "KeyBinds in ",
	"main_menu": "Main Menu",
	"ingame_menu": "Heist",
	"keyboard_keybinds": "Keyboard KeyBinds",
	"teg_del": "How to remove CHEATER tag",
	"teg_del_1": "Disable Dlc Unlocker",
	"teg_del_2": "Disable Skin Unlocker",
	"teg_del_3": "Restart the game and try to join",
	"teg_del_4": "These are the main reasons",
	"teg_del_5": "The problem remains unresolved",
	"teg_del_6_prem": "I recommend contacting us",
	"teg_del_7": "Using F10, remove the problem moments",
	"teg_del_8": "In the worst case, go to Settings/Extended/Clear progress",
	"contact_us": "Contact Us",
	"open_p3dhack": "Open P3DHack.ru",
	"menu_f11_text_dop1": "Ekstra",
	"menu_f11_text_keybind7": "Finder",
	"menu_f11_text_keybind8": "Aimbot",
	"menu_f11_text_keybind9": "Slow Motion",
	"menu_f11_text_keybind10": "NoClip",
	"menu_f11_text_keybind_num": "Numpad",
	"menu_f11_text_keybind13": "Offelig XRay",
	"menu_f11_text_keybind15": "Personsøger svar",
	"menu_f11_text_keybind_mouse": "Mus",
	"menu_f11_text_keybind16": "Teleport",
	"menu_f11_text_keybind_other": "Andet",
	"menu_f11_text_keybind17": "Skub stak op",
	"menu_f11_text_keybind18": "Skub stak ned",
	"menu_f11_text_keybind20": "Genopliv Team",
	"menu_f11_text_keybind21": "Skub stak",
	"thank_for_support": "Tak For Hjælpen",
	"open_crashlog": "Åben Nedbrudslog",
	"no_invisible_walls": "No invisible walls",
	"Full_Stop_function": "Full Stop The Cheater",
	"Full_Stop_all": "Full Stop Cheaters",
	"freeze_peers": "Freeze players",
	"stopthecheater_all": "Stop Cheaters",
	"antistopthecheater_all": "Anti Stop Cheaters",
	"NoClip_Amount": "NoClip speed",
	"hide_buy_dlc": "Hide Buy DLC",
	"arrows_helicopter": "Arrows on the keyboard",
	"control_helicopter": "Control the helicopter",
	"All_type": "All",
	"Host_type": "Host",
	"Client_type": "Client",
	"cheater_tag": " [Cheater Tag]",
	"cheater_tag_host": " [Cheater Tag for Host]",
	"cheater_tag_client": " [Cheater Tag for Client]",
	"night": " night",
	"secret_perks_no_negative_title": "No negative effects",
	"buddha_mode": "Buddha Mode",
	"killall": "Dræb alle Funktioner",
	"IgnoreCivilians": "Ignorere Uskydlige",
	"IgnoreTied": "Ignore Tied Hostages",
	"IgnoreCameras": "Ignorere Kamera",
	"IgnoreEnemies": "Ignorere Modstander",
	"NoBagBodies_title": "Ingen Lig Poser",
	"NoBagBodies": "Ingen Lig Poser [Cheater Tag for Client]",
	"F2_help1": "Skal Have Sekundær Udstyret Eller Vil Resultere I Nedbrud",
	"F2_help2": "Skal Have Primær Udstyret Eller Vil Resultere I Nedbrud",
	"stopthecheater_function": "Stop Hackeren",
	"freeze_peer": "Frys Spiller",
	"select_value": "Select the desired value",
	"fast_lvl": "Hurtig Niveau",
	"crime_spree_boost": "Crime Spree Boost",
	"set_crime_spree_boost": "Crime Spree points per heist",
	"shoot_through_wall_thickness_desc": "Set the value of through how many things you can shoot, 40 is a normal wall",
	"shoot_through_wall_desc": "This does not give you the ability to shoot through walls!",
	"target_closest_title": "Closest target",
	"target_closest_desc": "Set to true if you want to target the enemy that is closest to your crosshair instead of just any",
	"change_aim_function": "Sigt Og AutoSkyd Indstiling",
	"active_pagers": " Aktive personsøgere",
	"set_infamy": "Set Til ",
	"add_exp": "XP Instilinger",
	"add_lvl": "Niveau Instilinger",
	"answer_phones": "Svar Alle Telefoner",
	"get_preplanning": "Lås op for Alle For-Planing Elementer",
	"force_ready": "Tving Klar",
	"force_unready": "Tving Ikke Klar",
	"XP_bust_help1": "Multiplicer XP optjent af ",
	"XP_bust_help2": ", Aktivér for hvert kort, du vil multiplicere",
	"pick_up_right_engine": "Pick Up Correct Engine",
	"pickup_files": "Tag Korrekte Filer",
	"mind_civ_f3_1": "Tanke Kontrol",
	"int_team": "Øjeblikkelig interaktion for teamet",
	"auto_answer_phones": "Auto Svar Alle Telefoner",
	"no_lasers": "Lasers Aktivere Ikke Alarmen",
	"inf_ammo_reload": "Uenlig Skyd Med Genlad",
	"keyboard_health_and_ammo": "Helbred og AMMO genskabt",
	"keyboard_locator_1": "[1/8] Pakker : ",
	"keyboard_locator_2": "[2/8] Nøglekort/Sikkerheds Dør",
	"keyboard_locator_3": "[3/8] Våben/Cokain",
	"keyboard_locator_4": "[4/8] Planker/Bormaskine",
	"keyboard_locator_5": "[5/8] Kasse/Koben",
	"keyboard_locator_6": "[6/8] Missioner",
	"keyboard_locator_7": "[7/8] Penge",
	"keyboard_locator_8": "[8/8] Alle",
	"keyboard_ammo": "AMMO FYLD OP",
	"keyboard_reviveteam": "TEAM-MATE(S) Genopliver",
	"Rats_type_title": "Vis",
	"Rats_type_desc": "Vælg Ledetråde type",
	"Rats_type_for_you": "For Mig",
	"Rats_type_for_all": "For Alle",
	"waypoints": "Markerings Point",
	"waypoint_rat_desc": "Vil Du Gerne Aktiverer Meth Hjelper Markerings Point?",
	"support_sector": "Hjelpe Afdeling",
	"config_title": "Hvordan Ændre Man i Konfiguration Filerne I P3DHack",
	"update_title": "Hvordan Updatere Jeg P3DHack",
	"wishes_title": "Dine Ønsker",
	"Unlockers": "Lås Op For",
	"you_can_desc": "Du Kan Øge Eller Formindske",
	"Inf_Cam_Loops_and_Duration": "Uenlig Kamera Loops Og Varighed",
	"First_column": "Første kolonne",
	"Second_column": "Anden kolonne",
	"Third_column": "Tredje kolonne",
	"inf_cable": "Uenlig Strips",
	"main_menu_f7_premium_text1": "INTERACT TIMER Indstillinger (Reducerer TIMER Til ",
	"main_menu_f7_premium_text2": " Sekunder)",
	"InteractTimer_Value_title": "Timer Værdi",
	"NameSpoofer_title": "Navn Spoofer",
	"NameSpoofer_desc": "Indstil dit nye navn i spillet, indstil til falsk for at bruge dit SteamNavn",
	"How_to_NameSpoofer_title": "Hvordan Skifter Jeg Navn Til OVERKILL_Almir?",
	"How_to_NameSpoofer_desc": "Tryk Her For At Se Hvordan Man Skifter Til OVERKILL_Almir Navn",
	"secret_skills_and_perks_title": "Hemmelig Skills Og Perks",
	"secret_skills_title": "Hemmelig Skills",
	"secret_skills_desc": "Alle skills, Men Frenzy Skill Giver Ikke Negative Effects Og reduced health",
	"secret_perks_title": "Hemmelig Perks",
	"Activator_Functions_title": "Activator funktioner",
	"Activator_Functions_desc": " Skal Være Aktiveret",
	"fast_scroll_title": "Hurtig scroll",
	"fast_scroll_desc": "Nu kan du Hurtig scroll i Indstillinger",
	"spoofs_title": "Loot kort Spoofer",
	"unbannable_skin_title": "Unbannable Falske Skins",
	"unbannable_skin_desc": "Det vil ikke markere dig nogensinde som en snyder, selv når du udstyrer legendariske skind",
	"skip_videos_title": "Sping over videos",
	"press_any_key_title": "Spring over ved Tryk På Hvilkens Som Helst Knap",
	"rss_options": "RSS Instilinger",
	"gap_offsets_text": "POSITION",
	"gap_menus_text": "SIGTBARHED",
	"gap_time_text": "ROTATION",
	"gap_news_text": "DATA",
	"removeNewHeistsGui_title": "Fjern Hovedmenu banner",
	"removeNewHeistsGui_desc": "Fjern reklamer Fra Hovedmenuen",
	"removeWallet_title": "Fjern tegnebog",
	"removeWallet_desc": "Fjern offshore Og Mønter beløb fra crime spree lobby",
	"show_main_title": "Hovedmenuen",
	"show_main_desc": "Vis RSS i Hovedmenuen",
	"show_pause_title": "Pause menu",
	"show_pause_desc": "Vis RSS i pause menu",
	"show_lobby_title": "Lobby",
	"show_lobby_desc": "Vis RSS i lobby",
	"show_spree_title": "Crime spree lobby",
	"show_spree_desc": "Vis RSS i crime spree lobby",
	"OFFSET_X_title": "forskydning Med X",
	"OFFSET_X_desc": "Angiv Vandrette forskydning af nyhedsfeeden",
	"OFFSET_Y_title": "forskydning Med Y",
	"OFFSET_Y_desc": "Specificer lodret forskydning af nyhedsfeeden",
	"PRESENT_TIME_title": "Skifte Tid",
	"PRESENT_TIME_desc": "Hvor lang tid tager det for hver titel at vises",
	"SUSTAIN_TIME_title": "Blive Tid",
	"SUSTAIN_TIME_desc": "Hvor længe hver titel forbliver på skærmen",
	"REMOVE_TIME_title": "Fjern Tid",
	"REMOVE_TIME_desc": "Hvor Lang Tid Tager Det For Hver Titel At Forsvinde",
	"MAX_NEWS_title": "Maks Nyheder til at blive læst",
	"MAX_NEWS_desc": "Maks. Nyheder, Der Skal Indlæses Fra Alle Kilder",
	"MAX_NEWS_SHOW_title": "Maks Nyheder Til at blive Vist",
	"MAX_NEWS_SHOW_desc": "Samlet antal nyheder, der skal roteres. Hver kilde får samme størrelset",
	"MIX_title": "Bland Titler",
	"MIX_desc": "Titler, der blandes. Hvis OFF, vises titler i rækkefølgen af ​​kilderne i config",
	"the_end_burn": "Glødende billede",
	"the_end_door": "Åben Den Hemmelige Dør",
	"hints_1": "Vi Arbejder Hårdt For At Gøre P3DHack Bedere!",
	"buy_premium": "Kik på Premium",
	"premium_buy_title": "Køb Premium",
	"Free_Crime_Spree_title": "Gratis Crime Spree",
	"unlock_all_tiers": "Op Lås alle niveauer",
	"set_killzone": "Slå Spiller",
	"reduce_damage_all": "Modtag 50% Skade",
	"hide_text_title": "slå alt tekst fra",
	"hide_text_desc": "Du kan skulle for Nævne af P3DHack",
	"reboard": "GenBeskyttelse",
	"reboard_help": "Du kan uendeligt bruge Bræderne i vinduet",
	"mod_list_lite_title": "Mod list lite",
	"mod_list_lite_desc": "Korrigerer et problem med frysning af spil, når du ser på listen over BLT-tilstande",
	"Delay_func_title": "Kog Hurtigere",
	"AimMode_desc": "Vælg type",
	"aim_type_1": "Kun auto Skud",
	"aim_type_2": "Kun aim",
	"aim_type_3": "Auto aim og Skyd",
	"RightClick_title": "HøjereKlik",
	"RightClick_desc": "Lad kun AimBot skyde, hvis den højre museknap holdes nede",
	"AimbotInfAmmo_title": "Uenlig Ammo",
	"AimbotDamageMul_title": "Skade Multiplier",
	"MaxAimDist_title": "Maks Aim Afstand",
	"SafeSimulatorMenu_function": "Pengeskab Simulator",
	"ScamDetectionLevel_title": "Falsk Opdagelse Niveau",
	"ScamDetectionLevel_desc": "Dit Opdagelse Niveau risk er 3",
	"vrmenu": "VR Menu",
	"I_Use_VR_title": "VR kompatibilitet",
	"I_Use_VR_desc": "Aktivere det vis du bruger VR",
	"ride_player": "Piggyback",
	"increase_ladder": "Increase Ladder Height And Width",
	"WORLD": "Verden",
	"RIVALS": "Modstander",
	"only_for_you": "Kun For Dig",
	"troll_remove_body": "Fjern Krop",
	"troll_remove_right_leg": "Fjern Højere Fod",
	"troll_remove_left_leg": "Fjern Venstre Fod",
	"troll_remove_legs": "Fjern Fod",
	"troll_stop_it": "Stop det",
	"troll_cut_head": "Skær Hovedet Af",
	"troll_hide_doors": "Fjern Døre",
	"troll_show_doors": "Vis Døre",
	"troll_upgrade_cameras": "Upgradere Kameraere",
	"jerry1": "Flyvning",
	"jerry2": "Nedstigning med faldskærm",
	"carry": "Bær",
	"mask_off": "Maske Af",
	"clean": "Ren Tilstand",
	"civilian": "Uskydlige",
	"standard": "Standard",
	"teleport_all_to_me": "Teleport Alle Til Mig",
	"troll_activate_triggers": "Aktivér Alarmen",
	"troll_enable_units": "Aktivere Forstærkninger",
	"troll_disable_units": "Deaktiveret Forstærkninger",
	"troll_end_mission": "Færdiggør Missionen",
	"troll_world": "Sjov Verden",
	"turret_spawn": "Turret Spawn",
	"turret_friendly": "Venlige Turret",
	"turret_enemy": "Fjernde Turret",
	"add_items_all_menu": "Fulde Liste",
	"del_items_all_menu": "Fulde Liste",
	"del_items_menu": "Fjern inventar Ting Menu",
	"right_engine_menu": "Rigtig Moter Menu",
	"right_engine": "Vis Rigtig Moter",
	"spawn_right_engine": "Spawn Rigtig Moter",
	"save_and_reload_title": "Gem og Geninlæs",
	"save_and_reload_desc": "Denne funktion hjælper dig med øjeblikkeligt at anvende ændringer til P3DHack Config",
	"P3DHack_Menu_title": "P3DHack Menu",
	"P3DHack_Menu_desc": "Hurtig og praktisk Funktioner i et sted",
	"hud_function": "HUD Funktioner",
	"hide_p3dhack_menu_desc": "Skjul P3DHack in main menu",
	"Hide_Functions": "Skjul Funktioner",
	"hide_smoke_title": "Skjul Røg",
	"hide_logo_title": "Skjul Payday logo",
	"hide_pattern_title": "Skjul Mønster",
	"hide_particles_title": "Skjul Partikler",
	"Skip_Functions": "Spring over Funktioner",
	"Skip_Press_title": "Spring Tryk Enter",
	"global_unavailable": "utilgængelig",
	"helicopter": "Helikopter Mod",
	"autoshoot": "Autoskyd",
	"troll_activate_elements": "Aktiver elementer",
	"troll_open_doors": "Åben Alle Døre",
	"troll_close_doors": "Luk Alle Døre",
	"troll_open_vault": "Åben Bankdør",
	"troll_close_vault": "Luk Bankdør",
	"troll_remove_head": "Fjern Hovede Fra Fjernder",
	"troll_invisible_spooks": "Gør spooks usynlige",
	"troll_launch_cars": "Skyd Spiller's Biler Op I Luften",
	"troll_close_van_doors": "Luk Lastbil Døre",
	"troll_open_van_doors": "Åben Lastbil Døre",
	"rofl_drills": "Uenlig Boring",
	"Speed_hack": "Hurtig Løb",
	"melee_range": "lang Slå Længde",
	"melee_charge": "Meget hurtig slå opladnings tid ",
	"melee_no_delay": "Slå meget stærkt",
	"hider_title": "Skjul mods",
	"hider_type_title": "Hvad Skal Skjules?",
	"Only_P3D": "Kun P3DHack",
	"All": "Alle mods",
	"Crosshair_title": "Sigtekorn",
	"specific_weapons_unlocker_title": "Specifik våben oplåser",
	"NewMenu_function": "Auto Hacks",
	"Dodge_Chance_Buff_title": "Dodge Chance",
	"Dodge_Chance_Buff_Amount_title": "Dodge Chance Beløb",
	"Dodge_Chance_Buff_Amount_desc": "0.1 = 10%, 1 = 100%",
	"Melee_Buff_title": "Slå Skade Multiplier",
	"Melee_Buff_Amount_title": "Multiplier Beløb",
	"Unlimited_BodyBags_title": "Uenlig Lig Poser",
	"Jump_Mask_Off_title": "Hop Med Masken Af",
	"Fast_Mask_title": "Hurtig Maske",
	"Infinite_Hostage_Follow_title": "Uenlig Mængden af ​​følgende gidsler",
	"Interaction_CoolDown_title": "Ingen interaktion nedkøling",
	"Sixth_Sense_Reset_title": "6. Sans",
	"Sixth_Sense_Reset_desc": "Nulstilles kun, når du bevæger dig",
	"Bag_CoolDown_title": "Ingen Taske Nedkøling",
	"Camera_Bag_Explosion_Multiplier_title": "Eksplosiv taske Kamera effekt multiplikator",
	"Camera_Bag_Explosion_Multiplier_desc": "Vil du have aktiveret Eksplosiv taske Kamera effekt multiplikator?",
	"Camera_Bag_Explosion_Multiplier_Amount_title": "Multiplier beløb",
	"Camera_Bag_Explosion_Multiplier_Amount_desc": "Standard 4",
	"Explosion_Buff_title": "Alle eksplosioner Skader Multiplier",
	"Explosion_Buff_Amount_title": "Alle eksplosioner Skader Multiplier-beløb",
	"Lowered_Headbob_title": "Sænket hoved-bob",
	"Toggle_Interact_title": "Interaktive skift",
	"Toggle_Interact_desc": "Vil du have aktiveret Interaktive skift?",
	"Grenade_Restrict_title": "Begræns granater i stealth",
	"Pager_Mod_title": "Forøg personsøger antal(Kald)",
	"Zipline_Drop_title": "Smid Tasker Du Bægre Nå Du Er På Svævebane",
	"Classic_Open_Door_title": "Klassisk mulighed for at åbne alle døre",
	"Classic_Open_Door_desc": "Klassisk mulighed for at åbne alle døre kan muligvis ikke arbejde overalt, men er mere begrænset til specifikke døre",
	"New_Open_Door_title": "Ny mulighed for åbne alle døre",
	"New_Open_Door_desc": "Ny mulighed for åbne alle døre, åbner alle vælgbare døre, pengeskabe, Personlig bokse Eklusiv. Hvilken klassisk mulighed ikke gør",
	"Anti_Cheat_Disable_title": "Deaktiveret Inbygget Snyde System",
	"Anti_Cheat_Disable_desc": "Tillader dig at spawn tasker og meget mere",
	"Secure_BodyBags_title": "Sikker Lig poser til Penge",
	"Secure_BodyBags_Loot_Value_title": "Penge værdi Beløb",
	"Secure_BodyBags_Loot_Value_desc": "Sikker kropsposer til kontantværdi",
	"No_Job_Heat_title": "Deaktiver gentagne job straf",
	"Job_Heat_Amount_title": "Indstil job bonus beløb",
	"Job_Heat_Amount_desc": "Standart 1.15 = 15%",
	"XP_Multiplier_title": "XP Multiplier",
	"XP_Multiplier_Amount_title": "XP Multiplier Amount",
	"othermenu_function": "Andet",
	"Rats_Message_title": "Meth Hjælper",
	"Rats_Message_desc": "Vis korrekt kemisk meddelelse i chatten",
	"Delay_title": "Forsikelse mellem ingrediensern",
	"CookMeth_function": "Kog Meth funktioner",
	"troll_alarm": "Alarmcentral",
	"alarm_crim": "Rapporter En Kriminel",
	"alarm_gun": "Rapporter Et Skyderi",
	"alarm_exp": "Rapporter En Eksplosion",
	"alarm_mon": "Rapporter Et MONSTER!",
	"delete_units": "Slet alle synkroniserede enheder fra kortet",
	"mute_ply": "Mute ham",
	"kick_all": "Smid Alle Ud",
	"crash_game": "Crash Hans Spil",
	"Bullet_Penetration_func": "Kuglepenetration på alle Våben",
	"Bullet_Penetration_Shield_title": "Skyd igenm Skjolde",
	"Bullet_Penetration_Enemy_title": "Skyd igenm Modstander",
	"Bullet_Penetration_Wall_title": "Skyd igennem Væge",
	"Skip_End_Screen_title": "Gør det muligt at springe slutskærmen over",
	"other_menus": "Andre Menuer",
	"Bag_mod_toggle": "Taske mod",
	"change_statistic": "Statistik Ændre",
	"p3dtext_language_title": "Sprog",
	"dlc_title": "DLC op låser [Hacker maker]",
	"skin_title": "Skin op låser ",
	"skin_armor_title": "Armor Skin op låser ",
	"noclip_title": "NoClip MOD",
	"rave_title": "Hurtig Gisel",
	"rave_desc": "Vil du køre Gisel hurtigere?",
	"antistop_title": "Anti-SlowMo",
	"antistop_desc": "Aktivér, hvis du ikke vil lide under at have et mærke",
	"antistop_info_title": "Hvem er det?",
	"antistop_info_desc": "Aktivér, hvis du vil vide, hvem der forsøgte at nedsætte dig. Spam er mulig",
	"slow_attention": "Opmærksomhed!",
	"slow_you": "prøvede at bremse dig med hastighed",
	"change_statistic_total_kills_title": "Antal drab i alt",
	"change_statistic_specials_kills_title": "Antal Af specielle drab",
	"change_statistic_head_shots_Amount_title": "Antal hovedskud",
	"change_statistic_accuracy_Amount_title": "Procent af nøjagtighed",
	"change_statistic_downs_Amount_title": "Antal af Gået ned",
	"Language_text": "Lokalisering",
	"antistopthecheater_function": "Anti Stop Hackern",
	"Main_function": "Hovedfunktioner",
	"Free_function": "Gratis Køb",
	"locator_function": "Locator",
	"Keyboard_Auto_Config": "Auto Kør Key Binds",
	"Auto_func": "Automatisk aktiveret",
	"change_statistic_function": "Skift statistik",
	"text_in_game_title": "Tekst i hovedmenuen",
	"text_in_game_desc": "Vil du fjerne tekst fra hovedmenuen?",
	"Favors_title": "Planlægning point",
	"Free_Assets_title": "Gratis aktiveringer Køb",
	"Free_Casino_title": "Gratis kasino Køb",
	"Free_Contracts_title": "Gratis kontrakt Køb",
	"Free_Masks_title": "Gratis maske Køb",
	"Free_PrePlanning_title": "Gratis før planlægning Køb",
	"Free_Slots_title": "Gratis Våben og Maske plads",
	"Free_Weapons_title": "Gratis Våben Køb",
	"Free_Weapon_Mods_title": "Gratis Våben Moddifikation Køb",
	"Jumper_set_title": "Hop Højde",
	"No_FlashBang_title": "ingen FlashBangs",
	"No_Recoil_title": "Ingen Recoil",
	"No_Spread_title": "Ingen spredning",
	"Infinite_Stamina_title": "Uenlig Sprint",
	"Dropin_Pause_Remove_title": "Hop ind Pause Fjerner",
	"Auto_Pick_Card_title": "Auto Vælg Kort",
	"X_Ray_title": "X-Ray",
	"X_Ray_desc": "Standart er X",
	"Full_Replenish_title": "Fuld påfyldning",
	"Full_Replenish_desc": "Standart er Z",
	"Ammo_Replenish_title": "Ammo påfyldning",
	"Ammo_Replenish_desc": "Standart er C",
	"Vehicle_Spawn_title": "Bil Spawnner",
	"Vehicle_Spawn_desc": "Standart er V",
	"Grenade_Spawn_title": "Granat Spawn",
	"Grenade_Spawn_desc": "Standart er B",
	"Grenade_Spawn_Type_title": "Granat Spawn Type",
	"Grenade_Spawn_Type_desc": "Set Granat Type",
	"Hud_Toggle_title": "Deaktiver HUD",
	"Hud_Toggle_desc": "Standart er F10",
	"Gage_Package_title": "Spawn Gage pakker",
	"Gage_Package_desc": "Standart er \\",
	"Restart_Job_title": "Genstart Job",
	"Restart_Job": "Standart er Num /",
	"Ultimate_Kill_title": "Dræb Alle",
	"Ultimate_Kill_desc": "Standart er Num *",
	"Auto_Drill_Service_desc": "Gendanner automatisk bor i tilfælde af Nedbrud",
	"Carry_Mod_desc": "Fjerner vægten af ​​alle tasker og eksplosive egenskaber ved ammo-taske",
	"Interact_Distance_Amount_title": "Interakt afstands Længde",
	"Instant_Interact_With_Anything_desc": "For eksempel at gå op i windows eller tilføje ingredienser til Cook OFF",
	"Weapon_Damage_Multiplier_Amount_title": "Multiplikator beløb for våben Skade",
	"Weapon_Fire_Rate_Multiplier_title": "Brandhastighed Multiplier ",
	"waypoints_showDistance": "Vis Afstand",
	"waypoints_showDistance_desc": "Viser afstanden til waypoint for hvert waypoint.",
	"waypoints_showGagePickups": "Vis Gage Optag",
	"waypoints_showGagePickups_desc": "Viser Gage Optaginger på kortet.",
	"waypoints_showPlanks": "Vis Planker",
	"waypoints_showPlanks_desc": "Viser Planker I Verdenen.",
	"waypoints_showSmallLoot": "Vis Små Værdier",
	"waypoints_showSmallLoot_desc": "Viser optagning mulighed, som løse penge eller smykker.",
	"waypoints_showCrates": "Viser Kasser",
	"waypoints_showCrates_desc": "Viser mulig kasser der kan åbenes, ligesom dem i Election Day.",
	"waypoints_showDoors": "Vis Døre",
	"waypoints_showDoors_desc": "Viser et låsesymbol på døre, der kræver et nøglekort eller ECM for at åbne.",
	"waypoints_showCameraComputers": "Viser Kamera Computere",
	"waypoints_showCameraComputers_desc": "Vis where the computers to view cameras are on the map.",
	"waypoints_showDrills": "Viser Bormaksine placeringer",
	"waypoints_showDrills_desc": "Se hvor du kan placere en lille boremaskinger.",
	"waypoints_showThermite": "Vis Thermite",
	"waypoints_showThermite_desc": "Vis placeringer af termitopsamling og hvor du skal bruge det.",
	"waypoints_showSewerManhole": "Vis Kloakdæksler",
	"waypoints_showSewerManhole_desc": "Viser hvor kloakmandhul dækker er.",
	"waypoints_showHUDMessages": "Vis HUD Beskeder",
	"waypoints_showHUDMessages_desc": "Viser forskellige oplysninger om din HUD om waypoints.",
	"waypoints_makeNoise": "Lav larm",
	"waypoints_makeNoise_desc": "Lyder, når scriptet køres.",
	"waypoints_iterativeToggle": "Iterativ Toggle",
	"waypoints_iterativeToggle_desc": "Til betyder, at hver gang du kører scriptet, finder det det næste tilgængelige waypoint til at vise, det vil vise alle waypoints på én gang.",
	"waypoints_sheaterNewb": "Sheater Newb",
	"waypoints_sheaterNewb_desc": "Aktivering af dette vil vise en masse ting for andre mennesker, som geder og afstemningsmaskiner.",
	"main_menu_p3dhack": "Hovedmenu",
	"main_menu_help_p3dhack": "Åben hovedmenu",
	"previous_menu_p3dhack": "Tidligere Menu",
	"previous_menu_help_p3dhack": "Åbner Den Forrige Åbnet Menu",
	"next_menu_p3dhack": "Næste Side",
	"next_menu_help_p3dhack": "Åbner næste side i den aktuelle åbne menu",
	"prew_menu_p3dhack": "Forrige side",
	"prew_menu_help_p3dhack": "Åbner den forrige side i den aktuelle åbne menu",
	"close_menu_p3dhack": "Luk Menu",
	"close_menu_help_p3dhack": "Lukker Menuen",
	"global_host": "Kun Host",
	"global_host_": "Ikke Muligt (Kun Host)",
	"global_on": "Aktiveret",
	"global_off": "Deaktiveret",
	"global_p3dhack": "P3DHack",
	"global_premium": "Kun Premium",
	"mouse_teleport": "Teleported",
	"num_jump": "Hop Højt",
	"num_kill": "Alle Drabt",
	"num_pg_answer": "PAGERS SVARET",
	"main_menu_f1": "Spiller Menu",
	"fast_f1": "HURTIGE SPILLER-TOGGLES",
	"godmode": "Udødlig Tilstand",
	"godmode_help": "Bliv Udødlig",
	"friendfire": "Venlig skyderi",
	"friendfire_help": "Aktivere Venlig skyderi",
	"modif_f1": "Spiller TOGGLES",
	"drillservice": "Auto Bormaskine Service",
	"drillservice_help": "Auto Genstart Bormaskinen(er) Når Fejler",
	"carrymod": "Bære Mod",
	"carrymod_help": "Fjerner vægten af ​​alle tasker og eksplosive egenskaber ved ammo-taske",
	"carrycross": "Bære Sigtekorn Mod",
	"carrycross_help": "Spawns bæretaske på Sigtekorn, aktiver dette først, hvis du vil bruge med CarryStacker",
	"spooccuffselfon": "Cloakers Giver håndjern til Spiller",
	"spooccuffselfon_help": "Cloakers Buffer dig kun i stedet for at dræbe dig",
	"infammobag": "Uenlig Ammo Taske Brug",
	"infammobag_full_": "Uenlig Ammo Taske Brug",
	"InfiniteSpecial_": "Uenlig Specials",
	"InfiniteSpecial_help": "Uenlig Specials Såsom kabelbindere, planker, osv.",
	"inf_converts": "Uenlig Konverterer",
	"carrystack": "Carry Stacker",
	"carrystack_help": "Markerer dig som Hacker hvis ikke HOST",
	"carrylimit": "Carry Stacker Vægtgrænse",
	"carrylimit_help": "Vægtmodifikator til CarryStacker, jo flere tasker du bærer jo tungere din vægt",
	"infdocbag": "Uenlig Læge Taske Brug",
	"infdocbag_full": "Uenlig Læge taske Brug",
	"inf_ecm": "Uenlig ECM Batteri",
	"infmessiah": "Uenlig Messiah Afgifter",
	"inf_pager_answers": "Uenlig Personsøger svar",
	"instantdom": "Øjeblikkelig Dominere",
	"instantdrill": "Øjeblikkelig Bor/Computer",
	"instantdrill_help": "Kan aktiveres, når der er placeret bormaskine(er) eller computeren er aktiveret",
	"intdist": "Interaktion Afstands forøgelse",
	"instantinteract": "Øjeblikkelig interaktion",
	"instantinteract_help": "Inkluderer øjeblikkelige personsøger-svar",
	"interactanyhting": "Interagere med Alt",
	"interactwall": "Interag gennem vægge",
	"nohitdis": "Ingen hit desorientering",
	"smlootmulti": "Lille Loot multiplikator",
	"smlootmulti_help": "Muligt med 3x, Loot Op til $ 2.800.000",
	"ZiplineBag": "Zipline Transport",
	"ZiplineBag_help": "Gør det muligt og kunne transpotere alle tasker på Zipline ",
	"infsentry": "Sentry Gun Uenlig Ammo",
	"godsentry": "Sentry Gun Udødlig Tilstand",
	"BulletExplode": "Exploderene Skud",
	"BulletFire": "Skud ild",
	"damagebuff": "Skade Mere",
	"fireratebuff": "Sindsyg Firerate",
	"infammo": "Uenlig Ammo",
	"main_menu_f3": "Stille Menu",
	"mind_enemies_menu": "Modstander Tanke kontrol",
	"mind_civs_menu": "Uskyldig Tanke kontrol",
	"pigsfly": "Flyvene Grise",
	"copsquit": "Quitter Politi",
	"drunkpigs": "Fuld Gris",
	"civdance": "Dansende dukker",
	"civsmoke": "Rygning dræber",
	"civcower": "Dækpladep",
	"phonycivs": "Falske Yuppies",
	"main_menu_f3_1": "TOGGLES & Indstillinger",
	"cops_dont_shoot": "Politiet Skyder Ikke",
	"cops_dont_shoot_help": "Politiet Ville Ikke Skyde Dig",
	"disable_cams": "Deaktiveret Kamera",
	"disable_pagers": "Deaktiveret Radioer(Politi)",
	"free_kill": "Gratis Uskyldig Drab",
	"pagedom": "Ingen Radioer Når Opdaget",
	"pagedom_help": "Hvis du bruger øjeblikkelig dominans, SKAL dette tændes først for, at begge kan arbejde",
	"prevent_panic_buttons": "Ingen panikknap/Intel Burn",
	"people_dont_call_police": "Mennesker Ringer Ikke Til Politiet",
	"lobai": "Lobotimize AI",
	"randompage": "Tilfældige personsøgere",
	"randompage_help": "Aktiverer tilfældige personsøgere",
	"steal_pagers_on_melee": "Stjæl personsøgere",
	"steal_pagers_on_melee_help": "Deaktiverer personsøger, når du Slår en vagter ned",
	"convertall": "Konverter alle fjender",
	"convertall_full": "Alle fjender konverteret",
	"remote_camera": "Fjern Kamera Adgang",
	"main_menu_f4": "Mission Manipulator Menu",
	"bettyboom": "Betty Boom Mod",
	"bettyboom_full": "UDSENDELSE BETTY BOOM",
	"bettyboom_help": "Spinger AI I lufte når de dør",
	"dirtymoney": "Beskit penge Fald",
	"dirtymoney_help": "Smider 2 Guld Tasker Når AI Dør",
	"autocook": "Rats Auto Cooker",
	"autocook_full": "AUTO-COOKER",
	"autocook_help": "Automates kog I Rats Day 1 og Cook Off, skal have Kemikalier til forsætte kogningen",
	"m_info": "Instilinger",
	"civil": "Alamerer Uskyldig",
	"civil_help": "Intimider alle civile, tryk flere gange for at komme ned på gulvet",
	"instaboardst": "Sæt planker op på Alle Windows",
	"instaboardst_help": "Sæt planker op på Alle Mulige Windows",
	"cutglass": "Klip alt glas",
	"heistintel": "Smid Train Heist Intel",
	"heistintel_help": "Du kan Kun Smide I Transport Heists",
	"heistintel_only": "Tranport Missions Kun",
	"getpatht": "Få Ting/Forsæt Missionen",
	"getpatht_help": "Skal aktivere CarryStacker, griber alle nødvendige ting for at fortsætte mission",
	"grabcourier": "Tag Alle Gage Pakker",
	"grabcourier_help": "Tag Alle Ledig Gage Pakker",
	"grabgear": "Tag Udstyr",
	"grabgear_help": "Tryk to gange for at få fat i Gear",
	"grabgear_only": "Golden Grin Casino Kun",
	"anticheat_info": "ANTI-CHEAT TOGGLE",
	"anticheat": "Deaktiveret Anti-Cheat",
	"anticheat_help": "Aktivere eller Deaktiveret Anti-Cheats For Host og Klient",
	"InstantHackAll": "Hack Alt elektricitet",
	"InstantHackAll_help": "Hack tilgængelige computere, tastaturer, telefoner eller elektriske kasser",
	"GrabDiamond": "Øjeblikkelig Tag Diamond",
	"GrabDiamond_help": "Tryk to gange for at få fat i diamant",
	"instanthackmachines": "Øjeblikkelig Hack & åben afstemnings maskiner",
	"instanthackmachines_only": "Election Day Warehouse Kun",
	"opencrate": "Åbner Alle Kasser",
	"opencrate_help": "Du kan også lukke tilgængelige kasser",
	"bankbuster": "Åbner Alle Personlige bokse",
	"picklockst": "Åbner Alle Dører & Vinduer",
	"picklockst_help": "Det Her Åbner Ikke Sikkerheds Dørere",
	"picklockst1": "Åbner Alle Pick Locks",
	"picklockst1_help": "Opens All Pick Locks Including Deposit Boxes, This Does Not Open Security Doors",
	"c4open": "Åbner Alle Dører & Pengeskabe Med C4",
	"jobwin_jobloss": "Vind/Tabe Indstillinger",
	"jobloss": "Øjeblikkelig Tab",
	"jobwin": "Øjeblikkelig Vind",
	"ecmopen": "Åbner Alle ECM Døre",
	"usekeycardt": "Åbner Alle Nøglekort Døre",
	"usekeycardt_help": "Åbner Alle Døre Der Bruger Nøglekort Inklusive Sikkerheds Rum",
	"xmaspresent": "Åbner Alle Gave",
	"xmasflare": "Place/Ignite Flare",
	"DrillAll": "Start/Genstart Bormaskine(r)",
	"DrillAll_help": "Start eller Genstart envær mulig bormaskine",
	"takeintel": "Tag alle Intel",
	"takeintel_help": "Hit to gange for Intel i pengeskabe",
	"instanttie": "Strips alle uskydlig",
	"instanttie_help": "Skal advare alle civile inden aktivering",
	"heistintel_info": "Train Heist Intel er droppet",
	"civilsdown_info": "Alle civile styrkes",
	"c4open_info": "Alle Døre Sprunget op med C4",
	"grabgear_info": "Udstyr Taget",
	"xmasflare_info": "Flare placeret/antændt",
	"xmaspresent_info": "Alle gaver Åbnet",
	"ecmopen_info": "Alle Sikkerheds Døre Åbnet Med ECM",
	"getpatht_info": "Mission Ting Taget op",
	"grabcourier_info": "Alle Gage Pakker Taget",
	"takeintel_info": "Alle Intel er sikret",
	"takeintel1_info": "INTEL",
	"InstantHackAll_info": "Alt elektrisk/Kasse kasser, er hacket og åbnet",
	"cutglass_info": "Alle Glas Skære",
	"instanthackmachines_info": "Alle valg-maskiner, der er hacket og åbnet",
	"instanttie_info": "Alle uskydlige bundet",
	"usekeycardt_info": "Døre åbnes med nøglekort",
	"opencrate_info": "Alle kasser Åbnet",
	"GrabDiamond_info": "Diamond Taget op",
	"picklockst_info": "Alle vinduer og døre Åbnet",
	"picklockst1_info": "Alle Pick Locks Åbnet",
	"bankbuster_info": "Alle person kasser Åbnet",
	"DrillAll_info": "bormaskine(r) placeret/Genstart",
	"instaboardst_info": "Alle vinduere er der sadt planker for",
	"main_menu_f5": "inventar Menu",
	"main_menu_f5_text1": "Tilføj Ting Menu - Vælg Ting",
	"main_menu_f5_text2": "Loot Taske Menu - Vælg Taske",
	"main_menu_f5_text3": "Udstyr Tasker Menu - Vælg Taske",
	"main_menu_f5_text4": "Big Oil Moter Menu - Vælg Moter",
	"add_items_menu": "Tilføj inventar Ting Menu",
	"fugas_f5": "EKSPLOSIVE  SHELLS",
	"spawn_f5": "SPAWN TASKER MENUS",
	"engine_menu": "Big Oil Moter Menu",
	"equipment_menu_f5": "Udstyr Taske Menu",
	"loot_menu_f5": "Loot Taske Menu",
	"main_menu_f5_text5": "SPAWN Indstillinger",
	"main_menu_f5_text6": "Giv taske til dig selv",
	"main_menu_f5_text7": "Regne med tasker",
	"main_menu_f5_text7_help": "lad vær med og spame knappen(Vil resulterer i Spil nedbrud)",
	"main_menu_f5_text8": "Spawner på Sigtekornet",
	"main_menu_f5_text12": "Taske Muligheder",
	"main_menu_f5_text9": "Pak alle lig ned",
	"main_menu_f5_text9_help": "Pakker kun Lig ned",
	"main_menu_f5_text10": "Explosive Shells",
	"main_menu_f5_text10_help": "Gør ammo-shell-tasker eksplosive igen",
	"main_menu_f5_text11": "Tag alle tasker op",
	"main_menu_f5_text11_help": "CarryStacker Skal være aktiveret, eller bliver taskeren slettet",
	"main_f5_text": "GENERELLE Ting",
	"cable_tie": "Strips Folk",
	"organs": "organer",
	"add_items_menu_f5": "RATS/HOTLINE MIAMI KEMIKALIER",
	"add_items_menu_f5_": "HOTLINE MIAMI STREGKODER",
	"add_items_menu_f5__": "HOXTON BREAKOUT TING",
	"add_items_menu_f5___": "GOLDEN GRIN CASINO TING",
	"main_menu_f6": "Penge Menu",
	"main_menu_f6_text1": "Super Værdigenstande Giver ",
	"main_menu_f6_text2": "Sikker Instilinger/MENU",
	"takeloot": "Pak alt Loot",
	"takeloot_help": "skal Være aktivert CarryStacker, vis White Xmas tryk to gange",
	"InteractType": "Tag alt mindre Loot",
	"OpenAtm": "åbn alle pengeautomater og tag indhold",
	"OpenAllLoot": "Åbn alle pengeautomater, pengeskabe, pengeskuffer",
	"main_menu_f6_text3": "Sikker Loot Menu",
	"securesmloot": "Sikker Small Loot",
	"main_menu_f6_text4": "Alle Loot Pakket",
	"main_menu_f6_text5": "Mindre Loot Sikkret",
	"main_menu_f7": "Interaction Timer Menu",
	"main_menu_f7_text1": "INTERAKT TIMER VALG (FALDER TIMER TIL 3 SEKUNDER)",
	"InteractDrillJam": "Bor nedbrud/opgradering Tid",
	"InteractECMJam": "ECM Åben Timer",
	"InteractPager": "Personsøger svar Timer",
	"InteractPickLock": "PickLock Timer",
	"InteractRevive": "Genopliv Spiller Timer",
	"main_menu_f8": "Drille Menu",
	"main_menu_f8_text1": "Drille Andre Spiller - Vælg mulighed",
	"main_menu_f8_text2": "Drille Self - Vælg mulighed",
	"main_menu_f8_player": "Drille ",
	"main_menu_f8_text3": "Spiller Drille MENUER",
	"main_menu_f8_text4": "Dril Andre spillere",
	"main_menu_f8_text5": "TEAM Drille MULIGHEDER",
	"syncbleedall": "Blød alle spillere ud",
	"synccuffall": "Giv alle spillere håndjern på",
	"syncincaall": "lamme Alle Spiller",
	"synctaseall": "Giv Stød Til Alle Spillere",
	"main_menu_f8_text6": "Drille INDIVIDUAL PLAYERS",
	"main_menu_f8_text7": "Andet",
	"releaseteam": "Fri alle spiller fra fængsel",
	"sendalltojail_team": "kast alle Spillere I fængsel",
	"main_menu_f8_text8": "Dril dig selv",
	"main_menu_f8_text9": "Selv STATE MULIGHEDER",
	"stateblood": "Blød Ud",
	"statecuffs": "Håndjern på",
	"stateinca_me": "uarbejdsdygtig",
	"stateinca": "lamme",
	"statetased": "Giv Stødet",
	"releaseme": "Fritag Mig for Fængsel",
	"lockmeup": "Kast Mig i Fængsel",
	"main_menu_f8_text11": "Spiller STATE MULIGHEDER",
	"main_menu_f8_text12": "Fængsel/TELEPORT MULIGHEDER",
	"syncreleaseply2": "Fritag fra Fængsel ",
	"sendalltojail": "Kast i Fængsel",
	"teleporttoply": "Teleport til Spiller",
	"syncforceengine": "Tving Bær Moter",
	"main_menu_f8_text13": "Indstillinger",
	"depositfill": "Fyld Person bokse",
	"depositfill_help": "Fyldder Person bokse MED Guld og penge, fungerer IKKE MED HVER niveau",
	"openvault": "Åben bankdør Dør",
	"openvault_help": "PEN Bankdøre, ARBEJDER IKKE MED ALLE Bankdøre OG KAN HAR BIVIRKNINGER",
	"overdrill": "Aktivere Overdrill Bank Dør",
	"overdrill_help": "Aktivere OVERDRILL Bank Dør",
	"main_menu_f8_text14": "Bankdør Åbnet",
	"main_menu_f8_text15": "Person bokse Fylt",
	"main_menu_f8_text16": "Forblive",
	"I_am_best": "Skift statistik",
	"cops_to_bulld": "Døde politimænd vender sig til bulldozere",
	"replace_cops": "Udskift alle politiet med bulldozere",
	"tm_gm": "Tænd for Udødlig tilstand For dit Hold",
	"invisible_player": "usynlighed",
	"main_menu_f10": "Før-Spil's Menu",
	"infamy_level_menu": "Infamy Menu",
	"inventory_menu": "Inventar Menu",
	"clear_inventory_menu": "Ryd Inventar Menu",
	"add_inventory_menu": "Tilføj Til Inventar Menu",
	"level_menu": "Niveau Menu",
	"money_menu": "Penge Menu",
	"skill_menu": "Skill Menu",
	"perk_menu": "Perk Menu",
	"add_achieve_menu": "Tilføj Achievement Menu",
	"rem_achieve_menu": "Fjern Achievement Menu",
	"continental_coins_menu": "Kontinentale Mønter",
	"main_menu_f10_text1": "MENUER",
	"main_menu_f10_text4": "INFAMY Niveau MULIGHEDER",
	"main_menu_f10_text5": "Infamy Points Menu",
	"main_menu_f10_text8": "INFAMY POINTS MULIGHEDER",
	"main_menu_f10_text9": "Inventory Menu",
	"un1": "Op Lås MULIGHEDER",
	"un2": "Op Lås Alle ting",
	"un3": "Op Lås Alle Pladser",
	"un4": "Op Lås Faver",
	"un5": "Op Lås Masker",
	"un6": "Op Lås Matrailer",
	"un7": "Op Lås Textures",
	"un8": "Op Lås Våben",
	"un9": "Op Lås Trofæer",
	"un10": "Andet",
	"un11": "Remove New Item Exclamation Mark",
	"un12": "Op Lås MULIGHEDER (Dlc)",
	"un13": "Op Lås Våben Mods",
	"del1": "Fjern INDIVIDUAL SLOTS",
	"del2": "Fjern Alle Maske Pladser",
	"del3": "Fjern Alle Primært Våben Pladser",
	"del4": "Fjern Alle Andet Våben Plads",
	"del5": "Fjern ELLER LÅS ALLE Pladser OG Ting",
	"del6": "Fjern Alle Items",
	"del7": "Fjern Alle Pladser",
	"del8": "Lås Alle Ting",
	"del9": "Fjern Individuel Ting",
	"del10": "Fjern Alle Faver",
	"del11": "Fjern Alle Masker",
	"del12": "Fjern Alle Matrailer",
	"del13": "Fjern Alle Patterns",
	"del14": "Fjern Alle Våben Mods",
	"add_item1": "Tilføj 1 Af Hver Ting",
	"add_item2": "Tilføj 1 Af Alle Faver",
	"add_item3": "Tilføj 1 Af Alt",
	"add_item4": "Tilføj 1 Af Alle masker",
	"add_item5": "Tilføj 1 Af Alle matrailer",
	"add_item6": "Tilføj 1 Af Alle Patterns",
	"add_item7": "Tilføj 1 Af Alle Våben Mods",
	"add_item8": "Tilføj 5 Af Hver Ting",
	"add_item9": "Tilføj 5 Af Alle Faver",
	"add_item10": "Tilføj 5 Af Alt",
	"add_item11": "Tilføj 5 Af Alle Masker",
	"add_item12": "Tilføj 5 Af Alle Matrailer",
	"add_item13": "Tilføj 5 Af Alle Patterns",
	"add_item14": "Tilføj 5 Af Alle Våben Mods",
	"add_money": "Penge Menu",
	"add_money1": "Genstart Penge Mulighed",
	"add_money2": "Genstart Penge",
	"add_money3": "Tilføj Penge",
	"add_money4": "Tilføj 1 Million penge + 4 Million Offshore",
	"add_money5": "Tilføj 10 Million penge + 40 Million Offshore",
	"add_money6": "Tilføj 100 Million penge + 400 Million Offshore",
	"add_money7": "Tilføj 1 Billion penge + 4 Billion Offshore",
	"add_money8": "Tilføj 1 Million penge",
	"add_money9": "Tilføj 10 Million penge",
	"add_money10": "Tilføj 100 Million penge",
	"add_money11": "Tilføj 1 Billion penge",
	"add_skill1": "SKILLS",
	"add_skill4": "SKILL POINTS Indstiling",
	"add_perk": "PERK Indstiling",
	"add_perk1": "Genstart Perk Points",
	"add_perk2": "Op Lås All Perks",
	"add_perk3": "PERK POINTS Indstiling",
	"add_achievement": "ACHIEVMENT Indstiling",
	"add_achievement2": "Tilføj Individuel Achievements",
	"add_achievement3": "Fjern Individuel Achievements",
	"add_achievement4": "Lås alle Achievements",
	"add_achievement5": "Op Lås Alle Achievements",
	"ai_menu3": "Cloaker Kun Manchetter AI",
	"text_f10_1": "Job Menu",
	"text_f10_4": "Før-spils Indstiling",
	"dontwait": "Tving Start",
	"dontwait_help": "Tving Start spillet, forhindrer ventetid",
	"getemall": "Op Lås Alle Assets",
	"text_f10_5": "I SPIL Muligheder",
	"text_f10_12": "Sikker lig poser til penge",
	"text_f10_13": "Skift interaktion",
	"text_f10_3с_1": "Grenade Begrænsning",
	"text_f10_3с_1_help": "Begrænser granater, der kastes, mens de er i stealth",
	"text_f10_3с_2": "Ingen flugtimer",
	"text_f10_3с_6": "Pager Mod",
	"text_f10_3с_6_help": "Øger personsøger mængden(Flere kald)",
	"text_f10_3с_10": "XP Multiplier",
	"text_f10_3с_10_help": "Multiplicer XP optjent med 2x, aktiver for hvert kort, du vil multiplicere",
	"text_f10_3с_11": "HUD Aktiveret",
	"main_menu_num": "Spawn menu",
	"spawn_menu": "Spawn Modsander/allierede",
	"spawn_on_self_unt": "Spawn enheder",
	"spawn_on_self_spec_unt": "Spawn særlig enheder",
	"spawn_on_self_gensec_unt": "Spawn elite Gensec enheder",
	"spawn_on_self_unt_frnd": "Spawn allierede",
	"spawn_on_self_spec_unt_frnd": "Spawn særlig allierede",
	"spawn_on_self_gensec_unt_frnd": "Spawn elite Gensec allierede",
	"spawn_frnd": "Spawn civil",
	"spawn_band": "Spawn bandits",
	"spawn_equipment": "Spawn udstyr på sigtekornet",
	"spawn_lootmode": "Spawn looted / objekter / køretøjer på sigtekornet",
	"spawn_menu_1_1": "Modsander Og allierede",
	"spawn_menu_1_2": "Kun Hvor det er Muligt",
	"spawn_menu_bandit": "Bandit",
	"FR_1": "Civil",
	"FRFR1": "Elite GENSEC",
	"FRFR4": "LMG Bulldozer",
	"FRP1": "Skjold",
	"FRP3": "Cloaker",
	"FRP4": "Sniper",
	"FRP6": "Strøm Pistol",
	"FRP7": "Bulldozer",
	"FR0": "Politi",
	"FR4": "særlig Styrke",
	"FR6": "særlig Styrke pansrede",
	"FR7": "FBI",
	"FR9": "FBI pansrede",
	"FR10": "Sikkerheds Vagt"
}