{
	"P3DHack_Remove_Ads": "Entferne Werbung",
	"shoutDelay": "No shout delay",
	"buddha_mode_help": "This ensures you never die by always forcing you to have at least 1 health point",
	"EquipmentSpooferStyleAndSkins": "Stil und Skins",
	"EquipmentSpooferStyleAndSkins_desc": "Überarbeitung in neuer Version. Systemlokalisierung hinzufügen!",
	"EquipmentSpooferPrimary": "Primär",
	"EquipmentSpooferPrimary_desc": "Überarbeitung in neuer Version. Systemlokalisierung hinzufügen!",
	"EquipmentSpooferSecondary": "Sekundär",
	"EquipmentSpooferSecondary_desc": "Überarbeitung in neuer Version. Systemlokalisierung hinzufügen!",
	"EquipmentSpooferMelee": "Nahkampf",
	"EquipmentSpooferMelee_desc": "Überarbeitung in neuer Version. Systemlokalisierung hinzufügen!",
	"EquipmentSpooferGrenade": "Granate",
	"EquipmentSpooferGrenade_desc": "Überarbeitung in neuer Version. Systemlokalisierung hinzufügen!",
	"EquipmentSpooferArmor": "Rüstung",
	"EquipmentSpooferArmor_desc": "Überarbeitung in neuer Version. Systemlokalisierung hinzufügen!",
	"EquipmentSpooferDeployable": "Einsetzbares",
	"EquipmentSpooferDeployable_desc": "Überarbeitung in neuer Version. Systemlokalisierung hinzufügen!",
	"Equipment_column": "Was möchtest du fälschen?",
	"disconnect_ply": "Trenne seine Verbindung",
	"ThemeMenu_title": "Design Menü",
	"ThemeMenu_desc": "Verändere das Farbschema des Menüs",
	"Menu_Theme": "Menü Design:",
	"Classic": "Klassik",
	"Dark": "Dunkel",
	"Light": "Hell",
	"Russia": "Russisch",
	"Custom": "Benutzerdefiniert",
	"PersonalizeCustomTheme": "Persinalisiere benutzerdefiniertes Design",
	"ExampleButton": "Beispiel Schaltfläche",
	"ExampleSlider": "Beispiel Schieberegler",
	"ExampleToggle": "Beispiel Umschalter",
	"ExampleMultiChoice": "Beispiel Mehrfachauswahl",
	"editor_menu_loc1": "Farbe anwenden auf:",
	"editor_menu_loc2": "Menü Titel",
	"editor_menu_loc3": "Optionen Text",
	"editor_menu_loc4": "Ausgewählter Text",
	"editor_menu_loc5": "Hilfstext",
	"editor_menu_loc6": "Menürahmen",
	"editor_menu_loc7": "Menühintergrund",
	"editor_menu_loc8": "Kategorien",
	"editor_menu_loc9": "Schieberegler",
	"editor_trans_loc1": "Menü Transparenz",
	"editor_trans_loc2": "Wende Transparenz an",
	"editor_trans_loc3": "Werte unter 35% wird zu 75%",
	"editor_trans_loc4": "Standardeinstellungen wiederherstellen",
	"editor_trans_loc5": "Rot, Grün, Blau",
	"editor_trans_loc6": "Farbvorschau: ",
	"editor_trans_loc7": "Wende Farbe an",
	"EquipmentSpoofer": "Ausrüstungs Spoofer",
	"EquipmentSpoofer_desc": "Dieses Skript verhindert, als Client einen Cheater-Tag für die Verwendung von Waffen oder anderen Ausrüstungsgegenständen zu erhalten, für die du den entsprechenden DLC eigentlich nicht besitzt. Dieses Skript täuscht folgendes vor: Primär- und Sekundärwaffe, Nahkampfwaffe, Granate, Einsetzbares (2 Slots), Maske, Rüstung, Rüstungsaussehen, Anzugstil, Handschuhe.",
	"HideWeaponSkinsForOthers": "Verstecke Waffenskins vor anderen",
	"HideWeaponSkinsForOthers_desc": "Aktualisierte Version von nicht bannbaren Fake Skins",
	"P3DHack_Beta": "P3DHack Beta",
	"P3DHack_Beta_desc": "Experimentelle Funktionen an denen wir aktuell arbeiten",
	"How_to_NameSpoofer_1": "Wenn du OVERKILL_Almir Name im Name Spoofer ändern willst:",
	"How_to_NameSpoofer_2": "Drücke ",
	"How_to_NameSpoofer_3": "Ersetzt den Namen OVERKILL_Almir mit dem von dir gewünschten Namen.",
	"How_to_NameSpoofer_4": "Zum Beispiel:",
	"spoofs_desc": "Spooft dein Beutedrop im Multiplayer sodass dieser immer einen zufälligen legendären Skin sein wird",
	"look_while_interacting": "Drehe deinen Kopf während du interagierst",
	"crimespree_spree_level": "Verbrechenswelle Wellenlevel",
	"crimespree_reward_level": "Verbrechenswelle Belohnung Level",
	"crimespree_catchup_bonus": "Verbrechenswelle Aufholbonus",
	"crimespree_winning_streak_bonus": "Verbrechenswelle Gewinnserienbonus",
	"level_and_exp_menu": "Level und EP Menü",
	"reset_continental": "Setze Continental-Münzen zurück",
	"Edit_NameSpoofer": "Ändere spoofed Name",
	"Edit_NameSpoofer_desc": "Klicke hier um P3DHack_NameSpoofer.txt zu öffnen",
	"referral_program": "Empfehlungsprogramm",
	"P3DHack_Recommendations": "Empfehlungen",
	"comfort_buy_title": "Kaufe Comfort",
	"ADS_in_Name": "[P3DHack] in deinem Namen",
	"NameSpoofer_type_title": "In welchen Fällen?",
	"WandV_Menu": "WolfHUD und VHUDPlus Menü",
	"WandV_Menu_fix": "WolfHUD und VHUDPlus Kompatiblität",
	"WandV_Menu_fix_help": "Interaktionsfunktionen werden über die HUDs gesteuert",
	"compatibility": "Kompatibilität",
	"van_styles_menu": "Van Stil",
	"default": "Standard",
	"overkill": "Overkill",
	"brown": "Braun",
	"green": "Grün",
	"grey": "Grau",
	"red": "Rot",
	"white": "Weiß",
	"yellow": "Gelb",
	"icecream": "Eiscreme",
	"spooky": "Gruselig",
	"instant_drill_F8": "Sofortiges Bohren",
	"open_overdrill": "Öffne Overdrill",
	"antistop_back": "Rückkehreffekt",
	"antistop_back_desc": "Werfe den Effekt auf deinen Gegner zurück",
	"Mission_triggers": "Mission Triggers",
	"Trolling_triggers": "Trolling Triggers",
	"Spawn_triggers": "Spawn Triggers",
	"Experimental_triggers": "Experimental Triggers",
	"AiGlobalEvent": "KI Global Event",
	"AreaTrigger": "Bereichs Trigger",
	"LaserTrigger": "Laser Trigger",
	"MissionFilter": "Mission Filter",
	"WhisperState": "Whisper State",
	"SpecialObjective": "Besonderes Ziel",
	"SpecialObjectiveTrigger": "Besonderes Ziel Trigger",
	"PlayerSpawner": "Spieler Spawner",
	"PointOfNoReturn": "Punkt ohne Wiederkehr",
	"SpawnGrenade": "Spawn Granate",
	"SpawnCivilianGroup": "Spawn Zivilistengruppe",
	"SpawnCivilian": "Spawn Zivilist",
	"Filter": "Filter",
	"EnemyDummyTrigger": "Gegnerischer Dummy Trigger",
	"AssetTrigger": "Vorteil Trigger",
	"PrePlanning": "Vorausplanung",
	"SpawnDeployable": "Spawn Einsetzbares",
	"TeammateComment": "Mitspieler Kommentar",
	"Dialogue": "Dialog",
	"menu_f11_main_menu": "Hilfe Menü",
	"menu_f11_cheater_tag_menu_text": "Alles über den Cheater Tag",
	"menu_f11_cheater_tag_menu_text1": "Сheater Tag",
	"menu_f11_cheater_tag_menu_text2": "Kein Сheater Tag",
	"menu_f11_cheater_tag_menu_DLC": "DLC Unlocker",
	"menu_f11_cheater_tag_menu_DLC_1": "Benutze Items aus DLCs, die du nicht besitzt",
	"menu_f11_cheater_tag_menu_DLC_2": "Maskenmodifikation",
	"menu_f11_cheater_tag_menu_DLC_3": "Waffenmodifikation",
	"menu_f11_cheater_teg_menu_Skin_1": "Was nur daran liegt, dass ein Großteil der Waffenmods als nicht erhältlich markiert wurde",
	"menu_f11_cheater_teg_menu_levle_1": "Erhalte Infamielevel ohne einen einzigen abgeschlossenen Überfall",
	"menu_f11_cheater_teg_menu_levle_2": "Erhalte Infamielevel ohne Level 100 zu erreichen",
	"menu_f11_cheater_teg_menu_levle_3": "Überspringe das nächste Infamielevel, beispielsweise von 1 zu 3",
	"heist_menu": "Über Überfälle",
	"menu_f11_cheater_teg_menu_heist_1": "Nutze Aufträge aus nicht gekauften DLCs",
	"menu_f11_cheater_teg_menu_heist_2": "Spawne Ausrüstung, die von der zuletzt gespawnten Ausrüstung abweicht",
	"menu_f11_cheater_teg_menu_heist_3": "Werfe mehr als die erlaubte Anzahl an Granaten",
	"menu_f11_cheater_teg_menu_heist_4": "Das Erhalten von Granaten aus Granatenkoffern erhöht das Limit",
	"menu_f11_cheater_teg_menu_heist_5": "Spawne mehr als die erlaubte Anzahl an Ausrüstung",
	"keybinds_in": "Tastaturbelegung in ",
	"main_menu": "Hauptmenü",
	"ingame_menu": "Überfall",
	"keyboard_keybinds": "Tastatur Tastenbelegung",
	"teg_del": "So entfernst du den CHEATER Tag",
	"teg_del_1": "Deaktiviere DLC Unlocker",
	"teg_del_2": "Deaktiviere Skin Unlocker",
	"teg_del_3": "Starte das Spiel neu und versuche beizutreten",
	"teg_del_4": "Das sind die Hauptgründe",
	"teg_del_5": "Das Problem bleibt ungelöst",
	"teg_del_6_prem": "Ich empfehle dir uns zu kontaktieren",
	"teg_del_7": "Drücke F10 und das Problem sollte behoben sein",
	"teg_del_8": "Im schlimmsten Fall nutze Settings/Extended/Clear progress",
	"contact_us": "Kontaktiere uns",
	"open_p3dhack": "Öffne P3DHack.ru",
	"menu_f11_text_dop1": "Zusätzlich",
	"menu_f11_text_keybind7": "Lokalisator",
	"menu_f11_text_keybind8": "Aimbot",
	"menu_f11_text_keybind9": "Slow Motion",
	"menu_f11_text_keybind10": "NoClip",
	"menu_f11_text_keybind_num": "Numpad",
	"menu_f11_text_keybind13": "Public XRay",
	"menu_f11_text_keybind15": "Pagerantwort",
	"menu_f11_text_keybind_mouse": "Maus",
	"menu_f11_text_keybind16": "Teleport",
	"menu_f11_text_keybind_other": "Sonstiges",
	"menu_f11_text_keybind17": "Stapel nach oben schieben",
	"menu_f11_text_keybind18": "Stapel nach unten schieben",
	"menu_f11_text_keybind20": "Team wiederbeleben",
	"menu_f11_text_keybind21": "Stapel schieben",
	"thank_for_support": "Danke für die Unterstützung",
	"open_crashlog": "öffne den Crashlog",
	"no_invisible_walls": "Keine unsichtbaren Wände",
	"Full_Stop_function": "Full Stop The Cheater",
	"Full_Stop_all": "Full Stop Cheaters",
	"freeze_peers": "Friere Spieler ein",
	"stopthecheater_all": "Stop Cheater",
	"antistopthecheater_all": "Anti Stop Cheaters",
	"NoClip_Amount": "NoClip Geschwindigkeit",
	"hide_buy_dlc": "Blende Kaufe DLC aus",
	"arrows_helicopter": "Pfeiltasten",
	"control_helicopter": "Kontrolliere den Helikopter",
	"All_type": "Alle",
	"Host_type": "Host",
	"Client_type": "Client",
	"cheater_tag": " [Cheater Tag]",
	"cheater_tag_host": " [Cheater Tag für Host]",
	"cheater_tag_client": " [Cheater Tag für Client]",
	"night": "nacht",
	"secret_perks_no_negative_title": "Keine negativen Effekte",
	"buddha_mode": "Buddha Modus",
	"killall": "Kill alle Einstellungen",
	"IgnoreCivilians": "Ignoriere Zivilisten",
	"IgnoreTied": "Ignoriere gefesselte Zivilisten",
	"IgnoreCameras": "Ignoriere Kameras",
	"IgnoreEnemies": "Ignoriere Gegner",
	"NoBagBodies_title": "Keine Leichensäcke",
	"NoBagBodies": "Keine Leichensäcke [Cheater Tag für Client]",
	"F2_help1": "Muss sekundär ausgerüstet werden, ansonsten kann es zu einem Absturz führen",
	"F2_help2": "Muss primär ausgerüstet werden, ansonsten kann es zu einem Absturz führen",
	"stopthecheater_function": "Stop den Cheater",
	"freeze_peer": "Friere Spieler ein",
	"select_value": "Wähle den gewünschten Wert",
	"fast_lvl": "Schnelles Level",
	"crime_spree_boost": "Verbrechenswellen Boost",
	"set_crime_spree_boost": "Verbrechenswellenpunkte pro heist",
	"shoot_through_wall_thickness_desc": "Setze den Wert, der bestimmt, durch wieviele Dinge du schießen kannst. 40 ist eine normale Wand",
	"shoot_through_wall_desc": "Dies ermöglicht es dir nicht, durch Wände zu schießen!",
	"target_closest_title": "Nähstgelegenes Ziel",
	"target_closest_desc": "Setze den Wert auf wahr (true) wenn du auf den Gegner zielen möchtest, der deinem Fadenkreuz am nähsten ist, anstelle eines beliebigen",
	"change_aim_function": "Ziel und autoshoot Einstellungen",
	"active_pagers": " Aktive Pager",
	"set_infamy": "Setze auf ",
	"add_exp": "EP Optionen",
	"add_lvl": "Level Optionen",
	"answer_phones": "Beantworte alle Telefone",
	"get_preplanning": "Schalte alle Vorausplanungselemente frei",
	"force_ready": "Erzwinge Bereit",
	"force_unready": "Erzwinge unbereit",
	"XP_bust_help1": "Multipliziere erhaltene Erfahrung um ",
	"XP_bust_help2": ", aktiviere für jede Karte die du multiplizieren möchtest",
	"pick_up_right_engine": "Nehme den richtigen Motor auf",
	"pickup_files": "Nehme die richtigen Unterlagen auf",
	"mind_civ_f3_1": "Gedankenkontrolle",
	"int_team": "Sofortige Interaktion für Team",
	"auto_answer_phones": "Beantworte automatisch alle Telefone",
	"no_lasers": "Laser lösen keinen Alarm aus",
	"inf_ammo_reload": "Unendlich Munition mit Nachladen",
	"keyboard_health_and_ammo": "GESUNDHEIT UND MUNITION WIEDERHERGESTELLT",
	"keyboard_locator_1": "[1/8] PAKET : ",
	"keyboard_locator_2": "[2/8] Schlüsselkarte/SICHERHEITSTÜR",
	"keyboard_locator_3": "[3/8] WAFFE/COKE",
	"keyboard_locator_4": "[4/8] BRETTER/BOHRER",
	"keyboard_locator_5": "[5/8] KISTE/BRECHEISEN",
	"keyboard_locator_6": "[6/8] MISSION",
	"keyboard_locator_7": "[7/8] GELD",
	"keyboard_locator_8": "[8/8] ALLES",
	"keyboard_ammo": "MUNITION WIEDERAUFGEFÜLLT",
	"keyboard_reviveteam": "TEAMMITGLIED(ER) WIEDERBELEBT",
	"Rats_type_title": "Typ",
	"Rats_type_desc": "Wähle Hinweisart aus",
	"Rats_type_for_you": "Für mich",
	"Rats_type_for_all": "Für alle",
	"waypoints": "Wegpunkte",
	"waypoint_rat_desc": "Möchtest du Meth Helper Wegpunkte aktivieren?",
	"support_sector": "Supportbereich",
	"config_title": "Wie man eine Konfigurationsdatei in P3DHack bearbeitet",
	"update_title": "Wie man P3DHack updatet",
	"wishes_title": "Deine Wünsche",
	"Unlockers": "Unlocker",
	"you_can_desc": "Du kannst erhöhen oder verringern",
	"Inf_Cam_Loops_and_Duration": "Unbegrenzte Anzahl an Kameraschleifen und Dauer",
	"First_column": "Erste Spalte",
	"Second_column": "Zweite Spalte",
	"Third_column": "Dritte Spalte",
	"inf_cable": "Unbegrenzte Kabelbinder",
	"main_menu_f7_premium_text1": "Interaktionstimer Optionen (verringere Timer auf ",
	"main_menu_f7_premium_text2": " Sekunden)",
	"InteractTimer_Value_title": "Timer Wert",
	"NameSpoofer_title": "Name Spoofer",
	"NameSpoofer_desc": "Lege deinen neuen Namen für das Spiel fest. Falls du deinen Steamnamen nutzen möchtest, setze den Wert auf falsch (false)",
	"How_to_NameSpoofer_title": "Wie kann man OVERKILL_Almirs Name ändern?",
	"How_to_NameSpoofer_desc": "Klicke hier um zu erfahren wie du den Namen von OVERKILL_Almir änderst",
	"secret_skills_and_perks_title": "Geheime Fertigkeiten (Skills) und Vorteile (Perks)",
	"secret_skills_title": "Geheime Fertigkeiten",
	"secret_skills_desc": "Alle Fertigkeiten, aber die Fertigkeiten Raserei hat keine negativen Effekte und reduziert die Gesundheit nicht",
	"secret_perks_title": "Geheime Vorteile",
	"Activator_Functions_title": "Aktivator Funktionen",
	"Activator_Functions_desc": "Muss aktiviert sein",
	"fast_scroll_title": "Schnelles scrollen",
	"fast_scroll_desc": "Nun kannst du schneller durch das Einstellungsmenü scrollen",
	"spoofs_title": "Beutekarte Spoofer",
	"unbannable_skin_title": "Nicht bannbare Fake Skins",
	"unbannable_skin_desc": "Dies wird dich nicht nicht als Cheater kennzeichnen, selbst wenn du legendäre Skins ausrüstest",
	"skip_videos_title": "Überspringe Videos",
	"press_any_key_title": "Überspringe den Taste Drücken Ladeschirm",
	"rss_options": "RSS Einstellungen",
	"gap_offsets_text": "POSITION",
	"gap_menus_text": "SICHTBARKEIT",
	"gap_time_text": "DREHUNG",
	"gap_news_text": "DATEN",
	"removeNewHeistsGui_title": "Entferne Hauptmenü Banner",
	"removeNewHeistsGui_desc": "Entferne Werbung aus dem Hauptmenü",
	"removeWallet_title": "Entferne Wallet",
	"removeWallet_desc": "Entferne Offshore und Münzenanzahl in der Verbrechenswellen Lobby",
	"show_main_title": "Hauptmenü",
	"show_main_desc": "Zeige RSS im Hauptmenü",
	"show_pause_title": "Pausenmenü",
	"show_pause_desc": "Zeige RSS im Pausenmenü",
	"show_lobby_title": "Lobby",
	"show_lobby_desc": "Zeige RSS in Lobby",
	"show_spree_title": "Verbrechenswellenlobby",
	"show_spree_desc": "Zeige RSS in Verbrechenswellenlobby",
	"OFFSET_X_title": "Verschiebe nach X",
	"OFFSET_X_desc": "Gebe die horizontale Verschiebung des Nachrichtenfeeds an",
	"OFFSET_Y_title": "Verschiebe nach Y",
	"OFFSET_Y_desc": "Gebe die vertikale Verschiebung des Nachrichtenfeeds an",
	"PRESENT_TIME_title": "Präsentationszeit",
	"PRESENT_TIME_desc": "Wie lange es dauert bis eine Meldung erscheint",
	"SUSTAIN_TIME_title": "Anzeigedauer",
	"SUSTAIN_TIME_desc": "Wie lange eine Meldung auf dem Bildschirm angezeigt wird",
	"REMOVE_TIME_title": "Entfernungszeit",
	"REMOVE_TIME_desc": "Wie lange es dauert bis eine Meldung verschwindet",
	"MAX_NEWS_title": "Max Nachrichten die geladen werden",
	"MAX_NEWS_desc": "Maximale Anzahl an Nachrichten die aus jeder Quelle geladen werden",
	"MAX_NEWS_SHOW_title": "Max Nachrichten die angezeigt werden",
	"MAX_NEWS_SHOW_desc": "Gesamtanzahl an Nachrichten die rotieren. Jede Quelle erhält die gleiche Menge",
	"MIX_title": "Mische Titel",
	"MIX_desc": "Mischen von Titeln. Wenn aus werden die Titel in der Reihenfolge der Quellen in der Konfiguration angezeigt.",
	"the_end_burn": "Leuchtendes Bild",
	"the_end_door": "Öffne die Geheimtür",
	"hints_1": "Wir arbeiten hart daran, P3DHack zu verbessern!",
	"buy_premium": "Schau dir Premium an",
	"premium_buy_title": "Kaufe Premium",
	"Free_Crime_Spree_title": "Kostenlose Verbrechenswelle",
	"unlock_all_tiers": "Unlock alle Stufen",
	"set_killzone": "Slap Spieler",
	"reduce_damage_all": "Erhalte 50% des Schadens",
	"hide_text_title": "Blende alle Texte aus",
	"hide_text_desc": "Du kannst alle Erwähnungen von P3DHack abschalten",
	"reboard": "Reboard",
	"reboard_help": "Du kannst die Bretter an Fenstern unbegrenzt verwenden",
	"mod_list_lite_title": "Modliste lite",
	"mod_list_lite_desc": "Korrigiert das Einfrieren des Spiels beim Ansehen der Liste der BLT Mods",
	"Delay_func_title": "Schnelleres Kochen",
	"AimMode_desc": "Wähle Typ",
	"aim_type_1": "Nur automatisches Schießen",
	"aim_type_2": "Nur Zielen",
	"aim_type_3": "Automatisches Zielen und Schießen",
	"RightClick_title": "Rechtsklick",
	"RightClick_desc": "Den AimBot nur schießen lassen, wenn die rechte Maustaste gehalten wird",
	"AimbotInfAmmo_title": "Unendliche Munition",
	"AimbotDamageMul_title": "Schadensmultiplikator",
	"MaxAimDist_title": "Maximale Zieldistanz",
	"SafeSimulatorMenu_function": "Safe Simulator",
	"ScamDetectionLevel_title": "Entdeckungsrisiko",
	"ScamDetectionLevel_desc": "Deine Entdeckungsrisiko beträgt 3",
	"vrmenu": "VR Menu",
	"I_Use_VR_title": "VR Kompatibilität",
	"I_Use_VR_desc": "Aktiviere diese Option wenn du VR nutzt.",
	"ride_player": "Huckepack",
	"increase_ladder": "Increase Ladder Height And Width",
	"WORLD": "WELT",
	"RIVALS": "RIVALE",
	"only_for_you": "Nur für dich",
	"troll_remove_body": "Entferne Körper",
	"troll_remove_right_leg": "Entferne rechtes Bein",
	"troll_remove_left_leg": "Entferne linkes Bein",
	"troll_remove_legs": "Entferne Beine",
	"troll_stop_it": "Stoppen",
	"troll_cut_head": "Kopf abschneiden",
	"troll_hide_doors": "Verstecke Türen",
	"troll_show_doors": "Zeige Türen an",
	"troll_upgrade_cameras": "Upgrade Kameras",
	"jerry1": "Fliegen",
	"jerry2": "Absprung mit Fallschirm",
	"carry": "Tragen",
	"mask_off": "Maske abnehmen",
	"clean": "Sauber",
	"civilian": "Zivilist",
	"standard": "Standard",
	"teleport_all_to_me": "Teleportier alle zu mir",
	"troll_activate_triggers": "Aktiviere Trigger",
	"troll_enable_units": "Aktiviere Einheiten",
	"troll_disable_units": "Deaktiviere Einheiten",
	"troll_end_mission": "Mission beenden",
	"troll_world": "Troll Welt",
	"turret_spawn": "Spawn Geschützturm",
	"turret_friendly": "Verbündeter Geschützturm",
	"turret_enemy": "Feindlicher Geschützturm",
	"add_items_all_menu": "Komplette Liste",
	"del_items_all_menu": "Komplette Liste",
	"del_items_menu": "Entferne Gegenstände aus dem Inventar Menü",
	"right_engine_menu": "Korrekter Motor Menü",
	"right_engine": "Zeige richtigen Motor",
	"spawn_right_engine": "Spawn richtigen Motor",
	"save_and_reload_title": "Speichern und neu laden",
	"save_and_reload_desc": "Diese Funktion hilft dir die Änderungen sofort anzuwenden",
	"P3DHack_Menu_title": "P3DHack Menü",
	"P3DHack_Menu_desc": "Schnelle und bequeme Funktionen an einer Stelle",
	"hud_function": "HUD Funktionen",
	"hide_p3dhack_menu_desc": "P3DHack im Hauptmenü ausblenden",
	"Hide_Functions": "Funktionen ausblenden",
	"hide_smoke_title": "Rauch ausblenden",
	"hide_logo_title": "Payday Logo ausblenden",
	"hide_pattern_title": "Muster ausblenden",
	"hide_particles_title": "Partikel ausblenden",
	"Skip_Functions": "Überspringe Funktionen",
	"Skip_Press_title": "Überspringe Drücke Enter",
	"global_unavailable": "Nicht vefügbar",
	"helicopter": "Helikopter Mod",
	"autoshoot": "Autoshoot",
	"troll_activate_elements": "Aktiviere Elemente",
	"troll_open_doors": "Öffne alle Türen",
	"troll_close_doors": "Schließe alle Türen",
	"troll_open_vault": "Öffne Tresor",
	"troll_close_vault": "Schließe Tresor",
	"troll_remove_head": "Entferne Köpfe der Gegner",
	"troll_invisible_spooks": "Mache Spooks unsichtbar",
	"troll_launch_cars": "Spielerfahzeuge abheben lassen",
	"troll_close_van_doors": "Schließe die Türen des Vans",
	"troll_open_van_doors": "Öffne die Türen des Vans",
	"rofl_drills": "Rofl Bohrer",
	"Speed_hack": "Speedhack",
	"melee_range": "Größere Nahkampf Reichweite",
	"melee_charge": "Sehr schnelle Nahkampf Aufladezeit",
	"melee_no_delay": "Sehr schneller Nahkampf",
	"hider_title": "Blende Mods aus",
	"hider_type_title": "Was soll ausgeblendet werden?",
	"Only_P3D": "Nur P3DHack",
	"All": "Alle Mods",
	"Crosshair_title": "Fadenkreuz",
	"specific_weapons_unlocker_title": "Spezielle Waffen freischalten",
	"NewMenu_function": "Auto Cheats",
	"Dodge_Chance_Buff_title": "Ausweichchance",
	"Dodge_Chance_Buff_Amount_title": "Ausweichchance Wert",
	"Dodge_Chance_Buff_Amount_desc": "0.1 = 10%, 1 = 100%",
	"Melee_Buff_title": "Nahkampf Schadensbonus",
	"Melee_Buff_Amount_title": "Betrag des Multiplikators",
	"Unlimited_BodyBags_title": "Unbegrenzt Leichensäcke",
	"Jump_Mask_Off_title": "Springen ohne Maske",
	"Fast_Mask_title": "Schnelles Maskieren",
	"Infinite_Hostage_Follow_title": "Unbegrenzte Anzahl an folgenden Geiseln",
	"Interaction_CoolDown_title": "Keine Abklingzeit für Interaktionen",
	"Sixth_Sense_Reset_title": "6ter Sinn",
	"Sixth_Sense_Reset_desc": "Wird nur bei Bewegung zurückgesetzt",
	"Bag_CoolDown_title": "Keine Abklingzeit für Taschen",
	"Camera_Bag_Explosion_Multiplier_title": "Explosive Bag Camera Effect Multiplier",
	"Camera_Bag_Explosion_Multiplier_desc": "Möchtest du Explosive Bag Camera Effect Multiplikator aktivieren?",
	"Camera_Bag_Explosion_Multiplier_Amount_title": "Multiplikator",
	"Camera_Bag_Explosion_Multiplier_Amount_desc": "Standard 4",
	"Explosion_Buff_title": "Explosionsschadensbonus",
	"Explosion_Buff_Amount_title": "Höhe des Explosionsschadensbonus",
	"Lowered_Headbob_title": "Verringertes Kopfwackeln",
	"Toggle_Interact_title": "Interaktion umschalten",
	"Toggle_Interact_desc": "Aktiviere Interaktion umschalten (Taste einmalig drücken statt halten)",
	"Grenade_Restrict_title": "Granaten im Schleichmodus einschränken",
	"Pager_Mod_title": "Erhöhe Anzahl der Pager",
	"Zipline_Drop_title": "Lasse getragene Taschen fallen, wenn die Seilrutsche benutzt wird.",
	"Classic_Open_Door_title": "Klassische Option von Alle Türen öffnen",
	"Classic_Open_Door_desc": "Die Klassische Version von Alle Türen öffnen funktioniert möglicherweise nicht überall und ist eher auf bestimmte Türen beschränkt",
	"New_Open_Door_title": "Neue Option von Alle Türen öffnen",
	"New_Open_Door_desc": "Neue Option von Alle Türen öffnen öffnet alle verschließbaren Türen, Tresore, Bankschließfächer usw., was die klassische Option nicht kann",
	"Anti_Cheat_Disable_title": "Deaktiviere Anti-Cheat",
	"Anti_Cheat_Disable_desc": "Erlaubt Taschen zu spawnen und vieles mehr",
	"Secure_BodyBags_title": "Sichere Leichensäcke für Geld",
	"Secure_BodyBags_Loot_Value_title": "Auszahlungsbetrag ",
	"Secure_BodyBags_Loot_Value_desc": "Sichere Leichensöcke für Auszahlungsbetrag",
	"No_Job_Heat_title": "Deaktiviere Strafe für Jobwiederholungen",
	"Job_Heat_Amount_title": "Lege die Höhe des Job Heat (Strafe für Wiederholung) Bonus fest",
	"Job_Heat_Amount_desc": "Standard 1.15 = 15%",
	"XP_Multiplier_title": "EP Multiplikator",
	"XP_Multiplier_Amount_title": "Höhe des EP Multiplikators",
	"othermenu_function": "Sonstiges",
	"Rats_Message_title": "Meth Helper",
	"Rats_Message_desc": "Zeige die richtige Chemikalie im Chat an",
	"Delay_title": "Verzögerung zwischen den Zutaten",
	"CookMeth_function": "Koche Meth Funktionen",
	"troll_alarm": "Polizei Hotline",
	"alarm_crim": "Melde ein Verbrechen",
	"alarm_gun": "Melde Schüsse",
	"alarm_exp": "Melde Explosion",
	"alarm_mon": "Melde ein MONSTER!",
	"delete_units": "Entferne alle synchronisierten Einheiten von der Karte",
	"mute_ply": "Stummschalten",
	"kick_all": "Kick alle",
	"crash_game": "Lass sein Spiel abstürzen",
	"Bullet_Penetration_func": "Kugeldruchdringung für alle Schusswaffen",
	"Bullet_Penetration_Shield_title": "Schieß durch Schielde",
	"Bullet_Penetration_Enemy_title": "Schieß durch Gegner",
	"Bullet_Penetration_Wall_title": "Schieß durch Wände",
	"Skip_End_Screen_title": "Erlaubt den Endbildschirm zu überspringen",
	"other_menus": "Andere Menüs",
	"Bag_mod_toggle": "Taschenmod",
	"change_statistic": "Statistikwechsler",
	"p3dtext_language_title": "Sprache",
	"dlc_title": "DLC Unlocker [Cheater Tag]",
	"skin_title": "Skin Unlocker",
	"skin_armor_title": "Rüstungsskin Unlocker",
	"noclip_title": "NoClip MOD",
	"rave_title": "Rave hostage",
	"rave_desc": "Möchtest du schnell laufende Geiseln?",
	"antistop_title": "Anti-SlowMo",
	"antistop_desc": "Aktiviere diese Option, wenn du nicht verlangsamt werden möchtest.",
	"antistop_info_title": "Wer hat das getan?",
	"antistop_info_desc": "Aktiviere diese Funktion, um herauszufinden, wer dich versucht hat zu verlangsamen. Spam ist möglich",
	"slow_attention": "Achtung!",
	"slow_you": "versucht, dich zu verlangsamen",
	"change_statistic_total_kills_title": "Anzahl der gesamten Tötungen",
	"change_statistic_specials_kills_title": "Anzahl der Sondertötungen",
	"change_statistic_head_shots_Amount_title": "Anzahl der Kopfschüsse",
	"change_statistic_accuracy_Amount_title": "Prozentsatz der Genauigkeit",
	"change_statistic_downs_Amount_title": "Anzahl der Niederstreckungen",
	"Language_text": "Lokalisierung",
	"antistopthecheater_function": "Anti Stopp den Cheater",
	"Main_function": "Hauptfunktionen",
	"Free_function": "Kostenloser Kauf",
	"locator_function": "Lokalisator",
	"Keyboard_Auto_Config": "Automatischer Lauf Tastaturbelegung",
	"Auto_func": "Automatik aktiviert",
	"change_statistic_function": "Ändere Statistik",
	"text_in_game_title": "Text im Hauptmenü",
	"text_in_game_desc": "Möchtest du Text im Hauptmenü entfernen?",
	"Favors_title": "Vorausplanungspunkte (Gefallen)",
	"Free_Assets_title": "Free assets purchase",
	"Free_Casino_title": "Free casino purchases",
	"Free_Contracts_title": "Free contract purchases",
	"Free_Masks_title": "Free mask purchases",
	"Free_PrePlanning_title": "Free PrePlanning purchases",
	"Free_Slots_title": "Free Weapon and Mask Slot",
	"Free_Weapons_title": "Free Weapon purchases",
	"Free_Weapon_Mods_title": "Free Weapon Mod purchases",
	"Jumper_set_title": "Sprunghöhe",
	"No_FlashBang_title": "Keine Blendgranaten",
	"No_Recoil_title": "Kein Rückstoß",
	"No_Spread_title": "Keine Streuung",
	"Infinite_Stamina_title": "Unbegrenzte Ausdauer",
	"Dropin_Pause_Remove_title": "Pause bei Einstieg entfernen",
	"Auto_Pick_Card_title": "Automatisches Auswählen einer Karte",
	"X_Ray_title": "Röntgenstrahlen",
	"X_Ray_desc": "Standard ist X",
	"Full_Replenish_title": "Vollständiges Auffüllen",
	"Full_Replenish_desc": "Standard ist Z",
	"Ammo_Replenish_title": "Munition Nachfüllen",
	"Ammo_Replenish_desc": "Standard ist C",
	"Vehicle_Spawn_title": "Fahrzeug spawnen",
	"Vehicle_Spawn_desc": "Standard ist V",
	"Grenade_Spawn_title": "Granate spawnen",
	"Grenade_Spawn_desc": "Standard ist B",
	"Grenade_Spawn_Type_title": "Granate spawnen Typ",
	"Grenade_Spawn_Type_desc": "Lege Typ der Granate fest",
	"Hud_Toggle_title": "Deaktiviere HUD",
	"Hud_Toggle_desc": "Standard ist F10",
	"Gage_Package_title": "Spawn Gage Paket",
	"Gage_Package_desc": "Standard ist \\",
	"Restart_Job_title": "Job neustarten",
	"Restart_Job": "Standard ist Num /",
	"Ultimate_Kill_title": "Töte alle",
	"Ultimate_Kill_desc": "Standard ist Num *",
	"Auto_Drill_Service_desc": "Automatische Wiederherstellung des Bohrers im Falle einer Beschädigung",
	"Carry_Mod_desc": "Entfernt das Gewicht aller Taschen und die Explosionseigenschaft der Muntionstaschen",
	"Interact_Distance_Amount_title": "Betrag der Interaktionsentfernung",
	"Instant_Interact_With_Anything_desc": "Zum Beispiel um Fenster zu verbarrikadieren oder Zutaten zum Kochen hinzuzufügen",
	"Weapon_Damage_Multiplier_Amount_title": "Betrag des Waffenschadenmultikplikators",
	"Weapon_Fire_Rate_Multiplier_title": "Feuerratenverstärkung",
	"waypoints_showDistance": "Abstand anzeigen",
	"waypoints_showDistance_desc": "Zeigt die Entfernung zum Wegpunkt für jeden Wegpunkt an.",
	"waypoints_showGagePickups": "Zeige aufhebbare Gage Pakete",
	"waypoints_showGagePickups_desc": "Zeigt aufhebbare Gagepakete auf der Karte an.",
	"waypoints_showPlanks": "Zeige Bretter",
	"waypoints_showPlanks_desc": "Zeigt Bretter auf der Karte an.",
	"waypoints_showSmallLoot": "Zeige geringe Beute an",
	"waypoints_showSmallLoot_desc": "Zeigt Greifbares, wie Geldscheine oder Schmuckstücke.",
	"waypoints_showCrates": "Zeige Kisten",
	"waypoints_showCrates_desc": "Zeigt zu öffnende Kisten, wie beispielsweise in der Mission Wahltag.",
	"waypoints_showDoors": "Zeige Türen",
	"waypoints_showDoors_desc": "Zeigt ein Schlosssymbol an Türen, die mit einer Schlüsselkarte oder einem Störsender geöffnet werden müssen ",
	"waypoints_showCameraComputers": "Zeige Kameracomputer",
	"waypoints_showCameraComputers_desc": "Zeigt an, wo sich die Computer zur Anzeige von Kameras auf der Karte befinden.",
	"waypoints_showDrills": "Zeige Bohrstellen",
	"waypoints_showDrills_desc": "Zeigt an, wo ein kleiner Bohrer platziert werden kann.",
	"waypoints_showThermite": "Zeige Thermitpaste",
	"waypoints_showThermite_desc": "Zeigt, wo sich Thermitpaste befindet und wo es zu verwenden ist.",
	"waypoints_showSewerManhole": "Zeige Kanalisationsschachtabdeckungen",
	"waypoints_showSewerManhole_desc": "Zeigt, wo sich Kanalisationsschachtdeckel befinden.",
	"waypoints_showHUDMessages": "Zeige HUD Benachrichtigungen",
	"waypoints_showHUDMessages_desc": "Zeigt auf dem HUD verschiedene Informationen über die Wegpunkte an.",
	"waypoints_makeNoise": "Lärm machen",
	"waypoints_makeNoise_desc": "Erzeugt ein Geräusch, wenn das Skript ausgeführt wird.",
	"waypoints_iterativeToggle": "Iteratives Umschalten",
	"waypoints_iterativeToggle_desc": "Ein bedeutet, dass jedes Mal, wenn das Skript ausgeführt wird, der nächste verfügbare Wegpunkt angezeigt wird.\nAus bedeutet, dass alle Wegpunkte auf einmal angezeigt werden.",
	"waypoints_sheaterNewb": "Neuling",
	"waypoints_sheaterNewb_desc": "Bei aktivierter Funktion werden viele Dinge für andere Spieler sichtbar, z.B. die Ziegen und die Wahlmaschinen.",
	"main_menu_p3dhack": "Hauptmenü",
	"main_menu_help_p3dhack": "Öffnet das Hauptmenü",
	"previous_menu_p3dhack": "Vorheriges Menü",
	"previous_menu_help_p3dhack": "Öffnet das zuvor geöffnete Menü",
	"next_menu_p3dhack": "Nächste Seite",
	"next_menu_help_p3dhack": "Öffnet die nächste Seite des aktuell geöffneten Menüs",
	"prew_menu_p3dhack": "Vorherige Seite",
	"prew_menu_help_p3dhack": "Öffnet die vorherige Seite des aktuell geöffneten Menüs",
	"close_menu_p3dhack": "Menü schließen",
	"close_menu_help_p3dhack": "Schließt das Menü",
	"global_host": "NUR HOST",
	"global_host_": "Nicht verfügbar (Nur Host)",
	"str_on": "Aktiviert",
	"str_off": "Deaktiviert",
	"global_p3dhack": "P3DHack",
	"global_premium": "NUR Premium",
	"mouse_teleport": "Teleportiert",
	"num_jump": "Hoher Sprung",
	"num_kill": "Alle tot",
	"num_pg_answer": "PAGER BEANTWORTET",
	"main_menu_f1": "Spielermenü",
	"fast_f1": "SCHNELLES UMSCHALTEN ZWISCHEN DEN SPIELERN",
	"godmode": "God Mode",
	"godmode_help": "Werde Unbesiegbar",
	"friendfire": "Friendly Fire",
	"friendfire_help": "Aktiviere Friendly Fire",
	"modif_f1": "SPIELER UMSCHALTEN",
	"drillservice": "Auto Bohrer Service",
	"drillservice_help": "Stellt Bohrer bei Blockierung automatisch wieder her",
	"carrymod": "Trage-Mod",
	"carrymod_help": "Entfernt das Gewicht aller Taschen und die Explosionseigenschaft der Muntionstaschen",
	"carrycross": "Trage-Fadenkreuz-Mod",
	"carrycross_help": "Spawnt Transporttasche auf Fadenkreuz, aktiviere dies zuerst wenn mit CarryStacker verwendet wird",
	"spooccuffselfon": "Cloaker fesseln Spieler",
	"spooccuffselfon_help": "Cloaker werden dich lediglich fesseln anstatt dich Niederzuschlagen",
	"infammobag": "Unendliche Nutzung der Munitionstasche",
	"infammobag_full_": "Unendliche Munitionstaschennutzungen",
	"InfiniteSpecial_": "Unendliche Specials",
	"InfiniteSpecial_help": "Unendliche Specials wie beispielsweise Kabelbinder, Bretter etc.",
	"inf_converts": "Unbegrenzte Konvertierungen",
	"carrystack": "Carry Stacker",
	"carrystack_help": "Wird dich als Cheater markieren, wenn du nicht der Host bist.",
	"carrylimit": "Carry Stacker Gewichtslimit",
	"carrylimit_help": "Gewichtsmodifikator für CarryStacker, je mehr Taschen du trägst, desto schwerer ist dein Gewicht.",
	"infdocbag": "Unendliche Nutzung der Arzttasche",
	"infdocbag_full": "Unendliche Arzttaschennutzungen",
	"inf_ecm": "Unendliche Störsenderbatterie",
	"infmessiah": "Unendliche Messiah Ladungen",
	"inf_pager_answers": "Unendliche Pagerantworten",
	"instantdom": "Sofortige Beherrschung",
	"instantdrill": "Sofortiger Bohrer/Computer",
	"instantdrill_help": "Kann aktiviert werden nachdem Bohrer angebracht oder Computer aktiviert worden ist.",
	"intdist": "Erhöhung der Interaktionsentfernung",
	"instantinteract": "Sofortiges Interagieren",
	"instantinteract_help": "Beinhaltet sofortige Pagerantwort",
	"interactanyhting": "Interagiere mit Allem",
	"interactwall": "Interagiere durch Wand",
	"nohitdis": "Keine Orientierungslosigkeit nach Treffern",
	"smlootmulti": "Geringe Beute Multiplikator",
	"smlootmulti_help": "Multipliziert um 3x, Beute gekappt bei $2,800,000",
	"ZiplineBag": "Seilrutsche Transport",
	"ZiplineBag_help": "Ermöglicht den Transport von Taschen auf allen Seilrutschen",
	"infsentry": "Sentry Gun unendliche Munition",
	"godsentry": "Sentry Gun Godmode",
	"BulletExplode": "Kugeln explodieren",
	"BulletFire": "Kugel Feuer",
	"damagebuff": "Schadensverstärkung",
	"fireratebuff": "Verrückte Feuerrate",
	"infammo": "Uendliche Munition",
	"main_menu_f3": "Schleich Menü",
	"mind_enemies_menu": "Gegner Gedankenkontrolle",
	"mind_civs_menu": "Zivilisten Gedankenkontrolle",
	"pigsfly": "Fliegende Schweinchen",
	"copsquit": "Kündigende Polizisten",
	"drunkpigs": "Betrunkene Schweine",
	"civdance": "Tanzende Marionetten",
	"civsmoke": "Smoking Kills",
	"civcower": "Covering Sheep",
	"phonycivs": "Phony Yuppies",
	"main_menu_f3_1": "TOGGLES & OPTIONS",
	"cops_dont_shoot": "Polizisten schießen nicht",
	"cops_dont_shoot_help": "Polizisten werden nicht auf dich schießen",
	"disable_cams": "Deaktiviere Kameras",
	"disable_pagers": "Deaktiviere Pager",
	"free_kill": "Kostenlose Tötungen von Zivilisten",
	"pagedom": "Kein Pager bei Beherrschungen",
	"pagedom_help": "Wenn sofortige Beherrschung verwendet wird, MUSS diese Funktion zuerst aktiviert werden, damit beide funktionieren",
	"prevent_panic_buttons": "Kein Panikbutton/Informationen verbrennen",
	"people_dont_call_police": "Die Menschen rufen nicht die Polizei",
	"lobai": "Lobotomisierte KI",
	"randompage": "Zufällige Pager",
	"randompage_help": "Aktiviert zufallsgenerierte Pager",
	"steal_pagers_on_melee": "Pager klauen",
	"steal_pagers_on_melee_help": "Deaktiviert Pager nach einem Nahkampf mit einer Wache",
	"convertall": "Konvertiert alle Gegner",
	"convertall_full": "Alle Gegner konvertiert",
	"remote_camera": "Ferngesteuerter Kamerazugang",
	"main_menu_f4": "Missionsmanipulator Menü",
	"bettyboom": "Betty Boom Mod",
	"bettyboom_full": "BOUNCING BETTY BOOM",
	"bettyboom_help": "Sprengt KI nach dem Tod in die Luft",
	"dirtymoney": "Schmutziger Geldregen",
	"dirtymoney_help": "Lässt nach dem Tod einer KI 2 Goldtaschen erscheinen",
	"autocook": "Ratten Auto Koch",
	"autocook_full": "AUTO-KOCHER",
	"autocook_help": "Automatisiertes Kochen an Ratten Tag 1 und Kochwettbewerb, muss im Besitz der Chemikalien sein, um das Kochen fortzusetzen",
	"m_info": "OPTIONEN",
	"civil": "Alarmiere Zivilisten",
	"civil_help": "Einschüchterung aller Zivilisten, mehrmals drücken um auf den Boden zu gehen.",
	"instaboardst": "Alle Fenster vernageln",
	"instaboardst_help": "Alle verfügbaren Fenster mit Brettern vernageln",
	"cutglass": "Sämtliche Gläser schneiden",
	"heistintel": "Drop Zugüberfall Information",
	"heistintel_help": "Kann nur in Transportüberfällen gedropt werden",
	"heistintel_only": "Nur Tranportissionen",
	"getpatht": "Erhalte Gegenstand/Setze Mission fort",
	"getpatht_help": "Muss Carrystacker aktivieren, Greift alle notwendigen Gegenstände, um die Mission fortzusetzen",
	"grabcourier": "Greife alle Gage Pakete",
	"grabcourier_help": "Greife alle verfügbaren Gage Pakete",
	"grabgear": "Greife Ausrüstung",
	"grabgear_help": " zweimal um Ausrüstung zu greifen",
	"grabgear_only": "Nur Golden Grin Casino",
	"anticheat_info": "ANTI-CHEAT UMSCHALTEN",
	"anticheat": "Deaktiviere Anti-Cheat",
	"anticheat_help": "Aktiviere oder Deaktiviere Anti-Cheats für Host und Client",
	"InstantHackAll": "Hack alle Elektrik",
	"InstantHackAll_help": "Hack verfügbare Computer, Tastenfelder, Telefone oder Elektrische Boxen",
	"GrabDiamond": "Sofortiges Greifen des Diamanten",
	"GrabDiamond_help": "Drücke zweimal um den Diamanten zu greifen",
	"instanthackmachines": "Sofortiger Hack & Öffnen der Wahlmaschinen",
	"instanthackmachines_only": "Nur Wahltag Lagerhaus",
	"opencrate": "Alle Kisten öffnen",
	"opencrate_help": "Du kannst verfügbare Kisten auch schließen",
	"bankbuster": "Öffne alle Schließfächer",
	"picklockst": "Öffne alle Türen und Fenster",
	"picklockst_help": "Dies öffnet keine Sicherheitstüren",
	"picklockst1": "Öffne alle knackbaren Schlösser",
	"picklockst1_help": "Öffne alle knackbaren Schlösser inklusive Schließfächer. Dies öffnet keine Sicherheitstüren.",
	"c4open": "Öffne alle Türen und Tresore mit C4",
	"jobwin_jobloss": "SIEG/NIEDERLAGE OPTIONEN",
	"jobloss": "Sofortiger Fehlschlag",
	"jobwin": "Sofortiger Sieg",
	"ecmopen": "Öffne alle ECM Türen",
	"usekeycardt": "OÖffne alle Schlüsselkarten Türen",
	"usekeycardt_help": "Öffnet jede Tür die durch eine Schlüsselkarte geöffnet werden kann, inklusive Sicherheitsräumen",
	"xmaspresent": "Öffne alle Geschenke",
	"xmasflare": "Platziere/Entzünde Leuchtsignal",
	"DrillAll": "Starte/Neustarte Bohrer",
	"DrillAll_help": "Startet oder startet wieder jeden verfügbaren Bohrer",
	"takeintel": "Nimm alle Informationen",
	"takeintel_help": "Drücke zweimal um Informationen aus Tresoren zu erhalten",
	"instanttie": "Fessle alle Zivilisten",
	"instanttie_help": "Alle Zivilisten müssen alarmiert werden, bevor diese Funktion aktiviert wird.",
	"heistintel_info": "Zugüberfallsinformation wurde gedropt",
	"civilsdown_info": "Alle Zivilisten niedergeworfen",
	"c4open_info": "Alle Türen mit C4 gesprengt",
	"grabgear_info": "Ausrüstung erhalten",
	"xmasflare_info": "Leuchtsignal platziert/entzündet",
	"xmaspresent_info": "Alle Geschenke wurden geöffnet",
	"ecmopen_info": "Alle Sicherheitstüren wurden mit einem Störsender geöffnet",
	"getpatht_info": "Missionsgegenstand erhalten",
	"grabcourier_info": "Alle Gage Pakete erhalten",
	"takeintel_info": "Alle Informationen wurden gesichert",
	"takeintel1_info": "INFORMATION",
	"InstantHackAll_info": "Alle Elektrischen-/Schaltkästen wurden geöffnet und gehackt",
	"cutglass_info": "Alle Glässer geschnitten",
	"instanthackmachines_info": "Alle Wahlmaschinen wurden geöffnet und gehackt",
	"instanttie_info": "Alle Zivilisten wurden gefesselt",
	"usekeycardt_info": "Alle Türen wurden mit Schlüsselkarten geöffnet",
	"opencrate_info": "Alle Kisten wurden geöffnet",
	"GrabDiamond_info": "Damant erhalten",
	"picklockst_info": "Alle Fenster und Türen wurden geöffnet",
	"picklockst1_info": "Alle Schlösser wurden geknackt",
	"bankbuster_info": "Alle Schließfächer wurden geöffnet",
	"DrillAll_info": "Bohrer angebracht/neu gestartet",
	"instaboardst_info": "Alle Fenster wurden verbarrikadiert",
	"main_menu_f5": "Invantar Menü",
	"main_menu_f5_text1": "Gegenstands Menü - Gegenstand auswählen",
	"main_menu_f5_text2": "Beutetaschen Menü - Tasche auswählen",
	"main_menu_f5_text3": "Ausrüstungstaschen Menü - Tasche auswählen",
	"main_menu_f5_text4": "Ölmultis Motor Menü - Motor auswählen",
	"add_items_menu": "Inventar Gegenstände hinzufügen Menü",
	"fugas_f5": "EXPLOSIVE SHELLS",
	"spawn_f5": "SPAWN TASCHEN MENÜS",
	"engine_menu": "Ölmultis Motor Menü",
	"equipment_menu_f5": "Ausrüstungstaschen Menü",
	"loot_menu_f5": "Beutetaschen Menü",
	"main_menu_f5_text5": "SPAWN OPTIONEN",
	"main_menu_f5_text6": "Gebe Tasche dir selbst",
	"main_menu_f5_text7": "Lass Taschen regenen",
	"main_menu_f5_text7_help": "Nicht spamen, kann zu Absturz führen",
	"main_menu_f5_text8": "Spawn auf Fadenkreuz",
	"main_menu_f5_text12": "TASCHEN OPTIONEN",
	"main_menu_f5_text9": "Packe alle Körper in Leichensäcke",
	"main_menu_f5_text9_help": "Packt nur Körper ein",
	"main_menu_f5_text10": "Explosive Shells",
	"main_menu_f5_text10_help": "Macht Munitionstaschen erneut explosiv",
	"main_menu_f5_text11": "Hebe alle Taschen auf",
	"main_menu_f5_text11_help": "CarryStacker muss aktiviert sein andernfalls gehen alle Taschen verloren",
	"main_f5_text": "ALLGEMEINE GEGENSTÄNDE",
	"cable_tie": "Kabelbinder",
	"organs": "Organe",
	"add_items_menu_f5": "RATTEN/HOTLINE MIAMI CHEMIKALIEN",
	"add_items_menu_f5_": "HOTLINE MIAMI BARCODES",
	"add_items_menu_f5__": "HOXTON-AUSBRUCH GEGENSTÄNDE",
	"add_items_menu_f5___": "GOLDEN GRIN CASINO GEGENSTÄNDE",
	"main_menu_f6": "Geld Menü",
	"main_menu_f6_text1": "Super Beutegeber 69000",
	"main_menu_f6_text2": "SICHERN OPTIONEN/MENÜ",
	"takeloot": "Packe alle Beute in Taschen",
	"takeloot_help": "CarryStacker muss aktiviert sein, bei weiße Weihnachten zweimal drücken",
	"InteractType": "Greife alle kleinere Beute",
	"OpenAtm": "Öffne alle Geldautomaten und erhalte den Inhalt",
	"OpenAllLoot": "Öffne alle Geldautomaten, Tresore und Kassenschubladen",
	"main_menu_f6_text3": "Beute Sichern Menü",
	"securesmloot": "Sichere geringe Beute",
	"main_menu_f6_text4": "Gesamte Beute eingepackt",
	"main_menu_f6_text5": "Geringe Beute gesichert",
	"main_menu_f7": "Interaktions Timer Menü",
	"main_menu_f7_text1": "INTERAKTIONSTIMER OPTIONEN (VERRINGERT TIMER AUF 3 SEKUNDEN)",
	"InteractDrillJam": "Bohrerdefekt/Upgrade Timer",
	"InteractECMJam": "ECM Öffnung Timer",
	"InteractPager": "Pagerbeantwortung Timer",
	"InteractPickLock": "Schlossknack Timer",
	"InteractRevive": "Spieler wiederbeleben Timer",
	"main_menu_f8": "Troll Menü",
	"main_menu_f8_text1": "Troll andere Spieler - Wähle Option",
	"main_menu_f8_text2": "Troll selbst - Wähle Option",
	"main_menu_f8_player": "Troll ",
	"main_menu_f8_text3": "SPIELER TROLL MENÜS",
	"main_menu_f8_text4": "Leg dich mit anderen Spielern an",
	"main_menu_f8_text5": "TEAM TROLL OPTIONEN",
	"syncbleedall": "Alle Spieler ausbluten lassen",
	"synccuffall": "Fessle alle Spieler",
	"syncincaall": "Alle Spieler außer Gefecht setzen",
	"synctaseall": "Taser alle Spieler",
	"main_menu_f8_text6": "TROLL INDIVIDUALLEN SPIELER",
	"main_menu_f8_text7": "Sonstige",
	"releaseteam": "Alle Teammitglieder aus dem Gefängnis entlassen",
	"p3d_set_team_in_custody": "Alle Teammitglieder ins Gefängnis werfen",
	"main_menu_f8_text8": "Leg dich mit dir selbst an",
	"main_menu_f8_text9": "EIGENZUSTAND OPTIONEN",
	"stateblood": "Ausbluten",
	"statecuffs": "Fesseln",
	"stateinca_me": "Außer Gefecht gesetzt",
	"stateinca": "Außer Gefecht setzen",
	"statetased": "Getasert",
	"p3d_release_local_player_from_custody": "Entlasse mich aus dem Gefängnis",
	"p3d_set_local_player_in_custody": "Wirf mich ins Gefängnis",
	"main_menu_f8_text11": "SPIELER ZUSTAND OPTIONEN",
	"main_menu_f8_text12": "GEFÄNGNIS/TELEPORT OPTIONEN",
	"p3d_release_player_from_custody": "Entlassung aus dem Gefängnis",
	"p3d_send_peer_to_custody": "Ins Gefängnis werfen",
	"p3d_teleport_local_to_peer": "Teleportiere zu Spieler",
	"syncforceengine": "Erzwinge Motortransport",
	"main_menu_f8_text13": "OPTIONEN",
	"depositfill": "Fülle SChließfächer",
	"depositfill_help": "Füllt Schließfächer mit Gold und Geld, funktioniert nicht in jedem Level",
	"openvault": "Öffne Tresortüre",
	"openvault_help": "ÖFFNET TRESORTÜRE, FUNKTIONIERT NICHT BEI ALLEN TRESOREN UND KANN NEBENWIRKUNGEN HABEN",
	"overdrill": "Activiere Overdrill Tresortür",
	"overdrill_help": "ACTIVIERE OVERDRILL TRESORTÜR",
	"main_menu_f8_text14": "Tresortür geöffnet",
	"main_menu_f8_text15": "Schließfächer gefüllt",
	"main_menu_f8_text16": "Übrig",
	"p3d_change_statistics": "Statistik ändern ",
	"p3d_spawn_dozer_on_death": "Tote Polizisten verwandeln sich in Bulldozer",
	"p3d_replace_everyone_with_dozers": "Ersetze alle Polizisten durch Bulldozer",
	"p3d_team_godmode": "Aktiviere Godmode für dein Team",
	"p3d_invisible_player": "Unsichtbarkeit",
	"p3d_pregame_menu_title": "VORSPIEL Menü",
	"p3d_infamy_menu_title": "Berüchtigt Level Menü",
	"p3d_inventory_menu_title": "Inventar Menü",
	"clear_inventory_menu": "Leere Inventar Menü",
	"add_inventory_menu": "Inventar Hinzufügen Menü",
	"level_menu": "Level Menü",
	"money_menu": "Geld Menü",
	"skill_menu": "Fertigkeiten Menü",
	"perk_menu": "Vorteilsdeck Menü",
	"add_achieve_menu": "Errungenschaften Hinzufügen Menü",
	"rem_achieve_menu": "Errungenschaften Entfernen Menü",
	"continental_coins_menu": "Continental-Münzen",
	"main_menu_f10_text1": "MENÜS",
	"main_menu_f10_text4": "BERÜCHTIGT LEVEL OPTIONEN",
	"main_menu_f10_text5": "BERÜCHTIGT Punkte Menü",
	"main_menu_f10_text8": "BERÜCHTIGT PUNKTE OPTIONEN",
	"main_menu_f10_text9": "Inventar Menü",
	"un1": "Schalte Optionen frei",
	"un2": "Schalte alle Gegenstände frei",
	"un3": "Schalte alle Slots frei",
	"un4": "Schalte Farben frei",
	"un5": "Schalte Masken frei",
	"un6": "Schalte Materialien frei",
	"un7": "Schalte Texturen frei",
	"un8": "Schalte Waffen frei",
	"un9": "Schalte Trophäen frei",
	"un10": "Sonstiges",
	"un11": "Entferne Neuer Gegenstand Ausrufezeichen",
	"un12": "Schalte Optionen (Dlc) frei",
	"un13": "Schalte Waffenmodifizierungen frei",
	"del1": "ENTFERNE INDIVIDUELLE SLOTS",
	"del2": "Entferne alle Maskenslots",
	"del3": "Entferne alle Primärwaffenslots",
	"del4": "Entferne alle Sekundärwaffenslots",
	"del5": "ENTFERNE ODER SPERRE ALLE SLOTS UND GEGENSTÄNDE",
	"del6": "Entferne alle Gegenstände",
	"del7": "Entferne alle Slots",
	"del8": "Sperre alle Gegenstände",
	"del9": "Entferne INDIVIDUELLE GEGENSTÄNDE",
	"del10": "Entferne alle Farben",
	"del11": "Entferne alle Masken",
	"del12": "Entferne alle Materialien",
	"del13": "Entferne alle Muster",
	"del14": "Entferne alle Waffenmodifikationen",
	"add_item1": "FÜGE 1 VON JEDEM GEGENSTAND hinzu",
	"add_item2": "Füge 1 von jeder Farbe hinzu",
	"add_item3": "Füge 1 von Allem hinzu",
	"add_item4": "Füge 1 von jeder Maske hinzu",
	"add_item5": "Füge 1 von jedem Material hinzu",
	"add_item6": "Füge 1 von jedem Muster hinzu",
	"add_item7": "Füge 1 von jeder Waffenmodifikation hinzu",
	"add_item8": "FÜGE 5 VON JEDEM GEGENSTAND HINZU",
	"add_item9": "Füge 5 von jeder Farbe hinzu",
	"add_item10": "Füge 5 von Allem hinzu",
	"add_item11": "Füge 5 von jeder Maske hinzu",
	"add_item12": "Füge 5 von jedem Material hinzu",
	"add_item13": "Füge 5 von jeder Muster hinzu",
	"add_item14": "Füge 5 von jeder Waffenmodifikation hinzu",
	"add_money": "Geld",
	"add_money1": "GELD ZURÜCKSETZEB  OPTION",
	"add_money2": "Setze Geld zurück",
	"add_money3": "FÜGE GELD HINZU",
	"add_money4": "Füge 1 Million Bargeld + 4 Millionen Offshore hinzu",
	"add_money5": "Füge 10 Millionen Bargeld + 40 Millionen Offshore hinzu",
	"add_money6": "Füge 100 Millionen Bargeld + 400 Millionen Offshore hinzu",
	"add_money7": "Füge 1 Milliarde Bargeld + 4 Milliarden Offshore hinzu",
	"add_money8": "Füge 1 Million Bargeld hinzu",
	"add_money9": "Füge 10 Millionen Bargeld hinzu",
	"add_money10": "Füge 100 Millionen Bargeld hinzu",
	"add_money11": "Füge 1 Milliarde Bargeld hinzu",
	"add_skill1": "FERTIGKEITEN",
	"add_skill4": "FERTIGKEITSPUNKTE OPTIONEN",
	"add_perk": "VORTEILSDECK OPTIONEN",
	"add_perk1": "Setze Perk-Punkte zurück",
	"add_perk2": "Schalte alle Perks frei",
	"add_perk3": "PERK-PUNKTE OPTIONEN",
	"add_achievement": "Errungenschaftsoptionen",
	"add_achievement2": "Füge individuelle Errungenschaften hinzu",
	"add_achievement3": "Entferne individuelle Errungenschaften",
	"add_achievement4": "Sperre alle Errungenschaften",
	"add_achievement5": "Schalte alle Errungenschaften frei",
	"ai_menu3": "Cloaker fesselt KI nur",
	"text_f10_1": "Job Menü",
	"text_f10_4": "VORSPIEL OPTIONEN",
	"dontwait": "Erzwinge Start",
	"dontwait_help": "Erzwinge den Spielstart, um Wartezeiten zu verhindern",
	"getemall": "Schalte alle Vorteile frei",
	"text_f10_5": "IN GAME OPTIONEN",
	"text_f10_12": "Sichere Leichensäcke für Geld",
	"text_f10_13": "Wechsle Interaktion",
	"text_f10_3с_1": "Granatenbeschränkung",
	"text_f10_3с_1_help": "Schränkt das Werfen von Granaten im Schleichmodus ein",
	"text_f10_3с_2": "Kein Fluchttimer",
	"text_f10_3с_6": "Pager Mod",
	"text_f10_3с_6_help": "Erhöhe Pageranzahl",
	"text_f10_3с_10": "EP Mulitplikator",
	"text_f10_3с_10_help": "Multipliziere erhaltene EP um 2x, Aktiviere für jede Karte, die mulitipliziert werden soll",
	"text_f10_3с_11": "HUD AKTIVIERT",
	"main_menu_num": "Spawnmenü",
	"spawn_menu": "Spawn Gegner/Verbündete",
	"spawn_on_self_unt": "Spawn Einheiten",
	"spawn_on_self_spec_unt": "Spawn Spezialeinheiten",
	"spawn_on_self_gensec_unt": "Spawn elite Gensec Einheiten",
	"spawn_on_self_unt_frnd": "Spawn Verbündete",
	"spawn_on_self_spec_unt_frnd": "Spawn spezielle Verbündete",
	"spawn_on_self_gensec_unt_frnd": "Spawn Elite Gensec Verbündete",
	"spawn_frnd": "Spawn Zivilist",
	"spawn_band": "Spawn Banditen",
	"spawn_equipment": "Spawn Ausrüstung auf Fadenkreuz",
	"spawn_lootmode": "Spawn Geplündertes / Objekte / Fahrzeuge auf Fadenkreuz",
	"spawn_menu_1_1": "Gegner and Verbündete",
	"spawn_menu_1_2": "Nur wo möglich",
	"spawn_menu_bandit": "Bandit",
	"FR_1": "Zivilist",
	"FRFR1": "Elite GENSEC",
	"FRFR4": "LMG Bulldozer",
	"FRP1": "Schild",
	"FRP3": "Cloaker",
	"FRP4": "Scharfschütze",
	"FRP6": "Taser",
	"FRP7": "Bulldozer",
	"FR0": "Polizist",
	"FR4": "Spezialeinheit",
	"FR6": "gepanzerte Spezialeinheit",
	"FR7": "FBI",
	"FR9": "FBI gepanzert",
	"FR10": "Security guard"
}