{
	"P3DHack_Remove_Ads": "Rimuovi Ads",
	"shoutDelay": "Nessun ritardo urla/interagisci",
	"buddha_mode_help": "Ti assicura di non morire mai forzandoti ad avere sempre almeno 1 punto vita",
	"EquipmentSpooferStyleAndSkins": "Stili e Skin",
	"EquipmentSpooferStyleAndSkins_desc": "Rielaborato nella nuova versione. Aggiunta localizzazione di sistema!",
	"EquipmentSpooferPrimary": "Arma primaria",
	"EquipmentSpooferPrimary_desc": "Rielaborato nella nuova versione. Aggiunta localizzazione di sistema!",
	"EquipmentSpooferSecondary": "Arma secondaria",
	"EquipmentSpooferSecondary_desc": "Rielaborato nella nuova versione. Aggiunta localizzazione di sistema!",
	"EquipmentSpooferMelee": "Corpo a Corpo",
	"EquipmentSpooferMelee_desc": "Rielaborato nella nuova versione. Aggiunta localizzazione di sistema!",
	"EquipmentSpooferGrenade": "Arma da Lancio",
	"EquipmentSpooferGrenade_desc": "Rielaborato nella nuova versione. Aggiunta localizzazione di sistema!",
	"EquipmentSpooferArmor": "Armatura",
	"EquipmentSpooferArmor_desc": "Rielaborato nella nuova versione. Aggiunta localizzazione di sistema!",
	"EquipmentSpooferDeployable": "Equipaggiamento",
	"EquipmentSpooferDeployable_desc": "Rielaborato nella nuova versione. Aggiunta localizzazione di sistema!",
	"Equipment_column": "Cosa vuoi falsificare?",
	"disconnect_ply": "Disconnettilo",
	"ThemeMenu_title": "Menu del tema",
	"ThemeMenu_desc": "Cambia lo schema di colori del menu",
	"Menu_Theme": "Tema del menu:",
	"Classic": "Classico",
	"Dark": "Scuro",
	"Light": "Chiaro",
	"Russia": "Russia",
	"Custom": "Personalizzato",
	"PersonalizeCustomTheme": "Modifica il tema personalizzato",
	"ExampleButton": "Esempio di Pulsante",
	"ExampleSlider": "Esempio di Slider",
	"ExampleToggle": "Esempio di Switch",
	"ExampleMultiChoice": "Esempio di Scelta Multipla",
	"editor_menu_loc1": "Applica colore a:",
	"editor_menu_loc2": "Titolo del menu",
	"editor_menu_loc3": "Testo delle opzioni",
	"editor_menu_loc4": "Testo selezionato",
	"editor_menu_loc5": "Testo di Aiuto",
	"editor_menu_loc6": "Bordi del menu",
	"editor_menu_loc7": "Sfondo del menu",
	"editor_menu_loc8": "Categorie",
	"editor_menu_loc9": "Slider",
	"editor_trans_loc1": "Trasparenza del menu",
	"editor_trans_loc2": "Applica trasparenza",
	"editor_trans_loc3": "Valori inferiori al 35% saranno convertiti in 75%",
	"editor_trans_loc4": "Ripristina le impostazioni predefinite",
	"editor_trans_loc5": "Rosso, Verde, Blu",
	"editor_trans_loc6": "Antemprima dei colori:",
	"editor_trans_loc7": "Applica colori",
	"EquipmentSpoofer": "Falsifica equipaggiamento",
	"EquipmentSpoofer_desc": "Questo script previene il tag da cheater per l'utilizzo di armi od altro equipaggiamento quando ti unisci ad una partita, per la quale non possiedi il DLC. Puoi falsificare quanto segue: arma primaria e secondaria, arma Corpo a Corpo, Arma da Lancio, equipaggiamento (2 slot), maschera, armatura, skin dell'armatura, stile dell'abito, guanti",
	"HideWeaponSkinsForOthers": "Nascondi le skin dell'arma per gli altri",
	"HideWeaponSkinsForOthers_desc": "Aggiorna la versione delle skin false non bannabili",
	"P3DHack_Beta": "P3DHack Beta",
	"P3DHack_Beta_desc": "Funzionalità sperimentali sulle quali stiamo lavorando",
	"How_to_NameSpoofer_1": "Se vuoi modificare il nome OVERKILL_Almir:",
	"How_to_NameSpoofer_2": "Premi ",
	"How_to_NameSpoofer_3": "Sostituisci OVERKILL_Almir con il nome che desideri.",
	"How_to_NameSpoofer_4": "Ad esempio:",
	"spoofs_desc": "Modifica il tuo premio in multiplayer per essere sempre una skin leggendaria casuale",
	"look_while_interacting": "Ruota la testa quando interagisci",
	"crimespree_spree_level": "Livello della Serie Criminale",
	"crimespree_reward_level": "Livello dei premi nella Serie Criminale",
	"crimespree_catchup_bonus": "Aumento del bonus nella Serie Criminale",
	"crimespree_winning_streak_bonus": "Bonus Serie Vittorie nella Serie Criminale",
	"level_and_exp_menu": "Menu Livello ed XP",
	"reset_continental": "Resetta Monete Continentali",
	"Edit_NameSpoofer": "Cambia il nome modificato",
	"Edit_NameSpoofer_desc": "Clicca qui per aprire: P3DHack_NameSpoofer.txt",
	"referral_program": "Programma Referral",
	"P3DHack_Recommendations": "Raccomandazioni",
	"comfort_buy_title": "Acquista Comfort",
	"ADS_in_Name": "[P3DHack] nel tuo nome",
	"NameSpoofer_type_title": "In quali casi?",
	"WandV_Menu": "Menu WolfHUD e VHUDPlus",
	"WandV_Menu_fix": "Compatibilità WolfHUD e VHUDPlus",
	"WandV_Menu_fix_help": "Funzioni di interazione presenti negli HUD",
	"compatibility": "Compatibilità",
	"van_styles_menu": "Stili dei furgoni",
	"default": "Predefinito",
	"overkill": "Overkill",
	"brown": "Marrone",
	"green": "Verde",
	"grey": "Grigio",
	"red": "Rosso",
	"white": "Bianco",
	"yellow": "Giallo",
	"icecream": "Furgone dei gelati",
	"spooky": "Spooky",
	"instant_drill_F8": "Trapano Istantaneo",
	"open_overdrill": "Apri Overdrill",
	"antistop_back": "Ritorno degli effetti",
	"antistop_back_desc": "Rimanda indietro l'effetto al tuo nemico",
	"Mission_triggers": "Trigger della missione",
	"Trolling_triggers": "Trigger per il trolling",
	"Spawn_triggers": "Trigger dello spawn",
	"Experimental_triggers": "Trigger sperimentali",
	"AiGlobalEvent": "Eventi globali AI",
	"AreaTrigger": "Trigger di area",
	"LaserTrigger": "Trigger laser",
	"MissionFilter": "Filtri per le missioni",
	"WhisperState": "Stato sussurro",
	"SpecialObjective": "Obiettivi Speciali",
	"SpecialObjectiveTrigger": "Trigger per Obiettivi Speciali",
	"PlayerSpawner": "Spawner del giocatore",
	"PointOfNoReturn": "Punto di Non Ritorno",
	"SpawnGrenade": "Genera Arma da Lancio",
	"SpawnCivilianGroup": "Genera gruppo di Civili",
	"SpawnCivilian": "Genera un civile",
	"Filter": "Filtro",
	"EnemyDummyTrigger": "Trigger per fantoccio nemico",
	"AssetTrigger": "Trigger per asset",
	"PrePlanning": "Pre Pianificazione",
	"SpawnDeployable": "Genera Equipaggiamento",
	"TeammateComment": "Commento del Compagno di Squadra",
	"Dialogue": "Dialogo",
	"menu_f11_main_menu": "Menu di Aiuto",
	"menu_f11_cheater_tag_menu_text": "Tutto riguardo il Cheater Tag",
	"menu_f11_cheater_tag_menu_text1": "Сheater Tag",
	"menu_f11_cheater_tag_menu_text2": "No Сheater Tag",
	"menu_f11_cheater_tag_menu_DLC": "Sblocca DLC",
	"menu_f11_cheater_tag_menu_DLC_1": "Utilizzo di oggetti da DLC non acquistati",
	"menu_f11_cheater_tag_menu_DLC_2": "Modifica delle maschere",
	"menu_f11_cheater_tag_menu_DLC_3": "Modifica delle armi",
	"menu_f11_cheater_teg_menu_Skin_1": "Dovuto unicamente all'enorme convenienza delle mod per le armi segnate come non ottenibili",
	"menu_f11_cheater_teg_menu_levle_1": "Ottieni Livello Infame senza aver competato nessuna rapina",
	"menu_f11_cheater_teg_menu_levle_2": "Ottieni Livello Infame senza raggiungere il livello 100",
	"menu_f11_cheater_teg_menu_levle_3": "Salta il prossimo Livello infame, ad esempio da 1 a 3",
	"heist_menu": "Riguardo le rapine",
	"menu_f11_cheater_teg_menu_heist_1": "Utilizzare contratti di DLC non acquistati",
	"menu_f11_cheater_teg_menu_heist_2": "Genera un qualunque equipaggiamento, differente da quello generato la volta precedente",
	"menu_f11_cheater_teg_menu_heist_3": "Lanciare un numero maggiore di Armi da Lancio rispetto al numero consentito",
	"menu_f11_cheater_teg_menu_heist_4": "Raccogliere un'Arma da Lancio da una Valigetta per Armi da Lancio ne aumenta il limite massimo",
	"menu_f11_cheater_teg_menu_heist_5": "Genera un numero maggiore di equipaggiamenti rispetto al numero consentito",
	"keybinds_in": "Combinazioni di tasti in ",
	"main_menu": "Menu Principale",
	"ingame_menu": "Rapina",
	"keyboard_keybinds": "Combinazioni di tasti per la Tastiera",
	"teg_del": "Come rimuovere il CHEATER tag",
	"teg_del_1": "Disabilita lo sblocco dei DLC",
	"teg_del_2": "Disabilita lo sblocco delle Skin",
	"teg_del_3": "Riavvia il gioco e prova ad unirti",
	"teg_del_4": "Queste sono le ragioni principali",
	"teg_del_5": "Il problema resta non risolto",
	"teg_del_6_prem": "Ti raccomando di contattarci",
	"teg_del_7": "Usare F10, remove i momenti problematici",
	"teg_del_8": "Nel caso peggiore, utilizzare Opzioni/Avanzate/Cancella i progressi dell'account",
	"contact_us": "Contattaci",
	"open_p3dhack": "Apri P3DHack.ru",
	"menu_f11_text_dop1": "Aggiuntivi",
	"menu_f11_text_keybind7": "Localizzatore",
	"menu_f11_text_keybind8": "Aimbot",
	"menu_f11_text_keybind9": "Slow Motion",
	"menu_f11_text_keybind10": "No-ricarica",
	"menu_f11_text_keybind_num": "Tastierino numerico",
	"menu_f11_text_keybind13": "XRay pubblico",
	"menu_f11_text_keybind15": "Rispondi al cercapersone",
	"menu_f11_text_keybind_mouse": "Mouse",
	"menu_f11_text_keybind16": "Teleport",
	"menu_f11_text_keybind_other": "Altro",
	"menu_f11_text_keybind17": "Spingi il mucchio SU",
	"menu_f11_text_keybind18": "Spingi il mucchio GIU'",
	"menu_f11_text_keybind20": "Ravviva il team",
	"menu_f11_text_keybind21": "Spingi il mucchio",
	"thank_for_support": "Grazie per il supporto",
	"open_crashlog": "Apri il Log di Crash",
	"no_invisible_walls": "No muri invisi",
	"Full_Stop_function": "Blocca completamente il Cheater",
	"Full_Stop_all": "Blocca completamente i Cheater",
	"freeze_peers": "Freeza i giocatori",
	"stopthecheater_all": "Blocca i Cheater",
	"antistopthecheater_all": "Anti-blocco per i Cheater",
	"NoClip_Amount": "Velocità No-ricarica",
	"hide_buy_dlc": "Nascondi il punsante Acquista DLC",
	"arrows_helicopter": "Frecce sulla tastiera",
	"control_helicopter": "Controlla l'elicottero",
	"All_type": "Tutto",
	"Host_type": "Host",
	"Client_type": "Client",
	"cheater_tag": " [Cheater Tag]",
	"cheater_tag_host": " [Cheater Tag per l'Host]",
	"cheater_tag_client": " [Cheater Tag per il Client]",
	"night": " notte",
	"secret_perks_no_negative_title": "Nessun effetto negativo",
	"buddha_mode": "Buddha Mode",
	"killall": "Impostazioni per Uccidi Tutti",
	"IgnoreCivilians": "Ignora i civili",
	"IgnoreTied": "Ignore gli Ostaggi legati",
	"IgnoreCameras": "Ignora telecamere",
	"IgnoreEnemies": "Ignora nemici",
	"NoBagBodies_title": "No Borsa per cadaveri",
	"NoBagBodies": "No Borsa per cadaveri [Cheater Tag per il Client]",
	"F2_help1": "Devi avere un'Arma Secondaria equipaggiata o si verifichera un Crash",
	"F2_help2": "Devi avere un'Arma Primaria equipaggiata o si verifichera un Crash",
	"stopthecheater_function": "Blocca il Cheater",
	"freeze_peer": "Freeza giocatore",
	"select_value": "Seleziona il valore desiderato",
	"fast_lvl": "Livello veloce",
	"crime_spree_boost": "Potenziamento Serie Criminale",
	"set_crime_spree_boost": "Punti Serie Criminale per una rapina",
	"shoot_through_wall_thickness_desc": "Imposta il valore di quante cose può attraversare un proiettile; 40 è un muro normale",
	"shoot_through_wall_desc": "Questo non ti fornisce l'abilità di sparare attrverso i muri!",
	"target_closest_title": "Bersaglio più vicino",
	"target_closest_desc": "Imposta come Vero se vuoi bersagliare i nemici i nemici più vicini al tuo mirino invece di uno qualunque",
	"change_aim_function": "Impostazioni di mira ed auto-sparo",
	"active_pagers": "Cercapersone attivi",
	"set_infamy": "Imposta a ",
	"add_exp": "Opzioni XP",
	"add_lvl": "Opzioni livello",
	"answer_phones": "Rispondi a tutti i telefoni",
	"get_preplanning": "Sblocca tutti gli elementi in pre-pianificazione",
	"force_ready": "Forza 'Pronto'",
	"force_unready": "Forza 'Non Pronto'",
	"XP_bust_help1": "Moltiplica l'esperienza ottenuta da ",
	"XP_bust_help2": ", abilita per ogni mappa in cui vuoi moltiplicare",
	"pick_up_right_engine": "Raccogli il reattore corretto",
	"pickup_files": "Raccogli i file corretti",
	"mind_civ_f3_1": "Controllo della mente",
	"int_team": "Interazioni istantanee per il team",
	"auto_answer_phones": "Rispondi automaticamente a tutti i telefoni",
	"no_lasers": "I laser non attivano gli allarmi",
	"inf_ammo_reload": "Munizioni infinite con ricarica",
	"keyboard_health_and_ammo": "VITA E MUNIZIONI RIPRISTINATE",
	"keyboard_locator_1": "[1/8] PACCHETTO : ",
	"keyboard_locator_2": "[2/8] KEYCARD/PORTA DELLA SECURITY",
	"keyboard_locator_3": "[3/8] ARMA/COCAINA",
	"keyboard_locator_4": "[4/8] ASSE/TRAPANO",
	"keyboard_locator_5": "[5/8] CASSA/PIEDE DI PORCO",
	"keyboard_locator_6": "[6/8] MISSIONE",
	"keyboard_locator_7": "[7/8] SOLDI",
	"keyboard_locator_8": "[8/8] TUTTO",
	"keyboard_ammo": "MUNIZIONI RIPRISTINATE",
	"keyboard_reviveteam": "COMPAGNO/I RIANIMATO/I",
	"Rats_type_title": "Tipo",
	"Rats_type_desc": "Seleziona il tipo di suggerimento",
	"Rats_type_for_you": "Per me stesso",
	"Rats_type_for_all": "Per tutti",
	"waypoints": "Waypoint",
	"waypoint_rat_desc": "Vuoi attivare i waypoint di supporto per la Metanfetamina?",
	"support_sector": "Settore di supporto",
	"config_title": "Come modificare il File di Configurazione in P3DHack",
	"update_title": "Come aggiornare P3DHack",
	"wishes_title": "I tuoi desideri",
	"Unlockers": "Sbloccabili",
	"you_can_desc": "Puoi aumentare o ridurre",
	"Inf_Cam_Loops_and_Duration": "Loop delle telecamere infinito e durata",
	"First_column": "Prima colonna",
	"Second_column": "Seconda colonna",
	"Third_column": "Terza colonna",
	"inf_cable": "Fascette infinite",
	"main_menu_f7_premium_text1": "OPZIONI DI INTERAZIONE CON IL TIMER (RIDUCI IL TIMER A ",
	"main_menu_f7_premium_text2": " SECONDI)",
	"InteractTimer_Value_title": "Valore del Timer",
	"NameSpoofer_title": "Falsificatore del nome",
	"NameSpoofer_desc": "Imposta il tuo nuovo nome in gioco, imposta su Falso per utilizzare il tuo nome di Steam",
	"How_to_NameSpoofer_title": "Come modificare il nome OVERKILL_Almir?",
	"How_to_NameSpoofer_desc": "Clicca qui per conoscere come modificare il nome OVERKILL_Almir",
	"secret_skills_and_perks_title": "Abilità e Specializzazioni segrete",
	"secret_skills_title": "Abilità segrete",
	"secret_skills_desc": "Tutte le abilità, ad esclusione di Frenesia (Frenzy), non forniscono effetti negativi e riduzione della vita",
	"secret_perks_title": "Specializzazioni segrete",
	"Activator_Functions_title": "Funzioni attivatore",
	"Activator_Functions_desc": "Deve essere abilitata",
	"fast_scroll_title": "Scorrimento veloce",
	"fast_scroll_desc": "Ora puoi abilitare lo scorrimento veloce per le impostazioni del menu",
	"spoofs_title": "Falsifica ricompense",
	"unbannable_skin_title": "Skin Fake non bannabili",
	"unbannable_skin_desc": "Non verrai mai additato come cheater, anche quando equipaggi skin leggendarie",
	"skip_videos_title": "Salta i video",
	"press_any_key_title": "Salta 'premi un tasto qualsiasi'",
	"rss_options": "Opzioni RSS",
	"gap_offsets_text": "POSIZIONE",
	"gap_menus_text": "VISIBILITÀ",
	"gap_time_text": "ROTAZIONE",
	"gap_news_text": "DATA",
	"removeNewHeistsGui_title": "Rimuovi banner dal menu principale",
	"removeNewHeistsGui_desc": "Rimuovi pubblicità dal menu principale",
	"removeWallet_title": "Rimuovi portafoglio",
	"removeWallet_desc": "Rimuovi l'ammontare di contanti e conto estero dalla lobby della Serie Criminale",
	"show_main_title": "Menu Principale",
	"show_main_desc": "Mostra RSS nel Menu Principale",
	"show_pause_title": "Menu di Pausa",
	"show_pause_desc": "Mostra RSS nel Menu di Pausa",
	"show_lobby_title": "Lobby",
	"show_lobby_desc": "Mostra RSS nella lobby",
	"show_spree_title": "Lobby Serie Criminale",
	"show_spree_desc": "Mostra RSS nella lobby Serie Criminale",
	"OFFSET_X_title": "Offset di X",
	"OFFSET_X_desc": "Specifica offset orizzontale del feed delle news",
	"OFFSET_Y_title": "Offset di Y",
	"OFFSET_Y_desc": "Specifica offset verticale del feed delle news",
	"PRESENT_TIME_title": "Tempo attuale",
	"PRESENT_TIME_desc": "Quanto tempo richiede ogni titolo per apparire",
	"SUSTAIN_TIME_title": "Tempo di mantenimento",
	"SUSTAIN_TIME_desc": "Quanto tempo ogni titolo viene mantenuto a schermo",
	"REMOVE_TIME_title": "Tempo di rimozione",
	"REMOVE_TIME_desc": "Quanto tempo ogni titolo richiede per scomparire",
	"MAX_NEWS_title": "Numero massimo di news da caricare",
	"MAX_NEWS_desc": "Numero massimo di news da caricare da ogni fonte",
	"MAX_NEWS_SHOW_title": "Numero massimo di news da mostrare",
	"MAX_NEWS_SHOW_desc": "Numero totale di news nella rotazione. Ogni fonte ottiene la stessa quantità.",
	"MIX_title": "mescola i titoli",
	"MIX_desc": "Mescolamento dei titoli. Se OFF allora i titoli saranno mostrati nell'ordine delle fonti nel file di configurazione",
	"the_end_burn": "Quadro splendente",
	"the_end_door": "Apri la porta segreta",
	"hints_1": "Lavoriamo duramente per rendere P3DHack migliore!",
	"buy_premium": "Dai uno sguardo al Premium",
	"premium_buy_title": "Acquista Premium",
	"Free_Crime_Spree_title": "Serie Criminale Gratuita",
	"unlock_all_tiers": "Sblocca tutti i livelli",
	"set_killzone": "Colpo al giocatore",
	"reduce_damage_all": "Ricevi il 50% dei danni",
	"hide_text_title": "Nascondi tutti i testi",
	"hide_text_desc": "Nascondi la menzione a P3DHack",
	"reboard": "Riparazione (assi)",
	"reboard_help": "Puoi usare le assi sulle finestre all'infinito",
	"mod_list_lite_title": "Lista Mod semplificata",
	"mod_list_lite_desc": "Corregge i problemi con il blocco del gioco quando osservi la lista delle Mod BLT",
	"Delay_func_title": "Cucina più velocemente",
	"AimMode_desc": "Seleziona la tipologia",
	"aim_type_1": "Solo sparo automatico",
	"aim_type_2": "Solo mira automatica",
	"aim_type_3": "mira e spara in automativo",
	"RightClick_title": "TastoDestro",
	"RightClick_desc": "Permetti lo sparo automatico (AimBot) solo quando il tasto destro del mouse è premuto",
	"AimbotInfAmmo_title": "Munizioni infinite",
	"AimbotDamageMul_title": "Moltiplicatore del danno",
	"MaxAimDist_title": "Massima distanza di mira",
	"SafeSimulatorMenu_function": "Simulatore sicurezza",
	"ScamDetectionLevel_title": "Livello di rilevazione",
	"ScamDetectionLevel_desc": "Il tuo livello di rischio è pari a 3",
	"vrmenu": "Menu VR",
	"I_Use_VR_title": "Compatibilità VR",
	"I_Use_VR_desc": "Attiva questa opzione se stai utilizzando la VR",
	"ride_player": "Sulle spalle",
	"increase_ladder": "Incrementa altezza e larghezza delle scale",
	"WORLD": "MONDO",
	"RIVALS": "RIVALI",
	"only_for_you": "Solo per te",
	"troll_remove_body": "Rimuovi corpo",
	"troll_remove_right_leg": "Rimuovi gamba destra",
	"troll_remove_left_leg": "Rimuovi gamba sinistra",
	"troll_remove_legs": "Rimuovi gambe",
	"troll_stop_it": "Bloccalo",
	"troll_cut_head": "Taglia la testa",
	"troll_hide_doors": "Nacondi porte",
	"troll_show_doors": "Mostra porte",
	"troll_upgrade_cameras": "Potenzia telecamere",
	"jerry1": "Volare",
	"jerry2": "Discesa con paracadute",
	"carry": "Trasportare",
	"mask_off": "Togli la maschera",
	"clean": "Pulisci",
	"civilian": "Civili",
	"standard": "Standard",
	"teleport_all_to_me": "Teletrasporta tutti alla mia posizione",
	"troll_activate_triggers": "Attiva i trigger",
	"troll_enable_units": "Abilita unità",
	"troll_disable_units": "Disabilita unità",
	"troll_end_mission": "Termina missione",
	"troll_world": "Trolla il mondo",
	"turret_spawn": "Genera una torretta",
	"turret_friendly": "Torretta amichevole",
	"turret_enemy": "Torretta nemica",
	"add_items_all_menu": "Lista completa",
	"del_items_all_menu": "Lista completa",
	"del_items_menu": "Menu oggetti inventario Dell",
	"right_engine_menu": "Menu reattore corretto",
	"right_engine": "Mostra il reattore corretto",
	"spawn_right_engine": "Genera il reattore corretto",
	"save_and_reload_title": "Salva e ricarica",
	"save_and_reload_desc": "Questa funzione ti permetti di applicare istantaneamente i cambiamenti al file di configurazione P3DHack",
	"P3DHack_Menu_title": "Menu P3DHack",
	"P3DHack_Menu_desc": "Funzionalità rapide ed utili in un solo posto",
	"hud_function": "Funzioni HUD",
	"hide_p3dhack_menu_desc": "Nascondi P3DHack nel Menu Principale",
	"Hide_Functions": "Nascondi funzioni",
	"hide_smoke_title": "Nascondi fumo",
	"hide_logo_title": "Nascondi logo Payday",
	"hide_pattern_title": "Nascondi pattern",
	"hide_particles_title": "Nascondi particelle",
	"Skip_Functions": "Salta funzioni",
	"Skip_Press_title": "Salta 'Premi Enter'",
	"global_unavailable": "Non disponibile",
	"helicopter": "Mod Elicottero",
	"autoshoot": "Auto-sparo",
	"troll_activate_elements": "Attiva gli elementi",
	"troll_open_doors": "Apri tutte le porte",
	"troll_close_doors": "Chiudi tutte le porte",
	"troll_open_vault": "Apri cassaforte/porta blindata",
	"troll_close_vault": "Chiudi cassaforte/porta blindata",
	"troll_remove_head": "Rimuovi la testa dei nemici",
	"troll_invisible_spooks": "Rendi invisibili gli spettri",
	"troll_launch_cars": "Lancia in aria le auto dei giocatori",
	"troll_close_van_doors": "Chiudi le porte del Van",
	"troll_open_van_doors": "Apri le porte del Van",
	"rofl_drills": "Rofl Trapano",
	"Speed_hack": "Speed hack",
	"melee_range": "Distanza corpo a corpo aumentata",
	"melee_charge": "Tempo di caricamento attacco corpo a corpo velocizzato",
	"melee_no_delay": "Attacco corpo a corpo molto veloce",
	"hider_title": "Nascondi le Mod",
	"hider_type_title": "Cosa vuoi nascondere?",
	"Only_P3D": "Solo P3DHack",
	"All": "Tutte le Mod",
	"Crosshair_title": "Mirino",
	"specific_weapons_unlocker_title": "Sblocca una specifica arma",
	"NewMenu_function": "Cheat automatici",
	"Dodge_Chance_Buff_title": "Chance di schivata",
	"Dodge_Chance_Buff_Amount_title": "Ammontare della chance di schivata",
	"Dodge_Chance_Buff_Amount_desc": "0.1 = 10%, 1 = 100%",
	"Melee_Buff_title": "potenzia danno corpo a corpo",
	"Melee_Buff_Amount_title": "Ammontare del moltiplicatore",
	"Unlimited_BodyBags_title": "Scacchi per cadaveri illimitati",
	"Jump_Mask_Off_title": "Consenti salto senza la maschera",
	"Fast_Mask_title": "Indossa la maschera rapidamente",
	"Infinite_Hostage_Follow_title": "Numero infinito di ostaggi che ti seguono",
	"Interaction_CoolDown_title": "Nessun attesa (cooldown) nelle interazioni",
	"Sixth_Sense_Reset_title": "Sesto Senso",
	"Sixth_Sense_Reset_desc": "Resetta unicamente quando ti muovi",
	"Bag_CoolDown_title": "Nessuna attesa per le borse",
	"Camera_Bag_Explosion_Multiplier_title": "Moltiplicatore per le borse di esplosivi",
	"Camera_Bag_Explosion_Multiplier_desc": "Vuoi abilitare il moltiplicatore per le borse di esplosivi?",
	"Camera_Bag_Explosion_Multiplier_Amount_title": "Ammontare del moltiplicatore",
	"Camera_Bag_Explosion_Multiplier_Amount_desc": "Standard 4",
	"Explosion_Buff_title": "Potenzia il danno di tutte le esplosioni",
	"Explosion_Buff_Amount_title": "Ammontare del danno di tutte le esplosioni",
	"Lowered_Headbob_title": "Testata ridotta",
	"Toggle_Interact_title": "Interazione Attiva/Disattiva",
	"Toggle_Interact_desc": "vuoi abilitare la tipologia di interazione Attiva/Disattiva?",
	"Grenade_Restrict_title": "Limita granate nello stealth",
	"Pager_Mod_title": "Aumenta il conteggio dei cercapersone",
	"Zipline_Drop_title": "Lascia le borse che stai trasportando quando su una teleferica",
	"Classic_Open_Door_title": "Opzione classica di 'apri tutte le porte'",
	"Classic_Open_Door_desc": "L'opzione classica di 'apri tutte le porte' potrebbe non funzionare ovunque ma è maggiormente limitata a porte specifiche",
	"New_Open_Door_title": "Nuova opzione 'apri tutte le porte'",
	"New_Open_Door_desc": "La nuova opzione 'apri tutte le porte' apre tutte le porte scassinabili, la casseforti, i box di deposito, ECC. Ciò che l'opzione classica non può fare",
	"Anti_Cheat_Disable_title": "Disabilita Anti-Cheat",
	"Anti_Cheat_Disable_desc": "Ti permette di generare borse e molto altro",
	"Secure_BodyBags_title": "Permette di consegnare le borse per cadaveri in cambio di soldi",
	"Secure_BodyBags_Loot_Value_title": "Ammontare del valore in soldi",
	"Secure_BodyBags_Loot_Value_desc": "Ammontare del valore di denaro per la consegna di borse per cadaveri",
	"No_Job_Heat_title": "Disabilità la penalità per i lavori ripetuti",
	"Job_Heat_Amount_title": "imposta il bonus per i lavori caldi",
	"Job_Heat_Amount_desc": "Standard 1.15 = 15%",
	"XP_Multiplier_title": "moltiplicatore XP",
	"XP_Multiplier_Amount_title": "Ammontare del moltiplicatore XP",
	"othermenu_function": "Altro",
	"Rats_Message_title": "Assistente Metanfetamina",
	"Rats_Message_desc": "Mostra gli elementi chimici corretti in chat",
	"Delay_title": "Ritardo tra gli ingredienti",
	"CookMeth_function": "Funzioni di cucina della metanfetamina",
	"troll_alarm": "Hotline della polizia",
	"alarm_crim": "Reporta un Criminale",
	"alarm_gun": "Reporta Colpi Sparati",
	"alarm_exp": "Reporta Esplosione",
	"alarm_mon": "Reporta un MOSTRO!",
	"delete_units": "Cancella tutte le unità sincronizzate dalla mappa",
	"mute_ply": "Mutalo",
	"kick_all": "Espelli tutti",
	"crash_game": "Fai crashare il suo gioco",
	"Bullet_Penetration_func": "Proiettili penetrativi su tutte le armi",
	"Bullet_Penetration_Shield_title": "Spara attraverso gli scudi",
	"Bullet_Penetration_Enemy_title": "Spara attraverso i nemici",
	"Bullet_Penetration_Wall_title": "Spara attraverso i muri",
	"Skip_End_Screen_title": "Ti permette di saltare la schermata di fine partita",
	"other_menus": "Altri Menu",
	"Bag_mod_toggle": "Mod per le borse",
	"change_statistic": "Modificatore delle statistiche",
	"p3dtext_language_title": "Lingua",
	"dlc_title": "Sblocca DLC [Cheater tag]",
	"skin_title": "Sblocca Skin",
	"skin_armor_title": "Sblocca Skin armatura",
	"noclip_title": "NoClip MOD",
	"rave_title": "Ostaggi deliranti",
	"rave_desc": "Vuoi rendere gli ostaggi più veloci?",
	"antistop_title": "Anti-SlowMotion",
	"antistop_desc": "Abilita se non vuoi soffrire avendo dei tag",
	"antistop_info_title": "Chi lo ha fatto?",
	"antistop_info_desc": "Abilita se vuoi conoscere chi ti ha rallentato. Lo spam è possibile",
	"slow_attention": "Attenzione!",
	"slow_you": "ha porvato a rallentarti",
	"change_statistic_total_kills_title": "Numero di kill totali",
	"change_statistic_specials_kills_title": "Numero di kill speciali",
	"change_statistic_head_shots_Amount_title": "Numero di head shot",
	"change_statistic_accuracy_Amount_title": "Percentuale di accuratezza",
	"change_statistic_downs_Amount_title": "Numero di volte a terra",
	"Language_text": "Localizzazione",
	"antistopthecheater_function": "Anti-Stop The Cheater",
	"Main_function": "Funzioni principali",
	"Free_function": "Acquisto gratuito",
	"locator_function": "Localizzatore",
	"Keyboard_Auto_Config": "Lancia automaticamente la configurazione dei tasti",
	"Auto_func": "Abilità automatico",
	"change_statistic_function": "Cambia statistiche",
	"text_in_game_title": "Testo nel Menu Principale",
	"text_in_game_desc": "Vuoi rimuovere il testo dal Menu Principale?",
	"Favors_title": "Punti pianificazione",
	"Free_Assets_title": "Acquista asset gratuiti",
	"Free_Casino_title": "Acquisti gratuiti casino",
	"Free_Contracts_title": "Acquisto gratuito contratti",
	"Free_Masks_title": "Acquisto gratuito maschere",
	"Free_PrePlanning_title": "Acquisto gratuito pre-pianificazione",
	"Free_Slots_title": "Slot gratuiti per armi e maschere",
	"Free_Weapons_title": "Acquisto gratuito armi",
	"Free_Weapon_Mods_title": "Acquisto gratuito mod armi",
	"Jumper_set_title": "Altezza salto",
	"No_FlashBang_title": "No FlashBang",
	"No_Recoil_title": "No Rinculo",
	"No_Spread_title": "No Spread",
	"Infinite_Stamina_title": "Stamina infinita",
	"Dropin_Pause_Remove_title": "Rimuove pausa ingresso nuovo giocatore",
	"Auto_Pick_Card_title": "Raccogli automaticamente le card",
	"X_Ray_title": "X-Ray",
	"X_Ray_desc": "Default X",
	"Full_Replenish_title": "Recupero completo",
	"Full_Replenish_desc": "Default Z",
	"Ammo_Replenish_title": "Recupero munizioni",
	"Ammo_Replenish_desc": "Default  C",
	"Vehicle_Spawn_title": "Genera veicolo",
	"Vehicle_Spawn_desc": "Default V",
	"Grenade_Spawn_title": "Genera granate",
	"Grenade_Spawn_desc": "Default B",
	"Grenade_Spawn_Type_title": "Tipo di granate da generare",
	"Grenade_Spawn_Type_desc": "Seleziona un tipo di granate",
	"Hud_Toggle_title": "Disabilita HUD",
	"Hud_Toggle_desc": "Default F10",
	"Gage_Package_title": "Genera pacchetti Gage",
	"Gage_Package_desc": "Default \\",
	"Restart_Job_title": "Riavvia partita",
	"Restart_Job": "Default Num /",
	"Ultimate_Kill_title": "Uccidi tutti",
	"Ultimate_Kill_desc": "Default Num *",
	"Auto_Drill_Service_desc": "Riavvia trapani in automatico in caso di danni",
	"Carry_Mod_desc": "Rimuove il peso di tutte le borse e le proprietà esplosive delle borse di munizioni",
	"Interact_Distance_Amount_title": "Ammontare della distanza di interazione",
	"Instant_Interact_With_Anything_desc": "Ad esempio, per barricare le fineste, o aggiungere ingredienti per cucinare la metanfetamina",
	"Weapon_Damage_Multiplier_Amount_title": "Ammontare del moltiplicatore per il danno delle armi",
	"Weapon_Fire_Rate_Multiplier_title": "Potenzia rateo di fuoco",
	"waypoints_showDistance": "Mostra distanza",
	"waypoints_showDistance_desc": "Mostra la distanza dal waypoint per ogni waypoint.",
	"waypoints_showGagePickups": "Mostra collezionabili Gage ",
	"waypoints_showGagePickups_desc": "Mostra collezionabili Gage sulla mamma.",
	"waypoints_showPlanks": "Mostra assi di legno",
	"waypoints_showPlanks_desc": "Mostra assi di legno sulla mappa.",
	"waypoints_showSmallLoot": "Mostra tutti i piccoli loot",
	"waypoints_showSmallLoot_desc": "Mostra raccoglibili, come le mazzette di soldi o i pezzi di gioielleria.",
	"waypoints_showCrates": "Mostra casse",
	"waypoints_showCrates_desc": "Mostra casse apribili, come quelle presenti in 'Giorno dell'elezione'.",
	"waypoints_showDoors": "Mostra porte",
	"waypoints_showDoors_desc": "Mostra il sibolo del catenaccio sulle porte che richiedono una keycard o ECM per essere aperte.",
	"waypoints_showCameraComputers": "mostra il computer delle telecamere",
	"waypoints_showCameraComputers_desc": "Mostra sulla mappa la posizione del computer per osservare le telecamere.",
	"waypoints_showDrills": "Mostra la posizione dei trapani",
	"waypoints_showDrills_desc": "Mostra dove puoi posizionare un trapano (piccolo).",
	"waypoints_showThermite": "Mostra Termite",
	"waypoints_showThermite_desc": "Mostra i punti di raccolta della termite e dove utilizzarla.",
	"waypoints_showSewerManhole": "mostra i tombini per l'accesso alle fogne",
	"waypoints_showSewerManhole_desc": "Mostra la posizione dei tombini per l'accesso alle fogne.",
	"waypoints_showHUDMessages": "Mostra messaggi HUD",
	"waypoints_showHUDMessages_desc": "Mostra varie informazioni sull'HUD relative ai waypoint.",
	"waypoints_makeNoise": "Fai rumore",
	"waypoints_makeNoise_desc": "Esegue un rumore quando lo script è attivo.",
	"waypoints_iterativeToggle": "Switch iterativo",
	"waypoints_iterativeToggle_desc": "Se attivo significa che ogni volta che viene avviato uno script viene cercato il prossimo waypoint disponibile.\nSe non attivo vengono mostrati tutti i waypoint contemporaneamente.",
	"waypoints_sheaterNewb": "Condivisione waypoint",
	"waypoints_sheaterNewb_desc": "Abilitare questa opzione permette di condividere informazioni con gli altri giocatori, come la posizione delle capre o delle macchine elettorali.",
	"main_menu_p3dhack": "Menu Principale",
	"main_menu_help_p3dhack": "Apri il Menu Principale",
	"previous_menu_p3dhack": "Menu precedente",
	"previous_menu_help_p3dhack": "Apre il menu aperto in precedenza",
	"next_menu_p3dhack": "Prossima pagina",
	"next_menu_help_p3dhack": "Apre la prossima pagina del menu attualmente aperto",
	"prew_menu_p3dhack": "Pagina precedente",
	"prew_menu_help_p3dhack": "Apre la pagina precedente del menu attualmente aperto",
	"close_menu_p3dhack": "Chiudi Menu",
	"close_menu_help_p3dhack": "Chiude il menu",
	"global_host": "SOLO HOST",
	"global_host_": "Non disponibile (Solo Host)",
	"str_on": "Abilitato",
	"str_off": "Disabilitato",
	"global_p3dhack": "P3DHack",
	"global_premium": "SOLO Premium",
	"mouse_teleport": "Teleportato",
	"num_jump": "Salto alto",
	"num_kill": "Tutti morti",
	"num_pg_answer": "CERCAPERSONE RISPOSTI",
	"main_menu_f1": "Menu del giocatore",
	"fast_f1": "SWITCH RAPIDI DEL GIOCATORE",
	"godmode": "God Mode",
	"godmode_help": "Diventa Invincibile",
	"friendfire": "Fuoco amico",
	"friendfire_help": "Abilita fuoco amico",
	"modif_f1": "SWITCH DEL GIOCATORE",
	"drillservice": "Servizio Auto-Drill",
	"drillservice_help": "Riabilita automaticamente tutti i trapani quando sotto effetto del jammer",
	"carrymod": "Carry Mod",
	"carrymod_help": "Rimuove in peso di tutte le borse e le proprietà esplosive delle sacche di munizioni",
	"carrycross": "Carry Crosshair Mod",
	"carrycross_help": "Genera le borse trasportare al punto indicato dal miniro, da abilità prima questo se vuoi utilizzare la mod CarryStacker",
	"spooccuffselfon": "I cloaker arrestano il giocatore",
	"spooccuffselfon_help": "I cloaker possono solo arrestarti invece di atterrarti",
	"infammobag": "Usi infiniti delle sacche di munizioni",
	"infammobag_full_": "Usi infiniti delle sacche di munizioni",
	"InfiniteSpecial_": "Oggetti speciali infiniti",
	"InfiniteSpecial_help": "oggetti speciali infiniti come lacci per legare i civili, assi di legno, ecc.",
	"inf_converts": "Conversioni infinite",
	"carrystack": "Carry Stacker",
	"carrystack_help": "Ti segnala con il tag di cheater se non sei l'host",
	"carrylimit": "Peso limite per il Carry Stacker",
	"carrylimit_help": "Modificatore del peso per il CarryStacker, piu borse trasporti maggiore è il tuo peso",
	"infdocbag": "Usi infiniti del Kit Medico",
	"infdocbag_full": "Usi infiniti del Kit Medico",
	"inf_ecm": "Uso infinito dei jammer ECM",
	"infmessiah": "Cariche infinite per l'abilità Messia",
	"inf_pager_answers": "Risposte al cercapersone infinite",
	"instantdom": "Dominazione istantanea",
	"instantdrill": "Trapano/Computer instantaneo",
	"instantdrill_help": "Può essere attivato dopo che un trapano/i è stato posizionato o un computer è stato attivato",
	"intdist": "Aumenta la distanza di interazione",
	"instantinteract": "Interazione istantanea",
	"instantinteract_help": "Include risposte istantanee al cercapersone",
	"interactanyhting": "Interagisci con qualunque cosa",
	"interactwall": "Interagisci attraverso i muri",
	"nohitdis": "Nessun disorientamento da colpo",
	"smlootmulti": "Moltiplicatore piccolo loot",
	"smlootmulti_help": "Moltiplicato di 3x, massimale loot pari a $2,800,000",
	"ZiplineBag": "Trasporto teleferica",
	"ZiplineBag_help": "Ti permette di trasportare borse su tutte le teleferiche",
	"infsentry": "Munizioni infinite per le torrette",
	"godsentry": "God Mode per le torrette",
	"BulletExplode": "Proiettili esplosivi",
	"BulletFire": "Proiettili infuocati",
	"damagebuff": "Buff al danno",
	"fireratebuff": "Rateo di fuoco folle",
	"infammo": "Munizioni infinite",
	"main_menu_f3": "Menu Stealth",
	"mind_enemies_menu": "Controllo mentale nemici",
	"mind_civs_menu": "Controllo mentale civili",
	"pigsfly": "Maiali volanti",
	"copsquit": "Poliziotti rinunciatari",
	"drunkpigs": "Maiali ubriachi",
	"civdance": "Marionette danzanti",
	"civsmoke": "Il fumo uccide",
	"civcower": "Copertura di pecore",
	"phonycivs": "Phony Yuppies",
	"main_menu_f3_1": "SWITCH & OPZIONI",
	"cops_dont_shoot": "I poliziotti non sparano",
	"cops_dont_shoot_help": "I poliziotti non sparano te",
	"disable_cams": "Disabilita telecamere",
	"disable_pagers": "Disabilita cercapersone",
	"free_kill": "Uccidi liberamente i civili",
	"pagedom": "Nessun cercapersone sui nemici dominati",
	"pagedom_help": "Se si utilizza la dominazione istantaneo questa opzione DEVE essere attivata per prima se si vuole che entrambe funzionino",
	"prevent_panic_buttons": "No Panic Button/Intel Burn",
	"people_dont_call_police": "Le persone non chiamano la polizia",
	"lobai": "Lobotomizza l'IA",
	"randompage": "Cercapersone randomici",
	"randompage_help": "Abilita cercapersone randomici",
	"steal_pagers_on_melee": "Ruba cercapersone",
	"steal_pagers_on_melee_help": "Disabilita cercapersone quando colpisci una guardia corpo a corpo",
	"convertall": "Converte tutti i nemici",
	"convertall_full": "Tutti i nemici convertiti",
	"remote_camera": "Accesso remoto alle telecamere",
	"main_menu_f4": "Menu di manipolazione delle missioni",
	"bettyboom": "Mod Betty Boom",
	"bettyboom_full": "BOUNCING BETTY BOOM",
	"bettyboom_help": "Fa esplodere l'IA dopo la morte",
	"dirtymoney": "Droppa denaro sporco",
	"dirtymoney_help": "Droppa 2 borse di oro dopo la morte dell'IA",
	"autocook": "Rats Auto-Cooker",
	"autocook_full": "AUTO-COOKER",
	"autocook_help": "Automatizza la cucina in 'Rats - Day 1' e 'Cook Off', devi comunque possedere gli agenti chimici per continuare a cucinare",
	"m_info": "OPZIONI",
	"civil": "Allerta i civili",
	"civil_help": "Intimidisci tutti i civili, premilo più volte per farli abbassare al pavimento",
	"instaboardst": "Sbarra tutte le finestre",
	"instaboardst_help": "Sbarra tutte le finestre disponibili",
	"cutglass": "Tagli tutti i vetri",
	"heistintel": "Droppa l'intel nella rapina al treno",
	"heistintel_help": "Può essere droppato solamente nelle rapine di trasporto",
	"heistintel_only": "Solo rapine di trasporto",
	"getpatht": "Ottieni gli oggwtti/Continua la missione",
	"getpatht_help": "Devi abilitare il CarryStacker, raccogli tutti gli oggetti necessari per continuare la missione",
	"grabcourier": "Raccogli tutti i pacchetti Gage",
	"grabcourier_help": "Raccogli tutti i pacchetti Gage disponibili",
	"grabgear": "Raccogli equipaggiamento",
	"grabgear_help": "Premi due volte per raccogliere l'equipaggiamento",
	"grabgear_only": "Solo in Golden Grin Casino",
	"anticheat_info": "SWITCH ANTI-CHEAT",
	"anticheat": "Disabilita Anti-Cheat",
	"anticheat_help": "Abilita o disabilita l'Anti-Cheats per l'Host ed il Client",
	"InstantHackAll": "Hackera tutti i dispositivi elettronici",
	"InstantHackAll_help": "Hackera i computer, i keypads, i telefoni o i box elettrivi disponibili",
	"GrabDiamond": "Raccogli istantaneamenti i diamanti",
	"GrabDiamond_help": "Premi due volte per raccogliere il diamante",
	"instanthackmachines": "Hackeraggio ed apertura istantanea delle macchine elettorali",
	"instanthackmachines_only": "Solo 'Election Day Warehouse'",
	"opencrate": "Apri tutte le casse",
	"opencrate_help": "Puoi anche chiudere tutte le casse disponibili",
	"bankbuster": "Apre tutte le cassette di deposito",
	"picklockst": "Apre tutte le porte e le fineste",
	"picklockst_help": "Questo non permette di aprire le porte della sicurezza",
	"picklockst1": "Apre tutti gli elementi scassinabili",
	"picklockst1_help": "Apre tutti fli elementi scassinabili, incluse le cassette di deposito, ma non le porte della sicurezza",
	"c4open": "Apre tutte le porte e le casseforti con il C4",
	"jobwin_jobloss": "OPZIONI VITTORIA/SCONFITTTA",
	"jobloss": "Sconfitta istantanea",
	"jobwin": "Vittoria istantanea",
	"ecmopen": "Apre tutte le porte con ECM",
	"usekeycardt": "Apre tutte le porte con chiavi magnetiche",
	"usekeycardt_help": "Apre qualunque porta che utilizza chiavi magnetiche, incluse le porte della sicurezza",
	"xmaspresent": "Apre tutti i regali",
	"xmasflare": "Piazza/accendi bengala",
	"DrillAll": "Avvia/Riavvia Trapano(i)",
	"DrillAll_help": "Avvia or riavvia tutti i trapani disponibili",
	"takeintel": "Raccogli tutti gli intel/informazioni",
	"takeintel_help": "Clicca due volte per gli intel (le informazioni) nelle casseforti",
	"instanttie": "Lega tutti i civili",
	"instanttie_help": "Devi allertare tutti i civili prima di poterlo utilizzare",
	"heistintel_info": "Gli intel della rapina al treno sono stati droppati",
	"civilsdown_info": "Tutti i civili spaventati/atterrati",
	"c4open_info": "Tutte le porte esplose con C4",
	"grabgear_info": "Equipaggiamento raccolto",
	"xmasflare_info": "Bengala piazzato/acceso",
	"xmaspresent_info": "Tutti i regali aperti",
	"ecmopen_info": "Tutte le porte della sicurezza aperte con ECM",
	"getpatht_info": "Oggetto della missione acquisito",
	"grabcourier_info": "Tutti i pacchetti Gage raccolti",
	"takeintel_info": "Tutti gli intel messi al sicuro",
	"takeintel1_info": "INTEL/INFORMAZIONI",
	"InstantHackAll_info": "Tutti i le box elettriche e dei circuiti aperte ed hackerate",
	"cutglass_info": "Tutti i vetri tagliati",
	"instanthackmachines_info": "Tutte le macchine elettoriali aperte ed hackerate",
	"instanttie_info": "Tutti i civili legati",
	"usekeycardt_info": "Porte aperte con le chiavi magnetiche",
	"opencrate_info": "Tutte le casse aperte",
	"GrabDiamond_info": "Diamante acquisito",
	"picklockst_info": "Tutte le finestre e le porte aperte",
	"picklockst1_info": "Tutti gli elementi scassinabili aperti",
	"bankbuster_info": "Tutte le cassette di deposito aperte",
	"DrillAll_info": "Trapano(i) Piazzati/Riavviati",
	"instaboardst_info": "Tutte le finestre sbarrate",
	"main_menu_f5": "Menu inventario",
	"main_menu_f5_text1": "Menu di aggiunta oggetti - Seleziona un oggetto",
	"main_menu_f5_text2": "Menu borse loot - Seleziona borsa",
	"main_menu_f5_text3": "menu borse equipaggimaneto - Seleziona borsa",
	"main_menu_f5_text4": "Menu 'Big Oil Engine' - Seleziona il reattore",
	"add_items_menu": "Menu aggiunta oggetti all'inventario",
	"fugas_f5": "BOSSOLI ESPLOSIVI",
	"spawn_f5": "MENU GENERAZIONE BORSE",
	"engine_menu": "Menu 'Big Oil Engine' (reattori)",
	"equipment_menu_f5": "Menu borse equipagimaneto",
	"loot_menu_f5": "Menu borse loot",
	"main_menu_f5_text5": "OPZIONI DI GENERAZIONE",
	"main_menu_f5_text6": "Dai la borsa a te stesso",
	"main_menu_f5_text7": "Pioggia di borse",
	"main_menu_f5_text7_help": "Non spammare, causera un crash",
	"main_menu_f5_text8": "Genera sul mirino",
	"main_menu_f5_text12": "OPZIONI BORSE",
	"main_menu_f5_text9": "Metti tutti i cadaveri in una borsa",
	"main_menu_f5_text9_help": "Mette solo i cadaveri nelle borse",
	"main_menu_f5_text10": "Bossoli esplosivi",
	"main_menu_f5_text10_help": "Rende le borse di munizioni nuovamente esplosive",
	"main_menu_f5_text11": "Raccogli tutte le borse",
	"main_menu_f5_text11_help": "CarryStacker deve essere abilitato o le borse spariranno",
	"main_f5_text": "OGGETTI GENERICI",
	"cable_tie": "Fascette",
	"organs": "Organi",
	"add_items_menu_f5": "ELEMENTI CHIMICI PER RATS/HOTLINE MIAMI",
	"add_items_menu_f5_": "CODICI A BARRE PER HOTLINE MIAMI",
	"add_items_menu_f5__": "OGGETTI HOXTON BREAKOUT",
	"add_items_menu_f5___": "OGGETTI GOLDEN GRIN CASINO",
	"main_menu_f6": "Menu dei soldi",
	"main_menu_f6_text1": "Super Loot Giver 69000",
	"main_menu_f6_text2": "OPZIONI/MENU CONSEGNA",
	"takeloot": "Metti tutto il loot nelle borse",
	"takeloot_help": "Devi abilitare CarryStacker, se 'White Xmas' premi due volte",
	"InteractType": "Raccoglie tutti i piccoli loot",
	"OpenAtm": "Apre tutti gli ATM & raccogli il contenuto",
	"OpenAllLoot": "Apre tutti gli ATM, le casseforti ed i registratori di cassa",
	"main_menu_f6_text3": "Menu consegna loot",
	"securesmloot": "Metti in sicurezza i piccoli loot",
	"main_menu_f6_text4": "Tutto il loot raccolto",
	"main_menu_f6_text5": "Piccolo loot messo al sicuto",
	"main_menu_f7": "Menu timer di interazione",
	"main_menu_f7_text1": "OPZIONI DEL TIMER DI INTERAZIONE (RIDUCE IL TIMER A 3 SECONDI)",
	"InteractDrillJam": "Migliora il timer del trapano",
	"InteractECMJam": "Timer apertura ECM",
	"InteractPager": "Timer risposta cercapersone",
	"InteractPickLock": "Timer scassinamento",
	"InteractRevive": "Tempo per rialzare un giocatore",
	"main_menu_f8": "Troll Menu",
	"main_menu_f8_text1": "Troll gli altri giocatori - Seleziona una opzione",
	"main_menu_f8_text2": "Trolla te stesso - Seleziona una opzione",
	"main_menu_f8_player": "Trolla ",
	"main_menu_f8_text3": "TROLL MENU DEL GIOCATORE",
	"main_menu_f8_text4": "Trolla gli altri giocatori",
	"main_menu_f8_text5": "OPZIONI TROLL DEL TEAM",
	"syncbleedall": "Fai sanguinare tutti i giocatori",
	"synccuffall": "Ammanetta tutti i giocatori",
	"syncincaall": "Atterra tutti i giocatori",
	"synctaseall": "Elettrifica tutti i giocatori",
	"main_menu_f8_text6": "TROLLA SINGOLI GIOCATORI",
	"main_menu_f8_text7": "Altro",
	"releaseteam": "Rilascia tutti i giocatori dalla prigione",
	"p3d_set_team_in_custody": "Manda tutti i giocatori in prigione",
	"main_menu_f8_text8": "Trolla te stesso",
	"main_menu_f8_text9": "OPZIONI STATO PERSONALE",
	"stateblood": "Sanguina",
	"statecuffs": "Ammanettato",
	"stateinca_me": "Atterrato",
	"stateinca": "Atterra",
	"statetased": "Elettrifica",
	"p3d_release_local_player_from_custody": "Rilascia me stesso dalla prigione",
	"p3d_set_local_player_in_custody": "Mandami in prigione",
	"main_menu_f8_text11": "OPZIONI STATO GIOCATORE",
	"main_menu_f8_text12": "OPZIONI PRIGIONE/TELETRASPORTO",
	"p3d_release_player_from_custody": "Rilascia dalla prigione",
	"p3d_send_peer_to_custody": "manda in prigione",
	"p3d_teleport_local_to_peer": "Teletrasporta al giocatore",
	"syncforceengine": "Forza Carry Engine",
	"main_menu_f8_text13": "OPZIONI",
	"depositfill": "Riempi le cassette di deposito",
	"depositfill_help": "RIEPI LE CASSETTE DI deposito CON ORO E DENARO, NON FUNZIONA CON TUTTI I LIVELLI",
	"openvault": "Apri le porte del caveau",
	"openvault_help": "APRE LE PORTE DEL CAVEAU; NON FUNZIONA CON TUTTI I LIVELLI E POTREBBE GENERARE EFFETTI COLLATERALI",
	"overdrill": "Attiva la porta del caveau dell'Overdrill",
	"overdrill_help": "ATTIVA LE PORTE DEL CAVEAU DELL'OVERDRILL",
	"main_menu_f8_text14": "Porta del caveau aperta",
	"main_menu_f8_text15": "Cassette di deposito riempite",
	"main_menu_f8_text16": "Restare",
	"p3d_change_statistics": "Cambia statistiche",
	"p3d_spawn_dozer_on_death": "I poliziotti morti si trasformano in bulldozer",
	"p3d_replace_everyone_with_dozers": "Sostituisce tutti i poliziotti con bulldozer",
	"p3d_team_godmode": "Abilita god mode per il tuo team",
	"p3d_invisible_player": "Invisibilità",
	"p3d_pregame_menu_title": "Pre-Game Menu",
	"p3d_infamy_menu_title": "Menu infame",
	"p3d_inventory_menu_title": "Menu inventario",
	"clear_inventory_menu": "Ripulisci menu inventario",
	"add_inventory_menu": "Aggiungi al menu inventario",
	"level_menu": "Menu livello",
	"money_menu": "Menu contanti",
	"skill_menu": "Menu abilità",
	"perk_menu": "Menu specializzazioni",
	"add_achieve_menu": "Menu aggiunta achievement",
	"rem_achieve_menu": "Menu rimozione achievement",
	"continental_coins_menu": "Monete continentali",
	"main_menu_f10_text1": "MENU",
	"main_menu_f10_text4": "OPZIONI LIVELLO INFAME",
	"main_menu_f10_text5": "Menu punti infame",
	"main_menu_f10_text8": "OPZIONI PUNTI INFAME",
	"main_menu_f10_text9": "Menu inventario",
	"un1": "Sblocca opzioni",
	"un2": "Sblocca tutti gli oggetti",
	"un3": "Sblocca tutti gli slot",
	"un4": "Sblocca colori",
	"un5": "Sblocca maschere",
	"un6": "Sblocca materiali",
	"un7": "Sblocca texture",
	"un8": "Sblocca armi",
	"un9": "Sblocca trofei",
	"un10": "Altro",
	"un11": "Rimuvi marchio (punto esclamativo) per i nuovi oggetti",
	"un12": "Sblocca opzioni (Dlc)",
	"un13": "Sblocca mod armi",
	"del1": "ELIMINA SLOT INDIVIDUALI",
	"del2": "Elimina tutti gli slot maschera",
	"del3": "Elimina tutti gli slot arma primaria",
	"del4": "Elimina tutti gli slot arma secondaria",
	"del5": "ELIMINA O BLOCCA TUTTI GLI SLOT E OGGETTI",
	"del6": "ELIMINA TUTTI GLI OGGETTI",
	"del7": "ELIMINA TUTTI GLI SLOT",
	"del8": "Blocca tutti gli oggetti",
	"del9": "ELIMINA OGGETTI INDIVIDUALI",
	"del10": "Elimina tutti i colori",
	"del11": "Elimina tutte le maschere",
	"del12": "Elimina tutti i materiali",
	"del13": "Elimina tutti i pattern",
	"del14": "Elimina tutte le mod arma",
	"add_item1": "AGGIUNGI 1 PER OGNI OGGETTO",
	"add_item2": "Aggiungi 1 di tutti i colori",
	"add_item3": "Aggiungi 1 di ogni cosa",
	"add_item4": "Aggiungi 1 di ogni maschera",
	"add_item5": "Aggiungi 1 di ogni materiale",
	"add_item6": "Aggiungi 1 di ogni pattern",
	"add_item7": "Aggiungi 1 di ogni mod arma",
	"add_item8": "AGGIUNGI 5 PER OGNI OGGETTO",
	"add_item9": "Aggiungi 5 di tutti i colori",
	"add_item10": "Aggiungi 5 di ogni cosa",
	"add_item11": "Aggiungi 5 di ogni maschera",
	"add_item12": "Aggiungi 5 di ogni materiale",
	"add_item13": "Aggiungi 5 di ogni pattern",
	"add_item14": "Aggiungi 5 di ogni mod arma",
	"add_money": "Contanti",
	"add_money1": "OPZIONI RESET CONTANTI",
	"add_money2": "Reset contanti",
	"add_money3": "AGGIUGNI CONTANTI",
	"add_money4": "Aggiungi 1 Milioni contanti + 4 Milioni conto estero",
	"add_money5": "Aggiungi 10 Milioni contanti + 40 Milioni conto estero",
	"add_money6": "Aggiungi 100 Milioni contanti + 400 Milioni conto estero",
	"add_money7": "Aggiungi 1 Miliardo contanti + 4 Miliardi conto estero",
	"add_money8": "Aggiungi 1 Milioni contanti",
	"add_money9": "Aggiungi 10 Milioni contanti",
	"add_money10": "Aggiungi 100 Milioni contanti",
	"add_money11": "Aggiungi 1 Miliardo contanti",
	"add_skill1": "ABILITA'",
	"add_skill4": "OPZIONI PUNTI ABILITA'",
	"add_perk": "OPZIONI SPECIALIZZAZIONI",
	"add_perk1": "Resetta punti specializzazione",
	"add_perk2": "Sblocca tutte le specializzazioni",
	"add_perk3": "OPZIONI PUNTI SPECIALIZZAZIONE",
	"add_achievement": "OPZIONI ACHIEVMENT",
	"add_achievement2": "Aggiungi singoli achievement",
	"add_achievement3": "Rimuovi singoli achievement",
	"add_achievement4": "Blocca tutti gli achievement",
	"add_achievement5": "Sblocca tutti gli achievement",
	"ai_menu3": "L'IA dei clocker punta solo sull'arresto",
	"text_f10_1": "Menu lavori",
	"text_f10_4": "OPZIONI PRE-GAME",
	"dontwait": "Forza avvio",
	"dontwait_help": "Forza avvio del gioco, previene le attese",
	"getemall": "Sblocca tutti gli asset",
	"text_f10_5": "OPZIONI IN-GAME",
	"text_f10_12": "Consegna le borse con cadaveri per soldi",
	"text_f10_13": "Cambia interazione",
	"text_f10_3с_1": "Restrizioni granate",
	"text_f10_3с_1_help": "Non permette il lancio delle granate quando in stealth",
	"text_f10_3с_2": "Nessun timer per la fuga",
	"text_f10_3с_6": "Pagers Mod",
	"text_f10_3с_6_help": "Aumenta il numero di cercapersone",
	"text_f10_3с_10": "XP Multiplier",
	"text_f10_3с_10_help": "Moltiplica XP ottenuta di 2x, da abilitare per ogni mappa in cui si vuole attivare",
	"text_f10_3с_11": "HUD ABILITATO",
	"main_menu_num": "Menu Spawn",
	"spawn_menu": "Spawna nemici/alleati",
	"spawn_on_self_unt": "Spawna unità",
	"spawn_on_self_spec_unt": "Spawna unità speciali",
	"spawn_on_self_gensec_unt": "Spawna unità Gensec elite",
	"spawn_on_self_unt_frnd": "Spawna alleati",
	"spawn_on_self_spec_unt_frnd": "Spawn alleati speciali",
	"spawn_on_self_gensec_unt_frnd": "Spawna unità Gensec elite alleate",
	"spawn_frnd": "Spawna civili",
	"spawn_band": "Spawna banditi",
	"spawn_equipment": "Spawna equipaggiamento sul mirino",
	"spawn_lootmode": "Spawna loot / oggetti / veicoli sul mirino",
	"spawn_menu_1_1": "Nemici ed alleati",
	"spawn_menu_1_2": "Solo dove possibile",
	"spawn_menu_bandit": "Banditi",
	"FR_1": "Civili",
	"FRFR1": "GENSEC Elite",
	"FRFR4": "LMG Bulldozer",
	"FRP1": "Shield",
	"FRP3": "Cloaker",
	"FRP4": "Sniper",
	"FRP6": "Taser",
	"FRP7": "Bulldozer",
	"FR0": "Poliziotto",
	"FR4": "Forze speciali",
	"FR6": "Forze speciali corazzate",
	"FR7": "FBI",
	"FR9": "FBI corattato",
	"FR10": "Security guard"
}