{
	"antistop_back": "Spatný efekt",
	"antistop_back_desc": "Prineste efekt spät svojmu nepriatelovi",
	"Mission_triggers": "Spústace misií",
	"Trolling_triggers": "Troll spústace",
	"Spawn_triggers": "Spawnút spústace",
	"Experimental_triggers": "Experimentálne spústace",
	"AiGlobalEvent": "Globálne podujatie Ai",
	"AreaTrigger": "Area Trigger",
	"LaserTrigger": "Laserové spústace",
	"MissionFilter": "Filter misií",
	"WhisperState": "Sepot",
	"SpecialObjective": "Osobitný ciel",
	"SpecialObjectiveTrigger": "Spústac speciálnych cielov",
	"PlayerSpawner": "Hracsky spawner",
	"PointOfNoReturn": "Bod od ziadneho návratu",
	"SpawnGrenade": "Spawnut granát",
	"SpawnCivilianGroup": "Spawnut skupinku civilistov",
	"SpawnCivilian": "Spawnut civilistu",
	"Filter": "Filter",
	"EnemyDummyTrigger": "Enemy Dummy Trigger",
	"AssetTrigger": "Spústac aktivity",
	"PrePlanning": "Predbezné plánovanie",
	"SpawnDeployable": "Rozmiestnitelné",
	"TeammateComment": "Komentár spoluhrácov",
	"Dialogue": "Dialóg",
	"menu_f11_main_menu": "Menu pomocníka",
	"menu_f11_cheater_tag_menu_text": "Vsetko o oznacení CHEATER",
	"menu_f11_cheater_tag_menu_text1": "Oznacenie CHEATER",
	"menu_f11_cheater_tag_menu_text2": "Ziadne oznacenie CHEATER",
	"menu_f11_cheater_tag_menu_DLC": "DLC odomykac",
	"menu_f11_cheater_tag_menu_DLC_1": "Vyuzitie zmluvy z nekúpeného DLC",
	"menu_f11_cheater_tag_menu_DLC_2": "Úprava masky",
	"menu_f11_cheater_tag_menu_DLC_3": "Úprava zbraní",
	"menu_f11_cheater_teg_menu_Skin_1": "Co je len kvôli obrovskému pohodliu, ked sú zbranové módy oznacené ako nedosiahnutelné",
	"menu_f11_cheater_teg_menu_levle_1": "Získanie INFAME úrovne bez jedinej lúpeze dokoncenej",
	"menu_f11_cheater_teg_menu_levle_2": "Získanie INFAME úrovne bez získania úrovne 100",
	"menu_f11_cheater_teg_menu_levle_3": "Preskocenie dalsej úrovne INFAME ako od 1 do 3",
	"heist_menu": "Informacie o lúpezi",
	"menu_f11_cheater_teg_menu_heist_1": "Pouzívanie kontraktu z nekupeného DLC",
	"menu_f11_cheater_teg_menu_heist_2": "Spawnutie akéhokolvek zariadenia ktoré ste spawnli",
	"menu_f11_cheater_teg_menu_heist_3": "Hadzanie viac granátov ako je povolené",
	"menu_f11_cheater_teg_menu_heist_4": "Zdvihnutie granátu z puzdra na granáty zvysuje limit",
	"menu_f11_cheater_teg_menu_heist_5": "Spawnovanie väcsieho mnozstva ako je povolené",
	"keybinds_in": "Klavesnicové skratky ",
	"main_menu": "Hlavné menu",
	"ingame_menu": "Lúpez",
	"keyboard_keybinds": "Klavesnicové bindy",
	"teg_del": "Ako odstránit oznacenie CHEATER",
	"teg_del_1": "Vypnutie DLC odomykaca",
	"teg_del_2": "Vypnutie skinového odomykaca ",
	"teg_del_3": "Restartujte hru a skuste sa pripojit",
	"teg_del_4": "Tu su hlavné dôvody",
	"teg_del_5": "Problém zostáva nevyriesený",
	"teg_del_6_prem": "Odporúcam nás kontaktovat",
	"teg_del_7": "Pomocou F10 odstránte problémové okamihy",
	"teg_del_8": "V najhorsom prípade prejdite na Nastavenia / Rozsírený / Vymazat priebeh",
	"contact_us": "Kontaktujte nás",
	"open_p3dhack": "Otvorte P3DHack.ru",
	"menu_f11_text_dop1": "Dodatocný",
	"menu_f11_text_keybind7": "Lokalizátor",
	"menu_f11_text_keybind8": "Aimbot",
	"menu_f11_text_keybind9": "Spomalenie casu",
	"menu_f11_text_keybind10": "NoClip",
	"menu_f11_text_keybind_num": "Numpad",
	"menu_f11_text_keybind13": "Verejný XRay",
	"menu_f11_text_keybind15": "Vysielacková odpoved",
	"menu_f11_text_keybind_mouse": "Mys",
	"menu_f11_text_keybind16": "Teleportovanie",
	"menu_f11_text_keybind_other": "Ostatné",
	"menu_f11_text_keybind17": "Potlacit váhu nahor",
	"menu_f11_text_keybind18": "Potlacit váhu nadol",
	"menu_f11_text_keybind20": "Ozivit tým",
	"menu_f11_text_keybind21": "Potlacit váhu",
	"thank_for_support": "Dakujeme za podporu",
	"open_crashlog": "Otvorit Crashlog",
	"no_invisible_walls": "Ziadne neviditelné steny",
	"Full_Stop_function": "Úplné zastavenie Cheatera",
	"Full_Stop_all": "Úplne zastavenie Cheaterov",
	"freeze_peers": "Zamrazit hrácov",
	"stopthecheater_all": "Zastavit Cheaterov",
	"antistopthecheater_all": "Odmrazit vsetkých hrácov",
	"NoClip_Amount": "NoClip rýchlost",
	"hide_buy_dlc": "Skryté kúpenie DLC",
	"arrows_helicopter": "Sípky na klávesnici",
	"control_helicopter": "Ovládajte vrtulník",
	"All_type": "Vsetko",
	"Host_type": "Host",
	"Client_type": "Client",
	"cheater_tag": " [Cheater oznacenie]",
	"cheater_tag_host": " [Cheater oznacenie pre Hosta]",
	"cheater_tag_client": " [Cheater oznacenie pre Clienta]",
	"night": " noc",
	"secret_perks_no_negative_title": "Ziadne negatívne efekty",
	"buddha_mode": "Budhovský rezim",
	"killall": "Zabite vsetky nastavenia",
	"IgnoreCivilians": "Ignorujte civilistov",
	"IgnoreTied": "Ignorovat spútaných rukojemníkov",
	"IgnoreCameras": "Ignorovat kamery",
	"IgnoreEnemies": "Ignorovat nepriatelov",
	"NoBagBodies_title": "Ziadne vreckové telá",
	"NoBagBodies": "Ziadne vreckové telá [Oznacenie Cheater pre Clienta]",
	"F2_help1": "Musí mat sekundárne vybavenie alebo bude mat za následok crash",
	"F2_help2": "Musí mat primárne vybavenie alebo vyústi do výsledku Crash",
	"stopthecheater_function": "Zastavte Cheatera",
	"freeze_peer": "Zamrazte hráca",
	"select_value": "Vyberte pozadovanú hodnotu",
	"fast_lvl": "Rýchly level",
	"crime_spree_boost": "Zvýsenie kriminality",
	"set_crime_spree_boost": "Zvýsenie kriminality za lúpeze",
	"shoot_through_wall_thickness_desc": "Nastavte hodnotu akú penetráciu chcete mat, 40 je normálna stena",
	"shoot_through_wall_desc": "To vám nedáva moznost strielat cez steny!",
	"target_closest_title": "Najblizsí terc",
	"target_closest_desc": "Nastavte na TRUE ak chcete zamierit na nepriatela ktorý je k vásmu Crosshairu najblizsie",
	"change_aim_function": "Zamierte a nastavte automatické výstrely",
	"active_pagers": "Aktívne vysielacky",
	"set_infamy": "Nastavit na ",
	"add_exp": "XP nastavenia",
	"add_lvl": "Level nastavenia",
	"answer_phones": "Prijat vsetky telefóny",
	"get_preplanning": "Odomknite vsetky prvky predbezného plánovania",
	"force_ready": "Sila pripravená",
	"force_unready": "Sila nepripravená",
	"XP_bust_help1": "Vynásobte XP ",
	"XP_bust_help2": ", Povolte pre kazdú mapu, ktorú chcete znásobit",
	"pick_up_right_engine": "Zdvihnite správny motor",
	"pickup_files": "Správne súbory snímaca",
	"mind_civ_f3_1": "Kontola myslou",
	"int_team": "Okamzitá interakcia pre tím",
	"auto_answer_phones": "Automatická odpoved na vsetky telefóny",
	"no_lasers": "Lasery neaktivujú alarm",
	"inf_ammo_reload": "Nekonecno nábojov s prebíjaním",
	"keyboard_health_and_ammo": "ZDRAVIE A NÁBOJE OBNOVENÉ",
	"keyboard_locator_1": "[1/8] BALÍCEK : ",
	"keyboard_locator_2": "[2/8] KARTA/BEZPECNOSTNÉ DVERE",
	"keyboard_locator_3": "[3/8] ZBRANE/KOKAIN",
	"keyboard_locator_4": "[4/8] DOSKY/VRTACKA",
	"keyboard_locator_5": "[5/8] KRABICA/PÁCIDLO",
	"keyboard_locator_6": "[6/8] MISIA",
	"keyboard_locator_7": "[7/8] PENIAZE",
	"keyboard_locator_8": "[8/8] VSETKO",
	"keyboard_ammo": "NÁBOJE OBNOVENÉ",
	"keyboard_reviveteam": "SPOLUHRÁCI OZIVENÝ",
	"Rats_type_title": "Typ",
	"Rats_type_desc": "Vyberte typ nápovedy",
	"Rats_type_for_you": "Pre mna",
	"Rats_type_for_all": "Pre vsetkých",
	"waypoints": "Waypoints",
	"waypoint_rat_desc": "Prajete si si aktivovat Meth Helper Waypoints?",
	"support_sector": "Sektor podpory",
	"config_title": "Ako upravit konfiguracný súbor v P3DHack",
	"update_title": "Ako aktualizovat P3DHack",
	"wishes_title": "Vase priania",
	"Unlockers": "Odomykace",
	"you_can_desc": "Môzete zvýsit alebo znízit",
	"Inf_Cam_Loops_and_Duration": "Nekonecné slucky a trvanie kamery",
	"First_column": "Prvý stĺpec",
	"Second_column": "Druhý stĺpec",
	"Third_column": "Tretí stĺpec",
	"inf_cable": "Nekonecné káblové zväzky",
	"main_menu_f7_premium_text1": "MOZNOSTI INTERAKTÍVNEHO CASOVACA (ZNIZUJE CASOVÝ ROZSAH NA ",
	"main_menu_f7_premium_text2": " SEKUND)",
	"InteractTimer_Value_title": "Hodnota casovaca",
	"NameSpoofer_title": "Name Spoofer",
	"NameSpoofer_desc": "Nastavte svoje nové meno v hre, nastavte na FALSE, aby ste mohli pouzívat svoje pravé meno",
	"How_to_NameSpoofer_title": "Ako zmenit názov OVERKILL_Almir?",
	"How_to_NameSpoofer_desc": "Kliknutím sem zistíte, ako zmenit názov OVERKILL_Almir",
	"secret_skills_and_perks_title": "Tajné zrucnosti a výhody",
	"secret_skills_title": "Tajné zrucnosti",
	"secret_skills_desc": "Vsetky zrucnosti, ale zrucnost Frenzy nedáva negatívne úcinky a znizuje zdravie",
	"secret_perks_title": "Tajné Perky",
	"Activator_Functions_title": "Funkcie aktivátora",
	"Activator_Functions_desc": "Musí to byt povolené",
	"fast_scroll_title": "Rýchle rolovanie",
	"fast_scroll_desc": "Teraz môzete rýchlo rolovat v menu nastavení",
	"spoofs_title": "Loot Card Spoofer",
	"unbannable_skin_title": "Nezabanovatelné falosné skiny",
	"unbannable_skin_desc": "Neoznací vás to za CHEATERA a to ani pri vybavovaní legendárnych skinov",
	"skip_videos_title": "Preskocí video",
	"press_any_key_title": "Preskocte stlacením akéhokolvek tlacitka",
	"rss_options": "RSS nastavenia",
	"gap_offsets_text": "Pozícia",
	"gap_menus_text": "Viditelnost",
	"gap_time_text": "Rotácia",
	"gap_news_text": "Data",
	"removeNewHeistsGui_title": "Odstránte banner hlavnej ponuky",
	"removeNewHeistsGui_desc": "Odstránte reklamy z hlavnej ponuky",
	"removeWallet_title": "Odstránte penazenku",
	"removeWallet_desc": "Odstránte mnozstvo penazí a mincí z lobby z crime spree",
	"show_main_title": "Hlavné Menu",
	"show_main_desc": "Ukázat RSS v hlavnom menu",
	"show_pause_title": "Pauzovacie menu",
	"show_pause_desc": "Ukázat RSS v pauzovacom menu",
	"show_lobby_title": "Lobby",
	"show_lobby_desc": "Ukázat RSS v lobby",
	"show_spree_title": "Crime spree lobby",
	"show_spree_desc": "Ukázat RSS v crime spree lobby",
	"OFFSET_X_title": "Offset by X",
	"OFFSET_X_desc": "Zadajte vodorovné odsadenie",
	"OFFSET_Y_title": "Offset by Y",
	"OFFSET_Y_desc": "Zadajte vertikálne odsadenie",
	"PRESENT_TIME_title": "Súcasnost",
	"PRESENT_TIME_desc": "Ako dlho trvá, kým sa objaví kazdý názov",
	"SUSTAIN_TIME_title": "Udrzujte cas",
	"SUSTAIN_TIME_desc": "Ako dlho zostáva kazdý titul na obrazovke",
	"REMOVE_TIME_title": "Odstránte cas",
	"REMOVE_TIME_desc": "Ako dlho trvá, kým zmiznú vsetky tituly",
	"MAX_NEWS_title": "Nacítanie max. Správ",
	"MAX_NEWS_desc": "Maximálny pocet správ, ktoré sa majú nacítat zo vsetkých zdrojov",
	"MAX_NEWS_SHOW_title": "Maximálny pocet správ, ktoré sa majú zobrazit",
	"MAX_NEWS_SHOW_desc": "Celkový pocet správ, ktoré sa majú striedat. Kazdý zdroj dostane rovnaké mnozstvo",
	"MIX_title": "Zmiesajte názvy",
	"MIX_desc": "Miesanie titulov. Ak je VYPNUTÉ, tituly sa zobrazia v poradí podla zdrojov v konfigurácii",
	"the_end_burn": "Ziarivý obrázok",
	"the_end_door": "Otvorte tajné dvere",
	"hints_1": "Usilovne pracujeme na vylepsovaní P3DHack!",
	"buy_premium": "Pozriet sa na Premium",
	"premium_buy_title": "Kúpit Premium",
	"Free_Crime_Spree_title": "Zdarma Crime Spree",
	"unlock_all_tiers": "Odomknite vsetky úrovne",
	"set_killzone": "Slap Player",
	"reduce_damage_all": "Dostante 50% skody",
	"hide_text_title": "Vypnut vsetok text",
	"hide_text_desc": "Zmienku o P3DHack môzete vypnút",
	"reboard": "Reboard",
	"reboard_help": "Dosky môzete donekonecna pouzívat na okná",
	"mod_list_lite_title": "Zoznam MOD lite",
	"mod_list_lite_desc": "Opravuje problém so zamrznutou hrou pri prezeraní zoznamu modov BLT",
	"Delay_func_title": "Rýchlejsie varenie",
	"AimMode_desc": "Vyberte typ",
	"aim_type_1": "Iba automatické strielanie",
	"aim_type_2": "Iba mierit",
	"aim_type_3": "Automatické zamierenie a strielanie",
	"RightClick_title": "Pravé Kliknutie",
	"RightClick_desc": "AimBot bude mierit, len ak je podrzané pravé tlacidlo mysi",
	"AimbotInfAmmo_title": "Nekonecná munícia",
	"AimbotDamageMul_title": "Násobitel poskodenia",
	"MaxAimDist_title": "Maximálna cielová vzdialenost",
	"SafeSimulatorMenu_function": "Sejf simulátor",
	"ScamDetectionLevel_title": "Scam detektovaný level",
	"ScamDetectionLevel_desc": "Vase riziko detekcie je 3 úrovne",
	"vrmenu": "VR Menu",
	"I_Use_VR_title": "Kompatibilita VR",
	"I_Use_VR_desc": "Aktivujte túto volbu, ak pouzívate VR",
	"ride_player": "Piggyback",
	"increase_ladder": "Zväcsite výsku a sírku rebríka",
	"WORLD": "SVET",
	"RIVALS": "RIVALI",
	"only_for_you": "Len pre teba",
	"troll_remove_body": "Odstránte telo",
	"troll_remove_right_leg": "Odstránte pravú nohu",
	"troll_remove_left_leg": "Odstránte lavú nohu",
	"troll_remove_legs": "Odstránte nohy",
	"troll_stop_it": "Prestan",
	"troll_cut_head": "Odstrihnite hlavu",
	"troll_hide_doors": "Skryt dvere",
	"troll_show_doors": "Zobrazit dvere",
	"troll_upgrade_cameras": "Aktualizujte kamery",
	"jerry1": "Lietanie",
	"jerry2": "Zostup s padákom",
	"carry": "Niest",
	"mask_off": "Maska vypnutá",
	"clean": "Cisté",
	"civilian": "Civilista",
	"standard": "Standardné",
	"teleport_all_to_me": "Teleportovat vsetkých teleportovat ku mne",
	"troll_activate_triggers": "Aktivovat Triggery",
	"troll_enable_units": "Povolit jednotky",
	"troll_disable_units": "Zakázat jednotky",
	"troll_end_mission": "Ukoncit misiu",
	"troll_world": "Troll World",
	"turret_spawn": "Turret Spawn",
	"turret_friendly": "Spojenecká Turreta",
	"turret_enemy": "Nepriatelská Turreta",
	"add_items_all_menu": "Celý zoznam",
	"del_items_all_menu": "Celý zoznam",
	"del_items_menu": "Ponuka poloziek inventára Dell",
	"right_engine_menu": "Pravá ponuka motora",
	"right_engine": "Zobrazit správny motor",
	"spawn_right_engine": "Spawnút správny motor",
	"save_and_reload_title": "Ulozte a znova nacítat",
	"save_and_reload_desc": "Táto funkcia vám pomôze okamzite aplikovat zmeny v P3DHack Config",
	"P3DHack_Menu_title": "P3DHack Menu",
	"P3DHack_Menu_desc": "Rýchla a pohodlná funkcnost na jednom mieste",
	"hud_function": "Funkcie HUD",
	"hide_p3dhack_menu_desc": "Skryt P3DHack v hlavnej ponuke",
	"Hide_Functions": "Skryt funkcie",
	"hide_smoke_title": "Skryt dym",
	"hide_logo_title": "Skryt PayDay Logo",
	"hide_pattern_title": "Skryt vzor",
	"hide_particles_title": "Skryt particly",
	"Skip_Functions": "Preskocit funkcie",
	"Skip_Press_title": "Preskocit Stlacte Enter",
	"global_unavailable": "Nedostupné",
	"helicopter": "Vrtulník Mod",
	"autoshoot": "Automatické strielanie",
	"troll_activate_elements": "Aktivácia prvkov",
	"troll_open_doors": "Otvorit vsetký dvere",
	"troll_close_doors": "Zatvorte vsetky dvere",
	"troll_open_vault": "Otvorte trezor",
	"troll_close_vault": "Zatvorte trezor",
	"troll_remove_head": "Odstránte hlavu nepriatelov",
	"troll_invisible_spooks": "Spravit Spooks neviditelnými",
	"troll_launch_cars": "Vyhodit hrácov v aute do vzduchu",
	"troll_close_van_doors": "Zatvorte dvere dodávky",
	"troll_open_van_doors": "Otvorte dvere dodávky",
	"rofl_drills": "Rofl vrtacka",
	"Speed_hack": "Speed hack",
	"melee_range": "Dlhý rucný rozsach",
	"melee_charge": "Velmi rýchly rucný cas nabíjania",
	"melee_no_delay": "Velmi rýchla rucná zbran",
	"hider_title": "Skryt mody",
	"hider_type_title": "Co chcete skryt?",
	"Only_P3D": "Iba P3DHack",
	"All": "Vsetky módy",
	"Crosshair_title": "Zamierovac",
	"specific_weapons_unlocker_title": "Specifický odblokovac zbraní",
	"NewMenu_function": "Automatické Cheaty",
	"Dodge_Chance_Buff_title": "Dodge sanca",
	"Dodge_Chance_Buff_Amount_title": "Dodge sanca na percentá",
	"Dodge_Chance_Buff_Amount_desc": "0.1 = 10%, 1 = 100%",
	"Melee_Buff_title": "Zvýsenie zranenia rucných zbraní",
	"Melee_Buff_Amount_title": "Zväcsenie zranenia o",
	"Unlimited_BodyBags_title": "Neobmedzené tasky",
	"Jump_Mask_Off_title": "Skákanie bez masky",
	"Fast_Mask_title": "Rýchle nasadenie masky",
	"Infinite_Hostage_Follow_title": "Nekonecne mnozstvo rukojemníkov ktorý vás nasledujú",
	"Interaction_CoolDown_title": "Ziadne cakanie pri interakciách",
	"Sixth_Sense_Reset_title": "Siesty zmysel",
	"Sixth_Sense_Reset_desc": "Resetuje sa iba pri pohybe",
	"Bag_CoolDown_title": "Ziadne cakanie pri zabalovaní do tasiek",
	"Camera_Bag_Explosion_Multiplier_title": "Násobitel efektov výbusnej tasky",
	"Camera_Bag_Explosion_Multiplier_desc": "Chcete povolit multiplikátor efektov výbusnej tasky s kamerami?",
	"Camera_Bag_Explosion_Multiplier_Amount_title": "Ciastka multiplikátora",
	"Camera_Bag_Explosion_Multiplier_Amount_desc": "Základné 4",
	"Explosion_Buff_title": "Buff s poskodením vsetkých výbuchov",
	"Explosion_Buff_Amount_title": "Suma vsetkých buffov s poskodením pri výbuchu",
	"Lowered_Headbob_title": "Znízenie Head-bob",
	"Toggle_Interact_title": "Interact Toggle",
	"Toggle_Interact_desc": "Chcete povolit funkciu Interact Toggle?",
	"Grenade_Restrict_title": "Obmedzte granáty pocas STEALTH-u",
	"Pager_Mod_title": "Zvýste pocet strán pagera",
	"Zipline_Drop_title": "Vyhodí tasky ktoré prenásate na ZIP-line",
	"Classic_Open_Door_title": "Klasická moznost otvorenia vsetkých dverí",
	"Classic_Open_Door_desc": "Klasická moznost otvorenia vsetkých dverí nemusí fungovat vsade, ale je obmedzená len na konkrétne dvere",
	"New_Open_Door_title": "Nová moznost otvorenia vsetkých dverí",
	"New_Open_Door_desc": "Nová moznost otvorenia vsetkých dverí, otvára vsetky vyberatelné dvere, sejfy, trezory ETC. Ktoré klasická moznost nerobí",
	"Anti_Cheat_Disable_title": "Vypnut Anti-Cheat",
	"Anti_Cheat_Disable_desc": "Umoznuje vám spawnut tasky a ovela viac",
	"Secure_BodyBags_title": "Ubránit tasky z telami za peniaze",
	"Secure_BodyBags_Loot_Value_title": "Suma v hotovosti",
	"Secure_BodyBags_Loot_Value_desc": "Ubránit tasky z telami za mnozstvo penazí ",
	"No_Job_Heat_title": "Zakázat opakované tresty za prácu",
	"Job_Heat_Amount_title": "Nastavte výsku bonusu za prácu",
	"Job_Heat_Amount_desc": "Základné 1.15 = 15%",
	"XP_Multiplier_title": "XP multiplikátor",
	"XP_Multiplier_Amount_title": "Suma multiplikátora XP",
	"othermenu_function": "Ostatné",
	"Rats_Message_title": "Meth Helper",
	"Rats_Message_desc": "Zobrazit správnu chemickú správu v chate",
	"Delay_title": "Oneskorenie medzi prísadami",
	"CookMeth_function": "Cook Meth funkcie",
	"troll_alarm": "Policajna linka",
	"alarm_crim": "Nahlásit zlocinca",
	"alarm_gun": "Nahlásit výstrely",
	"alarm_exp": "Nahlásit výbuch",
	"alarm_mon": "Nahlásit MONSTER!",
	"delete_units": "Odstránte z mapy vsetky synchronizované jednotky",
	"mute_ply": "Stlmte ho",
	"kick_all": "Vyhodit vsetkých",
	"crash_game": "Crashnite hrácovi hru",
	"Bullet_Penetration_func": "Prenikanie nábojov na vsetkých zbraniach",
	"Bullet_Penetration_Shield_title": "Strielajte cez stíty",
	"Bullet_Penetration_Enemy_title": "Strielajte cez nepriatelov",
	"Bullet_Penetration_Wall_title": "Strielajte cez steny",
	"Skip_End_Screen_title": "Umoznuje preskocit koncovú obrazovku",
	"other_menus": "Ostatné ponuky",
	"Bag_mod_toggle": "Taskový mod",
	"change_statistic": "Statistický menic",
	"p3dtext_language_title": "Jazyk",
	"dlc_title": "DLC Odomykac [Oznacenie CHEATER]",
	"skin_title": "Skinový odomykac",
	"skin_armor_title": "Odomykac skinov na brnenia",
	"noclip_title": "NoClip MOD",
	"rave_title": "Stranzovat rukojemníkov",
	"rave_desc": "Chcete bezat rýchlo ako rukojemník?",
	"antistop_title": "Anti-SlowMo",
	"antistop_desc": "Povolte, ak nechcete mat znacku",
	"antistop_info_title": "Kto toto spravil?",
	"antistop_info_desc": "Povolte, ak chcete vediet, kto sa vás pokúsil spomalit. Spam je mozný",
	"slow_attention": "UPOZORNENIE!",
	"slow_you": "sa vás snazil spomalit",
	"change_statistic_total_kills_title": "Celkový pocet zabití",
	"change_statistic_specials_kills_title": "Pocet celkových killov",
	"change_statistic_head_shots_Amount_title": "Pocet headshotov",
	"change_statistic_accuracy_Amount_title": "Percento presnosti",
	"change_statistic_downs_Amount_title": "Pocet pádov",
	"Language_text": "Lokalizácia",
	"antistopthecheater_function": "Proti zastaveniu Cheatera",
	"Main_function": "Hlavné funkcie",
	"Free_function": "Nákup zdarma",
	"locator_function": "Locator",
	"Keyboard_Auto_Config": "Auto Run klavesové skratky",
	"Auto_func": "Automatické povolenie",
	"change_statistic_function": "Zmenit statistiku",
	"text_in_game_title": "Text v hlavnej ponuke",
	"text_in_game_desc": "Chcete odstránit text z hlavnej ponuky?",
	"Favors_title": "Body plánovania",
	"Free_Assets_title": "Nákup majetku zdarma",
	"Free_Casino_title": "Nákupy v kasíne zadarmo",
	"Free_Contracts_title": "Bezplatné nákupy kontraktov",
	"Free_Masks_title": "Nákupy masky zdarma",
	"Free_PrePlanning_title": "Zadarmo nákupy pred plánovaním",
	"Free_Slots_title": "Slot na zbrane a masky zdarma",
	"Free_Weapons_title": "Nákup zbraní zadarmo",
	"Free_Weapon_Mods_title": "Nákup zbraných doplnkov zadarmo",
	"Jumper_set_title": "Výska skoku",
	"No_FlashBang_title": "Ziadne FlashBangy",
	"No_Recoil_title": "Bez spätného rázu",
	"No_Spread_title": "Ziadne sírenie",
	"Infinite_Stamina_title": "Nekonecná výdrz",
	"Dropin_Pause_Remove_title": "Drop in Pause Remove",
	"Auto_Pick_Card_title": "Automaticky zobrat kartu",
	"X_Ray_title": "X-Ray",
	"X_Ray_desc": "Základne je nastavené na X",
	"Full_Replenish_title": "Úplné doplnenie",
	"Full_Replenish_desc": "Základné je nastavené na Z",
	"Ammo_Replenish_title": "Doplnenie nábojov",
	"Ammo_Replenish_desc": "Základné je nastavené na C",
	"Vehicle_Spawn_title": "Spawnut vozidlo",
	"Vehicle_Spawn_desc": "Základné je nastavené na V",
	"Grenade_Spawn_title": "Spawnut granát",
	"Grenade_Spawn_desc": "Základné je nastavené na B",
	"Grenade_Spawn_Type_title": "Spawnut typ granáta",
	"Grenade_Spawn_Type_desc": "Nastavit typ granáta",
	"Hud_Toggle_title": "Vypnut HUD",
	"Hud_Toggle_desc": "Základné je nastavené na F10",
	"Gage_Package_title": "Spawnut balícky",
	"Gage_Package_desc": "Základné je nastavené na \\",
	"Restart_Job_title": "Restartovat prácu",
	"Restart_Job": "Základné je nastavené na Num /",
	"Ultimate_Kill_title": "Zabit vsetkých",
	"Ultimate_Kill_desc": "Základné je nastavené na Num *",
	"Auto_Drill_Service_desc": "Automaticky obnoví vrták v prípade poskodenia",
	"Carry_Mod_desc": "Odstranuje hmotnost vsetkých vriec a výbusnú vlastnost munície vaky",
	"Interact_Distance_Amount_title": "Interakcná vzdialenost",
	"Instant_Interact_With_Anything_desc": "Napríklad na doskovanie okien alebo pridanie ingrediencií do rezimu VYPNUTÉ",
	"Weapon_Damage_Multiplier_Amount_title": "Násobitel poskodenia zo zbranou",
	"Weapon_Fire_Rate_Multiplier_title": "Fire Rate Buff",
	"waypoints_showDistance": "Ukazat vzdialenost",
	"waypoints_showDistance_desc": "Zobrazuje vzdialenost k trasovému bodu pre kazdý trasový bod",
	"waypoints_showGagePickups": "Ukázat balícky",
	"waypoints_showGagePickups_desc": "Zobrazuje balícky na mape.",
	"waypoints_showPlanks": "Ukázat dosky",
	"waypoints_showPlanks_desc": "Zobrazit dosky na mape.",
	"waypoints_showSmallLoot": "Zobrazit malú korist",
	"waypoints_showSmallLoot_desc": "Zobrazuje veci, ako sú volné peniaze alebo sperky.",
	"waypoints_showCrates": "Zobrazit prepravky",
	"waypoints_showCrates_desc": "Ukazuje otváratelné prepravky, ako tie v Election Day.",
	"waypoints_showDoors": "Zobrazit dvere",
	"waypoints_showDoors_desc": "Zobrazuje na dverách symbol zámku, ktorý vyzaduje otvorenie karty s klúcom alebo modulu ECM.",
	"waypoints_showCameraComputers": "Zobrazit kamerové pocítace",
	"waypoints_showCameraComputers_desc": "Ukazuje, kde sú pocítace na prezeranie kamier na mape.",
	"waypoints_showDrills": "Zobrazit miesta vrtania",
	"waypoints_showDrills_desc": "Ukazuje, kde môzete umiestnit malú vrtacku.",
	"waypoints_showThermite": "Zobrazit Thermite",
	"waypoints_showThermite_desc": "Zobrazuje termitové miesta a kde ich pouzit.",
	"waypoints_showSewerManhole": "Zobrazit kryty kanálov",
	"waypoints_showSewerManhole_desc": "Ukazuje, kde sú kryty kanálov.",
	"waypoints_showHUDMessages": "Ukazat HUD správy",
	"waypoints_showHUDMessages_desc": "Zobrazuje na vasom HUD rôzne informácie o trasových bodoch.",
	"waypoints_makeNoise": "Robit hluk",
	"waypoints_makeNoise_desc": "Pri spustení skriptu vydá zvuk.",
	"waypoints_iterativeToggle": "Iteracný prepínac",
	"waypoints_iterativeToggle_desc": "Znamená to, ze pri kazdom spustení skriptu sa nájde najblizsí dostupný trasový bod, ktorý sa má zobrazit. \n Of znamená, ze zobrazí vsetky trasové body naraz..",
	"waypoints_sheaterNewb": "Sheater Newb",
	"waypoints_sheaterNewb_desc": "Ak to povolíte, ostatným ludom sa zobrazí vela vecí, ako sú kozy a hlasovacie zariadenia.",
	"main_menu_p3dhack": "Hlavné menu",
	"main_menu_help_p3dhack": "Otvorí hlavnú ponuku",
	"previous_menu_p3dhack": "Predchádzajúce menu",
	"previous_menu_help_p3dhack": "Otvorí predtým otvorené menu",
	"next_menu_p3dhack": "Dalsia strana",
	"next_menu_help_p3dhack": "Otvorí nasledujúcu stránku aktuálnej otvorenej ponuky",
	"prew_menu_p3dhack": "Predchádzajúca strana",
	"prew_menu_help_p3dhack": "Otvorí predchádzajúcu stránku aktuálnej otvorenej ponuky",
	"close_menu_p3dhack": "Zatvorit menu",
	"close_menu_help_p3dhack": "Zatvorí menu",
	"global_host": "IBA HOST",
	"global_host_": "Nie je k dispozícií (IBA PRE HOSTA)",
	"global_on": "Povolené",
	"global_off": "Zakázané",
	"global_p3dhack": "P3DHack",
	"global_premium": "IBA PRE PREMIUM",
	"mouse_teleport": "Teleportovaný",
	"num_jump": "Vysoký skok",
	"num_kill": "Vsetci mrtvi",
	"num_pg_answer": "Odpovedat na vysielacku",
	"main_menu_f1": "Hrácske menu",
	"fast_f1": "QUICK PLAYER TOGGLES",
	"godmode": "Nesmrtelnost",
	"godmode_help": "Stante sa nesmrtelným",
	"friendfire": "Priatelská strelba",
	"friendfire_help": "Povolit priatelsku strelbu",
	"modif_f1": "HRÁCSKE POVOLENIA",
	"drillservice": "Sluzba automatického vrtania",
	"drillservice_help": "Automaticky obnovuje vrtacky, ked sú zaseknuté",
	"carrymod": "Carry Mod",
	"carrymod_help": "Odstranuje hmotnost vsetkých vriec",
	"carrycross": "Carry Crosshair Mod",
	"carrycross_help": "Spawne tasku na mieste kde mierite, povolte to ako prvé, ak chcete pouzívat CarryStacker",
	"spooccuffselfon": "Prekrývace Cuffs Player",
	"spooccuffselfon_help": "Cloakers Will Only Cuff You Instead Of Downing You",
	"infammobag": "Pouzitie nekonecno tasiek s nábojmi",
	"infammobag_full_": "Nekonecno tasiek s nábojmi",
	"InfiniteSpecial_": "Nekonecné speciály",
	"InfiniteSpecial_help": "Nekonecné speciály ako káblové zväzky, dosky, atd.",
	"inf_converts": "Nekonecné konvertovanie",
	"carrystack": "Carry Stacker",
	"carrystack_help": "Oznací vás to za cheatera ak nieste HOST",
	"carrylimit": "Hmotnostný limit CarryStacker-a",
	"carrylimit_help": "Modifikátor hmotnosti pre CarryStacker, cím viac tasiek nosíte tým ste tazsí",
	"infdocbag": "Nekonecno lekárskych tasiek",
	"infdocbag_full": "Nekonecno pouzití lekárskych tasiek",
	"inf_ecm": "Nekonecné ECM baterky",
	"infmessiah": "Nekonecno Messiah Charges",
	"inf_pager_answers": "Nekonecno potvrdení vysielaciek",
	"instantdom": "Okamzitá dominancia",
	"instantdrill": "Okamzité vrtanie / pocítac",
	"instantdrill_help": "Môze byt aktivovaný po umiestnení vrtacky alebo po aktivácii pocítaca",
	"intdist": "Interakcné zväcsenie vzdialenosti",
	"instantinteract": "Okamzitá interakcia",
	"instantinteract_help": "Zahrna okamzité odpovede na pagery",
	"interactanyhting": "Interagujte so vsetkým",
	"interactwall": "Interakcia cez stenu",
	"nohitdis": "Bez dezorientácie",
	"smlootmulti": "Malý multiplikátor koristi",
	"smlootmulti_help": "Zväcsený o 3x, získas $2,800,000",
	"ZiplineBag": "Ziplínová preprava",
	"ZiplineBag_help": "Umoznuje prepravu tasiek na vsetkých smeroch Ziplines",
	"infsentry": "Sentry Gun Nekonecné náboje",
	"godsentry": "Nesmrtelnost Sentry Gun-y",
	"BulletExplode": "Výbuch nábojov",
	"BulletFire": "Ohnivý náboj",
	"damagebuff": "Zvýsenie poskodenia",
	"fireratebuff": "Sialená rýchlost strielania",
	"infammo": "Nekonecno nábojov",
	"main_menu_f3": "Stealth Menu",
	"mind_enemies_menu": "Ovladanie mysle nepriatela",
	"mind_civs_menu": "Ovladanie mysle civilista",
	"pigsfly": "Flying Piggies",
	"copsquit": "Quitter Cops",
	"drunkpigs": "Drunk Pigs",
	"civdance": "Dancing Puppets",
	"civsmoke": "Smoking Kills",
	"civcower": "Covering Sheep",
	"phonycivs": "Phony Yuppies",
	"main_menu_f3_1": "ZARIADENIA A MOZNOSTI",
	"cops_dont_shoot": "Policajti nestrielajú",
	"cops_dont_shoot_help": "Policajti nestrielaju na vás",
	"disable_cams": "Vypnut kamery",
	"disable_pagers": "Vypnut vysielacky",
	"free_kill": "Zadarmo civilné zabíjanie",
	"pagedom": "Ziadna vysielacka pri dominácii",
	"pagedom_help": "Ak pouzívate funkciu Okamzitá dominancia, MUSÍ byt zapnutá najskôr, aby obe fungovali",
	"prevent_panic_buttons": "Ziadne panické tlacidlo",
	"people_dont_call_police": "Ludia nevolajú políciu",
	"lobai": "Lobotimize AI",
	"randompage": "Náhodné vysielacky",
	"randompage_help": "Povoluje náhodné vysielacky",
	"steal_pagers_on_melee": "Ukradnut vysielacky",
	"steal_pagers_on_melee_help": "Vypne vysielacku ked zabijete stráznika rucnou zbranou",
	"convertall": "Konvertuje nepriatelov na vasu stranu",
	"convertall_full": "Vsetci nepriatelia boli konvertovaný",
	"remote_camera": "Vzdialený prístup ku kamerám",
	"main_menu_f4": "Menu manipulátora misií",
	"bettyboom": "Betty Boom Mod",
	"bettyboom_full": "BOUNCING BETTY BOOM",
	"bettyboom_help": "Vyhodí AI po smrti",
	"dirtymoney": "Padanie penazí",
	"dirtymoney_help": "Vyhodí 2 tasky zo zlatom za kazdého mrtveho AI",
	"autocook": "RATS Automatické varenie",
	"autocook_full": "AUTOMATICKÉ-VARENIE",
	"autocook_help": "Automaticky varí, musíte mat chemikálie aby to pokracovalo",
	"m_info": "NASTAVENIA",
	"civil": "Upozornit civilistov",
	"civil_help": "Zastraste vsetkých civilistov a niekolkokrát stlacte, aby ste ich dali na podlahu",
	"instaboardst": "Zastavajte vsetky okná",
	"instaboardst_help": "Zastavajte vsetky dostupné okná",
	"cutglass": "Vystrihnite vsetko sklo",
	"heistintel": "Drop Train Heist Intel",
	"heistintel_help": "Môzu spadnút len pri dopravných lúpezí",
	"heistintel_only": "Iba pri dopravných misií",
	"getpatht": "Získat polozku / pokracovat v misii",
	"getpatht_help": "Ak chcete pokracovat v misii, musíte povolit CarryStacker,pozbiera vsetky potrebné veci aby ste pokracovali",
	"grabcourier": "Chytte vsetky balícky Gage",
	"grabcourier_help": "Zobrat vsetky dostupné balícky Gage",
	"grabgear": "Zobrat výbavu",
	"grabgear_help": "Stlacte tlacidlo dvakrát aby ste sa vybavili",
	"grabgear_only": "Iba kasíno Golden Grin",
	"anticheat_info": "ANTI-CHEAT zapnutý",
	"anticheat": "Vypnút Anti-Cheat",
	"anticheat_help": "Povolit alebo zakázat Anti-Cheat pre HOST-a a CLIENT-a",
	"InstantHackAll": "Hacknút vsetky zariadenia",
	"InstantHackAll_help": "Hacknút dostupné pocítace, klávesnice, telefóny alebo elektrické skrinky",
	"GrabDiamond": "Okamzité uchopenie diamanta",
	"GrabDiamond_help": "Stlacte tlacidlo dvakrát aby ste chytili diamant",
	"instanthackmachines": "Okamzité hackovacie a otvorené hlasovacích strojov",
	"instanthackmachines_only": "Election Day Warehouse Only",
	"opencrate": "Otvorte vsetky debny",
	"opencrate_help": "Dostupné debny môzete tiez zatvorit",
	"bankbuster": "Otvorte vsetky vkladové schránky",
	"picklockst": "Otvorte vsetky dvere a okná",
	"picklockst_help": "To neotvorí bezpecnostné dvere",
	"picklockst1": "Otvorte vsetky zámky",
	"picklockst1_help": "Otvorí vsetky zámky na výber vrátane vkladových schránok, to ale neotvorí bezpecnostné dvere",
	"c4open": "Otvorte vsetky dvere a trezory pomocou C4",
	"jobwin_jobloss": "MOZNOSTI VÝHRATIA / PREHRA",
	"jobloss": "Okamzitá prehra",
	"jobwin": "Okamzité vítazstvo",
	"ecmopen": "Otvorte vsetky dvere ECM",
	"usekeycardt": "Otvorte vsetky dvere kde potrebujete kartu",
	"usekeycardt_help": "Otvorte vsetky dvere, ktoré pouzívajú kartu KeyCard, vrátane bezpecnostných priestorov",
	"xmaspresent": "Otvorte vsetky darceky",
	"xmasflare": "Polozte/Zapalte svetlicu",
	"DrillAll": "Polozte/Restartujte vrtacku(y)",
	"DrillAll_help": "Spustite alebo restartujte vsetky dostupné vrtacky",
	"takeintel": "Zobrat vsetky Intel",
	"takeintel_help": "Kliknite dvakrát Intel v trezoroch",
	"instanttie": "Zviazat civilistov",
	"instanttie_help": "Pred aktiváciou musíte upozornit vsetkých civilistovg",
	"heistintel_info": "Train Heist Intel Has Been Dropped",
	"civilsdown_info": "Vsetci civilisti bojovali",
	"c4open_info": "Odbuchnite vsetky dvere pomocou C4",
	"grabgear_info": "Výbava bola zobratá",
	"xmasflare_info": "Svetlica Polozená/Zapálená",
	"xmaspresent_info": "Vsetky darceky otvorené",
	"ecmopen_info": "Vsetky bezpecnostné dvere sa otvorili pomocou ECM",
	"getpatht_info": "Predmety pre misiu boli ziskané",
	"grabcourier_info": "Vsetky balícky Gage boli pozbierané",
	"takeintel_info": "All Intel Has Been Secured",
	"takeintel1_info": "INTEL",
	"InstantHackAll_info": "Vsetky elektrické a obvodové skrine boli Hacknuté a otvorené",
	"cutglass_info": "Vsetko sklo bolo prerezané",
	"instanthackmachines_info": "Vsetky hlasovacie stroje boli hacknuté a otvorené",
	"instanttie_info": "Vsetci obcania sú zviazaní",
	"usekeycardt_info": "Dvere sa otvorili pomocou karty",
	"opencrate_info": "Vsetky debny boli otvorené",
	"GrabDiamond_info": "Diamant získal",
	"picklockst_info": "Vsetky okná a dvere sa otvorili",
	"picklockst1_info": "Vsetky zámky boli otvorené",
	"bankbuster_info": "Vsetky vklady boli otvorené",
	"DrillAll_info": "Vrtacky / vrtáky umiestnené / restartované",
	"instaboardst_info": "Vsetky Windows nastúpili",
	"main_menu_f5": "Menu zásob",
	"main_menu_f5_text1": "Ponuka Pridat polozky - Vyberte polozku",
	"main_menu_f5_text2": "Loot Bag Menu - Vyberte tasku",
	"main_menu_f5_text3": "Ponuka Taska na vybavenie - Vyberte Taska",
	"main_menu_f5_text4": "Ponuka Big Oil Engine - Vyberte polozku motora",
	"add_items_menu": "Ponuka Pridat polozky inventára",
	"fugas_f5": "VÝBUSNÉ SHELLS",
	"spawn_f5": "SPAWN BAG MENUS",
	"engine_menu": "Ponuka Big Oil Engine",
	"equipment_menu_f5": "Ponuka taska na vybavenie",
	"loot_menu_f5": "Loot Bag Menu",
	"main_menu_f5_text5": "SPAWN MOZNOSTI",
	"main_menu_f5_text6": "Dajte tasku sebe",
	"main_menu_f5_text7": "Dazdové vaky",
	"main_menu_f5_text7_help": "Nespamujte, spôsobí crash",
	"main_menu_f5_text8": "Spawn na Crosshair-u",
	"main_menu_f5_text12": "BAG MOZNOSTI",
	"main_menu_f5_text9": "Zabalit vsetky tela",
	"main_menu_f5_text9_help": "Tasky iba na telá",
	"main_menu_f5_text10": "Explosive Shells",
	"main_menu_f5_text10_help": "Make Ammo Shell Bags Explosive Again",
	"main_menu_f5_text11": "Vyzdvihnite si vsetky tasky",
	"main_menu_f5_text11_help": "CarryStacker musí byt povolená, inak budú odstránené tasky",
	"main_f5_text": "VSEOBECNÉ POLOZKY",
	"cable_tie": "Káblové zväzky",
	"organs": "Orgány",
	"add_items_menu_f5": "RATS/HOTLINE MIAMI CHEMICALS",
	"add_items_menu_f5_": "HOTLINE MIAMI BARCODES",
	"add_items_menu_f5__": "HOXTON BREAKOUT ITEMS",
	"add_items_menu_f5___": "GOLDEN GRIN CASINO ITEMS",
	"main_menu_f6": "Money Menu",
	"main_menu_f6_text1": "Super loot pridáva 69000",
	"main_menu_f6_text2": "BEZPECNÉ MOZNOSTI / MENU",
	"takeloot": "Vrece na vsetko",
	"takeloot_help": "Musí povolit CarryStacker, ak Biele Vianoce stlacte dvakrát",
	"InteractType": "Zobrat vsetky malé looty",
	"OpenAtm": "Otvorte vsetky bankomaty a vezmite obsah",
	"OpenAllLoot": "Otvorte vsetky bankomaty, trezory, zásuvky na peniaze",
	"main_menu_f6_text3": "Zabezpecené Loot Menu",
	"securesmloot": "Zabezpecte malý loot",
	"main_menu_f6_text4": "Vsetok loot zabalený",
	"main_menu_f6_text5": "Zabezpecené malého lootu",
	"main_menu_f7": "Menu casovaca interakcie",
	"main_menu_f7_text1": "MOZNOSTI INTERAKTÍVNEHO CASOVACA (ZNÍZENIE CASOVACA NA 3 SEKUNDY)",
	"InteractDrillJam": "Casovac zaseknutia / upgradu",
	"InteractECMJam": "ECM Casovac otvorenia",
	"InteractPager": "Casovac odpovede na vysielacky",
	"InteractPickLock": "PickLock Timer",
	"InteractRevive": "Casovac ozivenia hráca",
	"main_menu_f8": "Troll Menu",
	"main_menu_f8_text1": "Troll Other Players - Vyberte moznost",
	"main_menu_f8_text2": "Troll Self - Vyberte moznost",
	"main_menu_f8_player": "Troll ",
	"main_menu_f8_text3": "HRÁCSKE TROLL MENU",
	"main_menu_f8_text4": "Neporiadok s ostatnými hrácmi",
	"main_menu_f8_text5": "TÍMOVÉ TROLL MOZNOSTI",
	"syncbleedall": "Vyradit vsetkých hrácov",
	"synccuffall": "Cuff vsetkých hrácov",
	"syncincaall": "Znevýhodnit vsetkých hrácov",
	"synctaseall": "Tase Vsetci hráci",
	"main_menu_f8_text6": "TROLL INDIVIDUÁLNE HRÁCE",
	"main_menu_f8_text7": "Ostatné",
	"releaseteam": "Uvolnite vsetkých spoluhrácov z väzenia",
	"sendalltojail_team": "Hodte vsetkých spoluhrácov do väzenia",
	"main_menu_f8_text8": "Neporiadok so sebou",
	"main_menu_f8_text9": "MOZNOSTI SAMOSTATNÉHO STATU",
	"stateblood": "Vykrvácat",
	"statecuffs": "Cuffed",
	"stateinca_me": "Incapacitated",
	"stateinca": "Incapacitate",
	"statetased": "Tased",
	"releaseme": "Uvolnenie z väzenia",
	"lockmeup": "Hod ma do väzenia",
	"main_menu_f8_text11": "MOZNOSTI STÁTU HRÁCA",
	"main_menu_f8_text12": "MOZNOSTI Väzania / Teleport",
	"syncreleaseply2": "Prepustenie z väzenia",
	"sendalltojail": "Hodit do väzenia",
	"teleporttoply": "Teleport na hráca",
	"syncforceengine": "Sietový motor",
	"main_menu_f8_text13": "MOZNOSTI",
	"depositfill": "Vyplnte schránky",
	"depositfill_help": "NAPLNUJTE KOLEKCIE NA ODKLADANIE ZLATÝM A PENAZNÝM NEMÁTE KAZDÚ ÚROVNI",
	"openvault": "Otvorte dvere trezora",
	"openvault_help": "OTVORENIE TREZOROVÝCH DVERÍ, NEFUNGUJE Z KAZDÝMI TREZOROVÍMI DVERAMI JE MOZNÉ ZE BUDE MAT VEDLAJSÍ EFEKT",
	"overdrill": "Aktivujte dvere trezora Overdrill",
	"overdrill_help": "AKTIVUJTE PREVÁDZKOVÉ DVERE VOZIDLA",
	"main_menu_f8_text14": "Dvere trezora sa otvorili",
	"main_menu_f8_text15": "Plnené vkladové schránky",
	"main_menu_f8_text16": "Zostáva",
	"I_am_best": "Zmena statistík",
	"cops_to_bulld": "Mrtvi policajti sa menia na buldozéry",
	"replace_cops": "Vymente vsetkých policajtov za buldozéry",
	"tm_gm": "Povolte pre svoj tím nesmrtelnost",
	"invisible_player": "Neviditelnost",
	"main_menu_f10": "Menu pred zápasom",
	"infamy_level_menu": "Infamy Menu",
	"inventory_menu": "Inventory Menu",
	"clear_inventory_menu": "Vymazanie ponuky zásob",
	"add_inventory_menu": "Pridat do zoznamu zásob",
	"level_menu": "Level Menu",
	"money_menu": "Money Menu",
	"skill_menu": "Skill Menu",
	"perk_menu": "Perk Menu",
	"add_achieve_menu": "Pridat Achievementy",
	"rem_achieve_menu": "Odstránit Achievementy",
	"continental_coins_menu": "Continental Coins",
	"main_menu_f10_text1": "MENU",
	"main_menu_f10_text4": "MOZNOSTI ÚROVNE INFAMY",
	"main_menu_f10_text5": "Infamy Points Menu",
	"main_menu_f10_text8": "INFAMY POINT MOZNOSTI",
	"main_menu_f10_text9": "Inventory Menu",
	"un1": "Odomknút moznosti",
	"un2": "Odomknite vsetky polozky",
	"un3": "Odomknite vsetky sloty",
	"un4": "Odomknút farby",
	"un5": "Odomknite masky",
	"un6": "Odomknite materiály",
	"un7": "Odomknite textúry",
	"un8": "Odomknite zbrane",
	"un9": "Odomknite trofeje",
	"un10": "Ostatné",
	"un11": "Odstránit Exclamation Mark",
	"un12": "Odomknút moznosti (DlC)",
	"un13": "Odomknite rezimy zbraní",
	"del1": "VYMAZTE JEDNOTLIVÉ STÍTKY",
	"del2": "Odstránte vsetky sloty masky",
	"del3": "Odstránte vsetky sloty pre primárne zbrane",
	"del4": "Odstránit vsetky sloty pre sekundárne zbrane",
	"del5": "VYMAZTE ALEBO ZAMKNITE VSETKY STÍTKY A POLOZKY",
	"del6": "Odstránit vsetky polozky",
	"del7": "Odstránit vsetky sloty",
	"del8": "Zamknite vsetky polozky",
	"del9": "VYMAZAJTE JEDNOTLIVÉ POLOZKY",
	"del10": "Odstránit vsetky farby",
	"del11": "Odstránit vsetky masky",
	"del12": "Odstránit vsetky materiály",
	"del13": "Odstránit vsetky vzory",
	"del14": "Odstránit vsetky doplnky zbraní",
	"add_item1": "Pridat 1 od kazdej Polozky",
	"add_item2": "Pridat 1 od kazdej Farby",
	"add_item3": "Pridat 1 od vsetkého",
	"add_item4": "Pridat 1 od kazdej Masky",
	"add_item5": "Pridat 1 od kazdého Materiálu",
	"add_item6": "Pridat 1 od kazdého Vzoru",
	"add_item7": "Pridat 1 od kazdej Zbranový doplnok",
	"add_item8": "Pridat 5 od kazdého Itemu",
	"add_item9": "Pridat 5 od kazdej Farby",
	"add_item10": "Pridat 5 od vsetkého",
	"add_item11": "Pridat 5 od kazdej Masky",
	"add_item12": "Pridat 5 od kazdého Materiálu",
	"add_item13": "Pridat 5 od kazdého Vzoru",
	"add_item14": "Pridat 5 od kazdého Zbranového doplnka",
	"add_money": "Money",
	"add_money1": "MOZNOST RESETOVAT PENIAZE",
	"add_money2": "Resetujte peniaze",
	"add_money3": "PRIDAT PENIAZE",
	"add_money4": "Pridat 1 Million + 4 Million Offshore",
	"add_money5": "Pridat 10 Million + 40 Million Offshore",
	"add_money6": "Pridat 100 Million + 400 Million Offshore",
	"add_money7": "Pridat 1 Billion + 4 Billion Offshore",
	"add_money8": "Pridat 1 Million ",
	"add_money9": "Pridat 10 Million ",
	"add_money10": "Pridat 100 Million ",
	"add_money11": "Pridat 1 Billion ",
	"add_skill1": "zrucností",
	"add_skill4": "Moznosti zrucnostných bodov",
	"add_perk": "MOZNOSTI PERK",
	"add_perk1": "Reset perk bodov",
	"add_perk2": "Odomknite vsetky výhody",
	"add_perk3": "Perkové moznosti",
	"add_achievement": "ACHIEVMENT MOZNOSTI",
	"add_achievement2": "Pridajte jednotlivé úspechy",
	"add_achievement3": "Odstránte jednotlivé úspechy",
	"add_achievement4": "Zamknite vsetky úspechy",
	"add_achievement5": "Odomknite vsetky úspechy",
	"ai_menu3": "Cloaker Only Cuffs AI",
	"text_f10_1": "Job Menu",
	"text_f10_4": "MOZNOSTI PREGAME",
	"dontwait": "Vynútený start",
	"dontwait_help": "Force Start The Game, Zabránte cakaniu",
	"getemall": "Odomknite vsetky Assety",
	"text_f10_5": "IN-GAME moznosti",
	"text_f10_12": "Secure Body Bags For Cash",
	"text_f10_13": "Prepínanie interakcie",
	"text_f10_3с_1": "Obmedzenie granátu",
	"text_f10_3с_1_help": "Obmedzuje hádzanie granátov v utajení",
	"text_f10_3с_2": "Ziadny casovac úniku",
	"text_f10_3с_6": "Vysielackový mód",
	"text_f10_3с_6_help": "Zvysuje sumu vysielaciek",
	"text_f10_3с_10": "XP Násobitel",
	"text_f10_3с_10_help": "Vynásobte XP zarobené dvakrát, povolte pre kazdú mapu, ktorú chcete vynásobit",
	"text_f10_3с_11": "HUD ZAPNUTÝ",
	"main_menu_num": "Spawn menu",
	"spawn_menu": "Spawn nepriatelia / spojenci",
	"spawn_on_self_unt": "Spústacie jednotky",
	"spawn_on_self_spec_unt": "Spústat speciálne jednotky",
	"spawn_on_self_gensec_unt": "Vytvorte elitné jednotky Gensec",
	"spawn_on_self_unt_frnd": "Spawnút spojencov",
	"spawn_on_self_spec_unt_frnd": "Spawnút speciálnych spojencov",
	"spawn_on_self_gensec_unt_frnd": "Spawn elite Gensec spojencov",
	"spawn_frnd": "Spawnút civilistov",
	"spawn_band": "Spawnút banditov",
	"spawn_equipment": "Spawnút zariadenie na crosshaire",
	"spawn_lootmode": "Spawnút vykradnuté veci / predmety / vozidlá na crosshaire",
	"spawn_menu_1_1": "Nepriatelia a spojenci",
	"spawn_menu_1_2": "Iba ak je to mozné",
	"spawn_menu_bandit": "Bandita",
	"FR_1": "Civilista",
	"FRFR1": "Elite GENSEC",
	"FRFR4": "LMG Buldozér",
	"FRP1": "Shield",
	"FRP3": "Cloaker",
	"FRP4": "Snajper",
	"FRP6": "Tejzer",
	"FRP7": "Buldozér",
	"FR0": "Policajt",
	"FR4": "Speciálne jednotky",
	"FR6": "Obrnené speciálne sily",
	"FR7": "FBI",
	"FR9": "Obrnená FBI",
	"FR10": "Ochranka"
}