{
	"antistop_back": "Return effect",
	"antistop_back_desc": "Bring the effect back to your enemy",
	"Mission_triggers": "Elegir Misión",
	"Trolling_triggers": "Troleo",
	"Spawn_triggers": "Crear",
	"Experimental_triggers": "Activadores Experimentales",
	"AiGlobalEvent": "IA Evento Global",
	"AreaTrigger": "Activar Área",
	"LaserTrigger": "Activar Láser",
	"MissionFilter": "Filtro de Misión",
	"WhisperState": "Estado de susurro",
	"SpecialObjective": "Objetivo Especial",
	"SpecialObjectiveTrigger": "Iniciar un Objetivo Especial",
	"PlayerSpawner": "Agregar Jugador",
	"PointOfNoReturn": "Punto sin Retorno",
	"SpawnGrenade": "Agregar Granada",
	"SpawnCivilianGroup": "Crear grupo de civiles",
	"SpawnCivilian": "Crear civil",
	"Filter": "Filtro",
	"EnemyDummyTrigger": "Activar de Enemigo de entrenamiento",
	"AssetTrigger": "Crear Apoyos",
	"PrePlanning": "Planificación",
	"SpawnDeployable": "Crear Desplegable",
	"TeammateComment": "Comentario de Equipo",
	"Dialogue": "Dialogo",
	"menu_f11_main_menu": "Menú de Ayuda",
	"menu_f11_cheater_tag_menu_text": "Todo sobre la Etiqueta de Tramposo",
	"menu_f11_cheater_tag_menu_text1": "Etiqueta de Tramposo",
	"menu_f11_cheater_tag_menu_text2": "Sin Etiqueta de Tramposo",
	"menu_f11_cheater_tag_menu_DLC": "Desbloquear Contenido Descargable (DLC)",
	"menu_f11_cheater_tag_menu_DLC_1": "Usando artículos de un DLC no adquirido",
	"menu_f11_cheater_tag_menu_DLC_2": "Modificación de Mascara",
	"menu_f11_cheater_tag_menu_DLC_3": "Modificación de Arma",
	"menu_f11_cheater_teg_menu_Skin_1": "Lo cual se debe solo a la gran conveniencia de que las modificaciones de armas se marcan como imposibles de obtener",
	"menu_f11_cheater_teg_menu_levle_1": "Conseguir nivel de infamia sin un solo atraco completado",
	"menu_f11_cheater_teg_menu_levle_2": "Conseguir nivel de infamia sin llegar a nivel 100",
	"menu_f11_cheater_teg_menu_levle_3": "Saltar el siguiente nivel de infamia, como del 1 al 3",
	"heist_menu": "Sobre el Asalto",
	"menu_f11_cheater_teg_menu_heist_1": "Uso de contrato de DLC no comprado",
	"menu_f11_cheater_teg_menu_heist_2": "Crear cualquier equipo, diferente del último equipo que creaste",
	"menu_f11_cheater_teg_menu_heist_3": "Lanzar más de la cantidad permitida de granadas",
	"menu_f11_cheater_teg_menu_heist_4": "Recoger una granada de la caja aumenta el límite.",
	"menu_f11_cheater_teg_menu_heist_5": "Crear más de la cantidad permitida de equipo",
	"keybinds_in": "Funcion de Teclas en ",
	"main_menu": "Menú Principal",
	"ingame_menu": "Asalto",
	"keyboard_keybinds": "Función de Teclas",
	"teg_del": "Como quitar la Etiqueta de Tramposo",
	"teg_del_1": "Desactiva el Desbloqueo de DLC",
	"teg_del_2": "Desactiva Desbloquear Apariencia",
	"teg_del_3": "Reinicia el juego e intenta unirte",
	"teg_del_4": "Estas son las razones principales.",
	"teg_del_5": "El problema sigue sin resolverse",
	"teg_del_6_prem": "Recomiendo contactarnos",
	"teg_del_7": "Tecleando F10 elimina los problemas momentáneos",
	"teg_del_8": "En el peor de los casos, vaya a Settings/Extended/Clear progress (borrar progreso)",
	"contact_us": "Contactanos",
	"open_p3dhack": "Abre P3DHack.ru",
	"menu_f11_text_dop1": "Adicional",
	"menu_f11_text_keybind7": "Localizador",
	"menu_f11_text_keybind8": "Aimbot hack",
	"menu_f11_text_keybind9": "Cámara lenta",
	"menu_f11_text_keybind10": "Noclip hack",
	"menu_f11_text_keybind_num": "Pad de números",
	"menu_f11_text_keybind13": "Rayos x públicos",
	"menu_f11_text_keybind15": "Contestar localizador",
	"menu_f11_text_keybind_mouse": "Ratón",
	"menu_f11_text_keybind16": "Teletransportar",
	"menu_f11_text_keybind_other": "Otro",
	"menu_f11_text_keybind17": "Incrementar el Montón",
	"menu_f11_text_keybind18": "Disminuir el Montón",
	"menu_f11_text_keybind20": "Revivir al equipo",
	"menu_f11_text_keybind21": "Llevar el Montón",
	"thank_for_support": "Gracias por el Apoyo",
	"open_crashlog": "Abrir el registro de Fallas",
	"no_invisible_walls": "Sin Paredes Invisibles",
	"Full_Stop_function": "Detener completamente al Tramposo",
	"Full_Stop_all": "Detener completamente a los tramposos",
	"freeze_peers": "Congelar Jugadores",
	"stopthecheater_all": "Detener Tramposos",
	"antistopthecheater_all": "Anti Stop Tramposos",
	"NoClip_Amount": "Velocidad de NoClip",
	"hide_buy_dlc": "Ocultar Comprar DLC",
	"arrows_helicopter": "Flechas en el teclado",
	"control_helicopter": "Control el Helicóptero",
	"All_type": "Todos",
	"Host_type": "Anfitrión",
	"Client_type": "Cliente",
	"cheater_tag": " [Etiqueta de Tramposo]",
	"cheater_tag_host": " [Etiqueta de Tramposo para el Anfitrión]",
	"cheater_tag_client": " [Etiqueta de Tramposo para el Cliente]",
	"night": " noche",
	"secret_perks_no_negative_title": "Sin efectos negativos",
	"buddha_mode": "Modo Buddha",
	"killall": "Opciones de Eliminar a Todos",
	"IgnoreCivilians": "Ignorar civiles",
	"IgnoreTied": "Ignorar rehenes atados",
	"IgnoreCameras": "Ignorar camaras",
	"IgnoreEnemies": "Ignorar enemigos",
	"NoBagBodies_title": "No hay bolsas de cadaveres",
	"NoBagBodies": "No hay bolsas de cadáveres [Etiqueta de Tramposo para el Cliente]",
	"F2_help1": "Deberias tener un arma secundara activada o el resultado sera un falla en el juego",
	"F2_help2": "Deberas tener un arma primaria activa o el resultado sera una falla en el juego",
	"stopthecheater_function": "Detener al hacker",
	"freeze_peer": "Congelar al jugador",
	"select_value": "Selecciona el valor deseado",
	"fast_lvl": "Nivel rapido",
	"crime_spree_boost": "Aumento de Crime Spree",
	"set_crime_spree_boost": "Puntos del crime Spree por asalto",
	"shoot_through_wall_thickness_desc": "Pon el valor de cuantos objetos puedes atravesar con balas, 40 es para una pared normal",
	"shoot_through_wall_desc": "Esto no te dara la habilidad para traspasar balas",
	"target_closest_title": "Enemigo a corta distancia",
	"target_closest_desc": "Ponlo en true si quires que la mirilla se autoapunte sobre un enemigo cercano o simplemente no",
	"change_aim_function": "Configuracion de aim y auto disparo",
	"active_pagers": " Activar localizadores",
	"set_infamy": "Establefer en ",
	"add_exp": "Opciones de XP",
	"add_lvl": "Opciones del nivel",
	"answer_phones": "Contestar a todos los localizadores",
	"get_preplanning": "Desbloquear todos los elementos del pre-plan",
	"force_ready": "Forzar Listo",
	"force_unready": "Forzar no Listo",
	"XP_bust_help1": "Multiplicar XP y ganancias",
	"XP_bust_help2": ", Habilitar al mapa que quieres miltiplicar",
	"pick_up_right_engine": "Coger los motores correctos",
	"pickup_files": "Coger los archivos correctos",
	"mind_civ_f3_1": "Controlar mente",
	"int_team": "Interacción Instantánea",
	"auto_answer_phones": "Auto Contestar todos los Teléfonos",
	"no_lasers": "Lasers no activaran la alarma",
	"inf_ammo_reload": "Municion infinita recargable",
	"keyboard_health_and_ammo": "ENERGIA Y MUNICIÓN RESTAURADAS",
	"keyboard_locator_1": "[1/8] PAQUETE : ",
	"keyboard_locator_2": "[2/8] TARJETA/PUERTA DE SEGURIDAD",
	"keyboard_locator_3": "[3/8] ARMA/COCAINA",
	"keyboard_locator_4": "[4/8] TABLON/TALADRO",
	"keyboard_locator_5": "[5/8] CAJA/PALANCA",
	"keyboard_locator_6": "[6/8] MISSION",
	"keyboard_locator_7": "[7/8] DINERO",
	"keyboard_locator_8": "[8/8] TODO",
	"keyboard_ammo": "MUNICIÓN REESTABLECIDA",
	"keyboard_reviveteam": "TEAM-MATE(S) REVIVED",
	"Unlockers": "Desbloqueadores",
	"you_can_desc": "puedes aumentar o disminuir",
	"Inf_Cam_Loops_and_Duration": "duraciones infinitas y cambio de camaras",
	"First_column": "Primera columna",
	"Second_column": "Segunda columna",
	"Third_column": "Tercera columna",
	"inf_cable": "Ataduras infinitas",
	"main_menu_f7_premium_text1": "opciones de tiempo en la interaccion (QUITA EL TIEMPO EN",
	"main_menu_f7_premium_text2": " SEGUNDOS)",
	"InteractTimer_Value_title": "tiempo de interaccion",
	"NameSpoofer_title": "Cambiador de apodo",
	"NameSpoofer_desc": "Ponte un nuevo nombre de juego para ocultar tu nombre verdadero de steam",
	"How_to_NameSpoofer_title": "como cambiar el nombre de OVERKILL_Almir?",
	"How_to_NameSpoofer_desc": "Click aqui para averiguar como cambiar OVERKILL_Almir de nombre",
	"secret_skills_and_perks_title": "Habilidades y conjuntos secretos",
	"secret_skills_title": "Habilidades secretas",
	"secret_skills_desc": "Activa todas las habilidades, pero en la habilidad frenezy no reduce vida y da la armadura",
	"secret_perks_title": "conjunto de habilidades secretas",
	"Activator_Functions_title": "Activador de funciones",
	"Activator_Functions_desc": "Siempre debe de estar activado",
	"fast_scroll_title": "Desplazamiento rapido",
	"fast_scroll_desc": "Ahora puedes deslizarte rapido en las opciones de juego ",
	"spoofs_title": "Spofer de cartas",
	"unbannable_skin_title": "Unbaneables skins falsas",
	"unbannable_skin_desc": "No te marcara como hacker cuando uses skins legendarias",
	"skip_videos_title": "Saltar videos",
	"press_any_key_title": "Saltar videos con cualquier tecla",
	"rss_options": "Opciones RSS",
	"gap_offsets_text": "POSICION",
	"gap_menus_text": "VISIBILIDAD",
	"gap_time_text": "ROTACION",
	"gap_news_text": "DATO",
	"removeNewHeistsGui_title": "Remover el baner del menu principal",
	"removeNewHeistsGui_desc": "Remover comerciales del menu principal",
	"removeWallet_title": "Remover cartera",
	"removeWallet_desc": "Remover el costo del dinero del extranjero y monedas continentales del modo crime spree",
	"show_main_title": "Menu principal",
	"show_main_desc": "Mostrar el menu RSS en el menu principal",
	"show_pause_title": "Menu de pausa",
	"show_pause_desc": "Mostrar RSS en el menu de pausa",
	"show_lobby_title": "Sala",
	"show_lobby_desc": "Mostrar RSS en la sala",
	"show_spree_title": "Sala de crime spree",
	"show_spree_desc": "Mostrar RSS en la sala de crime spree",
	"OFFSET_X_title": "linea X",
	"OFFSET_X_desc": "Especificamente la linea X donde se muestran las noticias de p3dhack",
	"OFFSET_Y_title": "Linea Y",
	"OFFSET_Y_desc": "Especificamente la linea Y donde se muestran las noticias de p3dhack",
	"PRESENT_TIME_title": "Tiempo presente",
	"PRESENT_TIME_desc": "Que tanto durara el titulo en aparecer",
	"SUSTAIN_TIME_title": "Tiempo en que se mantiene",
	"SUSTAIN_TIME_desc": "Que tanto se mantiene el titulo en pantalla",
	"REMOVE_TIME_title": "Remover el tiempo",
	"REMOVE_TIME_desc": "Que tanto durara el titulo en desaparecer",
	"MAX_NEWS_title": "Maximo de noticias en aparecer",
	"MAX_NEWS_desc": "Maximo de noticias en cargar por cada codigo",
	"MAX_NEWS_SHOW_title": "Maximo de noticias en mostrarse",
	"MAX_NEWS_SHOW_desc": "Cantidad total de noticias en rotacion",
	"MIX_title": "Combinar titulos",
	"MIX_desc": "Combinar los titulos. Si lo desactiva los titulos estaran normal",
	"the_end_burn": "Foto brillando",
	"the_end_door": "Abrir la puerta secreta",
	"hints_1": "Nos hemos esforzado mucho para que p3dhack cada vez sea mejor",
	"buy_premium": "Mira las novedades de p3dhack premium",
	"premium_buy_title": "Comprar el premium",
	"Free_Crime_Spree_title": "Crime spree gratis",
	"unlock_all_tiers": "Desbloqeuar todos los niveles tier",
	"set_killzone": "Bofetar al jugador",
	"reduce_damage_all": "Recibir 50% de daño",
	"hide_text_title": "Desactivar todos los textos de p3dhack",
	"hide_text_desc": "Puedes desactivar todos las menciones de p3dhack",
	"reboard": "Recubrir",
	"reboard_help": "Tu puedes volver a tapar las ventanas",
	"mod_list_lite_title": "Lista de MOD simplificada",
	"mod_list_lite_desc": "Corrige el problema de congelarse el juego al ver la lista de mods BLT",
	"SafeSimulatorMenu_function": "Simulador de caja",
	"ScamDetectionLevel_title": "Nivel de ocultacion",
	"ScamDetectionLevel_desc": "Tu nivel de ocultacion es 3",
	"vrmenu": "VR Menu",
	"I_Use_VR_title": "Compatibilidad con VR",
	"I_Use_VR_desc": "Activa esta opcion si estas usando gafas VR",
	"ride_player": "Piggyback",
	"increase_ladder": "Aumenta la anchura y la altura de la escalera",
	"WORLD": "MUNDO",
	"RIVALS": "RIVALES",
	"only_for_you": "Solo para ti",
	"troll_remove_body": "Remover cuerpo",
	"troll_remove_right_leg": "Remover pierna derecha",
	"troll_remove_left_leg": "Remover pierna izquierda",
	"troll_remove_legs": "Remover piernas",
	"troll_stop_it": "Pararlo",
	"troll_cut_head": "Cortar cabeza",
	"troll_hide_doors": "Ocultar puertas",
	"troll_show_doors": "Mostrar puertas",
	"troll_upgrade_cameras": "Mejorar camaras",
	"jerry1": "Volando",
	"jerry2": "Descender con el paracaidas",
	"carry": "llevar",
	"mask_off": "Sin mascara",
	"clean": "Limpiar",
	"civilian": "Civil",
	"standard": "Normal",
	"teleport_all_to_me": "Teletransportar todos a mi poscicion",
	"troll_activate_triggers": "Activar Triggers",
	"troll_enable_units": "Habilitar unidades",
	"troll_disable_units": "Deshabilitar Unidades",
	"troll_end_mission": "Terminar mision",
	"troll_world": "Trolear al mundo",
	"turret_spawn": "Crear torreta",
	"turret_friendly": "Friendly Turret",
	"turret_enemy": "Torreta enemiga",
	"add_items_all_menu": "Lista completa",
	"del_items_all_menu": "Lista completa",
	"del_items_menu": "menu para borrar items del inventario",
	"right_engine_menu": "Menu con el motor correcto",
	"right_engine": "Mostrar el motor correcto",
	"spawn_right_engine": "Crar el motor correcto",
	"cheater tag": "tag de hacker",
	"dangerous": "peligroso",
	"suspiciously": "sospechoso",
	"save_and_reload_title": "Guardar y Recargar",
	"save_and_reload_desc": "Esta función te ayudara a aplicar los cambios instantáneamente a la configuración de P3DHack",
	"P3DHack_Menu_title": "Menú P3DHack",
	"P3DHack_Menu_desc": "Rapidas y Convenientes funcionalidades en un solo lugar",
	"hud_function": "Funciones del HUD",
	"hide_p3dhack_menu_desc": "Oculta P3DHack en el Menú Principal",
	"Hide_Functions": "Ocultar Funciones",
	"hide_smoke_title": "Ocultar Humo",
	"hide_logo_title": "Ocultar logo de PAYDAY",
	"hide_pattern_title": "Ocultar Apariencia",
	"hide_particles_title": "Ocultar Partículas",
	"Skip_Functions": "Saltear Funciones",
	"Skip_Press_title": "Saltear presiona enter",
	"global_unavailable": "No disponible",
	"helicopter": "Mod Helicóptero",
	"autoshoot": "Auto-disparar",
	"troll_activate_elements": "Activar elementos",
	"troll_open_doors": "Abrir todas las puertas",
	"troll_close_doors": "Cerrar todas las puertas",
	"troll_open_vault": "Abrir Bóveda",
	"troll_close_vault": "Cerrar Bóveda",
	"troll_remove_head": "Remover la cabeza de los enemigos",
	"troll_invisible_spooks": "Hacer a Espías Invisibles",
	"troll_launch_cars": "Lanzar los vehículos de los jugadores por los aires",
	"troll_close_van_doors": "Cerrar las puertas de la Van",
	"troll_open_van_doors": "Abrir las puertas de la Van",
	"rofl_drills": "Rofl Taladro",
	"Speed_hack": "Hack Rápido",
	"melee_range": "Rango Amplio de Cuerpo a Cuerpo",
	"melee_charge": "Rápida carga de ataque Cuerpo a Cuerpo",
	"melee_no_delay": "Golpes Rápidos",
	"hider_title": "Esconder mods",
	"hider_type_title": "Que esconder?",
	"Only_P3D": "Solo P3DHack",
	"All": "Todos los Mods",
	"Crosshair_title": "Punto de Mira",
	"specific_weapons_unlocker_title": "Desbloquear Armas específicas",
	"NewMenu_function": "Auto hacks",
	"Dodge_Chance_Buff_title": "Posibilidad para Esquivar",
	"Dodge_Chance_Buff_Amount_title": "Valor de la Chance para Esquivar",
	"Dodge_Chance_Buff_Amount_desc": "0.1 = 10%, 1 = 100%",
	"Melee_Buff_title": "Impulso de Daño Cuerpo a Cuerpo",
	"Melee_Buff_Amount_title": "Valor del Multiplicador",
	"Unlimited_BodyBags_title": "Bolsas de cadáveres infinitas",
	"Jump_Mask_Off_title": "Saltar en el Modo Observador",
	"Fast_Mask_title": "Máscara rápida",
	"Infinite_Hostage_Follow_title": "Cantidad infinita de Rehenes que siguen",
	"Interaction_CoolDown_title": "Regeneración de Interacción Instantánea",
	"Sixth_Sense_Reset_title": "Sexto Sentido",
	"Sixth_Sense_Reset_desc": "Solo se resetea cuando te mueves",
	"Bag_CoolDown_title": "Sin tiempo para tomar otra carga",
	"Camera_Bag_Explosion_Multiplier_title": "Multiplicador de efecto de bolsa explosiva",
	"Camera_Bag_Explosion_Multiplier_desc": "Quieres habilitar el multiplicador del efecto de bolsa explosiva?",
	"Camera_Bag_Explosion_Multiplier_Amount_title": "Valor Multiplicado",
	"Camera_Bag_Explosion_Multiplier_Amount_desc": "Por defecto 4",
	"Explosion_Buff_title": "Impulso de daño de las explosiones",
	"Explosion_Buff_Amount_title": "Valor del daño de las explosiones",
	"Lowered_Headbob_title": "Efecto de Aceleración reducido",
	"Toggle_Interact_title": "Activar Interacción",
	"Toggle_Interact_desc": "Quieres activar la Interacción?",
	"Grenade_Restrict_title": "Restringir granadas en sigilo",
	"Pager_Mod_title": "Aumentar las respuestas a los localizadores",
	"Zipline_Drop_title": "Soltar las Bolsas que Cargas mientras usas la Tirolina",
	"Classic_Open_Door_title": "Opción clásica de abrir todas las Puertas",
	"Classic_Open_Door_desc": "Opción clásica de abrir todas las puertas, quizás no sirva siempre, está más limitado a puertas específicas",
	"New_Open_Door_title": "Nueva Opción para abrir todas las puertas",
	"New_Open_Door_desc": "Nueva Opción para abrir todas las puertas, forzar todas las cerraduras, Cajas fuertes, cajas de depósito etc.",
	"Anti_Cheat_Disable_title": "Deshabilitar Anti-hacks",
	"Anti_Cheat_Disable_desc": "Permite que puedas crear bolsas y mucho más",
	"Secure_BodyBags_title": "Asegurar bolsas de cadáveres por Dinero",
	"Secure_BodyBags_Loot_Value_title": "Cantidad de dinero",
	"Secure_BodyBags_Loot_Value_desc": "Cantidad de dinero por asegurar bolsas de cadáveres",
	"No_Job_Heat_title": "Deshabilitar sanciones repetidas en un trabajo",
	"Job_Heat_Amount_title": "Establece la cantidad de bonificación en un trabajo",
	"Job_Heat_Amount_desc": "por defecto 1.15 = 15%",
	"XP_Multiplier_title": "Multiplicador de experiencia",
	"XP_Multiplier_Amount_title": "Valor del multiplicador de experiencia",
	"othermenu_function": "Otros",
	"Rats_Message_title": "Ayudante de Metanfetaminas",
	"Rats_Message_desc": "Mostrar el Químico correcto en el chat",
	"Delay_title": "Retraso entre los ingredientes",
	"CookMeth_function": "Funciones para cocinar Metanfetaminas",
	"troll_alarm": "Policía de Hotline",
	"alarm_crim": "Reportar un criminal",
	"alarm_gun": "Reportar sonido de disparos",
	"alarm_exp": "Reportar explosión",
	"alarm_mon": "Reportar un MONSTRUO!",
	"delete_units": "Borrar todas las unidades sincronizadas del mapa",
	"mute_ply": "Silenciar",
	"kick_all": "Expulsar a todos",
	"crash_game": "Crashea su juego",
	"Bullet_Penetration_func": "Penetración de bala con todas las armas",
	"Bullet_Penetration_Shield_title": "Disparar a través de los escudos",
	"Bullet_Penetration_Enemy_title": "Disparar a través de los enemigos",
	"Bullet_Penetration_Wall_title": "Disparar a través de las paredes",
	"Skip_End_Screen_title": "Permite saltar la pantalla final",
	"other_menus": "Otros Menús",
	"Bag_mod_toggle": "Mod de bolsa",
	"change_statistic": "Cambiar Estadísticas",
	"p3dtext_language_title": "Idioma",
	"dlc_title": "Desbloqueo de DLC [Tag de tramposo]",
	"skin_title": "Desbloqueo de Apariencias",
	"skin_armor_title": "Desbloqueo de Apariencias de las armaduras",
	"noclip_title": "MOD NoClip",
	"rave_title": "Rehen Delirante",
	"rave_desc": "Quisieras activar el tomar rehenes rápido?",
	"antistop_title": "Anti Cámara lenta",
	"antistop_desc": "Habilítalo si no quiere una etiqueta de Trampos@",
	"antistop_info_title": "Quien lo hizo?",
	"antistop_info_desc": "Habilítelo si quiere saber quién intentó retrasarte. El spam es posible",
	"slow_attention": "Atención!",
	"slow_you": "Intento retrasarlo con rapidez",
	"change_statistic_total_kills_title": "Cantidad de Muertes",
	"change_statistic_specials_kills_title": "Cantidad de Muertes de Especiales",
	"change_statistic_head_shots_Amount_title": "Número de disparos a la cabeza",
	"change_statistic_accuracy_Amount_title": "Porcentaje de precisión",
	"change_statistic_downs_Amount_title": "Número de caídas",
	"Language_text": "Localización",
	"antistopthecheater_function": "Anti Detención del hacker",
	"Main_function": "Funciones principales",
	"Free_function": "Compra gratis",
	"locator_function": "Localizador",
	"Keyboard_Auto_Config": "Auto iniciar teclas",
	"Auto_func": "Habilitado Automático",
	"change_statistic_function": "Cambiar Estadísticas",
	"text_in_game_title": "Texto en Menú principal",
	"text_in_game_desc": "Te gustaría eliminar el texto del Menú principal?",
	"Favors_title": "Puntos de Planificación",
	"Free_Assets_title": "Compras de Recursos gratis",
	"Free_Casino_title": "Compras gratis en el Casino",
	"Free_Contracts_title": "Compras gratis de Contratos",
	"Free_Masks_title": "Máscaras gratis",
	"Free_PrePlanning_title": "Puntos gratis de Planificación Previa",
	"Free_Slots_title": "Espacios para Armas y Máscaras gratis ",
	"Free_Weapons_title": "Compra de Armas gratis",
	"Free_Weapon_Mods_title": "Compras de Mejoras de Armas gratis",
	"Jumper_set_title": "Altura del Salto",
	"No_FlashBang_title": "Sin Granadas Aturdidoras",
	"No_Recoil_title": "Sin retroceso en el arma",
	"No_Spread_title": "Sin Diseminación",
	"Infinite_Stamina_title": "Corre sin cansarte",
	"Dropin_Pause_Remove_title": "Remover la Pausa al Ingresar",
	"Auto_Pick_Card_title": "Auto Elegir Carta",
	"X_Ray_title": "Rayos X",
	"X_Ray_desc": "Por defecto es X",
	"Full_Replenish_title": "Restauración Completa",
	"Full_Replenish_desc": "por defecto es Z",
	"Ammo_Replenish_title": "Restaurar Munición",
	"Ammo_Replenish_desc": "Por defecto es con C",
	"Vehicle_Spawn_title": "Aparecer un Vehículo",
	"Vehicle_Spawn_desc": "Por defecto es V",
	"Grenade_Spawn_title": "Hacer aparecer una granada",
	"Grenade_Spawn_desc": "Por defecto es B",
	"Grenade_Spawn_Type_title": "Tipo de granada",
	"Grenade_Spawn_Type_desc": "Selecciona el tipo de granada",
	"Hud_Toggle_title": "Deshabilitar el HUD",
	"Hud_Toggle_desc": "Por defecto es F10",
	"Gage_Package_title": "Hacer aparecer paquetes de Gage",
	"Gage_Package_desc": "Por defecto es \\",
	"Restart_Job_title": "Reiniciar un Trabajo",
	"Restart_Job": "Por defecto es la tecla /",
	"Ultimate_Kill_title": "Matar a todos",
	"Ultimate_Kill_desc": "Por defecto es la tecla *",
	"Auto_Drill_Service_desc": "el taladro se auto repara en caso de atascarse",
	"Carry_Mod_desc": "Remueve el Peso de Todas las Bolsas y la capacidad Explosiva de las Bolsas de Munición",
	"Interact_Distance_Amount_title": "Valor de la Interacción a distancia",
	"Instant_Interact_With_Anything_desc": " Por Ejemplo para bloquear Ventanas,o añadir ingredientes para Cocinar",
	"Weapon_Damage_Multiplier_Amount_title": "Valor multiplicador del daño del Arma",
	"Weapon_Fire_Rate_Multiplier_title": "Impulso de la Cadencia de Disparo",
	"waypoints_showDistance": "Mostrar distancia",
	"waypoints_showDistance_desc": "Muestra la distancia de Cada Ubicación.",
	"waypoints_showGagePickups": "Mostrar los paquetes de Gage",
	"waypoints_showGagePickups_desc": "Mostrar los paquetes de Gage en el mapa.",
	"waypoints_showPlanks": "Mostrar Tablones",
	"waypoints_showPlanks_desc": "Muestra los Tablones en el mapa.",
	"waypoints_showSmallLoot": "Muestra Botín pequeño",
	"waypoints_showSmallLoot_desc": "Mostrar elementos que pueden Agarrarse, como dinero o joyas.",
	"waypoints_showCrates": "Mostrar Cajas",
	"waypoints_showCrates_desc": "Muestra las Cajas Abribles, como las de El Día de las Elecciones.",
	"waypoints_showDoors": "Mostrar Puertas",
	"waypoints_showDoors_desc": "Muestra un símbolo de Bloqueado en las Puertas que se abren con Tarjeta o ECM.",
	"waypoints_showCameraComputers": "Mostrar Computadora de las Cámaras",
	"waypoints_showCameraComputers_desc": "Muestra la Ubicación de las computadoras que controlan las Cámaras",
	"waypoints_showDrills": "Mostrar donde colocar Taladros",
	"waypoints_showDrills_desc": "Muestra donde colocar un Taladro Pequeño",
	"waypoints_showThermite": "Mostrar la Termita",
	"waypoints_showThermite_desc": "Muestra la Ubicación de la Termita y donde Usarla.",
	"waypoints_showSewerManhole": "Mostrar Bocas de Visita",
	"waypoints_showSewerManhole_desc": "Muestra la Ubicación de las Bocas de Visita",
	"waypoints_showHUDMessages": "Mostrar mensajes en el HUD",
	"waypoints_showHUDMessages_desc": "Muestra información en el HUD sobre las Ubicaciones.",
	"waypoints_makeNoise": "Sonar",
	"waypoints_makeNoise_desc": "Hace un sonido cuando se ejecuta el script.",
	"waypoints_iterativeToggle": "Estados Interactivos",
	"waypoints_iterativeToggle_desc": "Al estar Activo hará que cada vez que se ejecute el script, va a encontrar y mostrar la siguiente Ubicación disponible. / Al estar Desactivado mostrara todas las Ubicaciones a la vez.",
	"waypoints_sheaterNewb": "Sheater Newb",
	"waypoints_sheaterNewb_desc": "Al Activar esto le mostrara varias cosas a la gente como Ubicación de las Cabras y Máquinas de Votación.",
	"main_menu_p3dhack": "Menú Principal",
	"main_menu_help_p3dhack": "Abre el Menú Principal",
	"previous_menu_p3dhack": "Menú Anterior",
	"previous_menu_help_p3dhack": "Abre el Menú Anterior",
	"next_menu_p3dhack": "Siguiente Ventana",
	"next_menu_help_p3dhack": "Abre la Siguiente Ventana del Menú Actual",
	"prew_menu_p3dhack": "Ventana anterior",
	"prew_menu_help_p3dhack": "Abre la Ventana anterior del Menú Actual",
	"close_menu_p3dhack": "Cerrar Menú",
	"close_menu_help_p3dhack": "Cierra el Menú",
	"global_host": "SOLO ANFITRIÓN",
	"global_host_": "No Disponible (Solo Anfitrión)",
	"global_on": "Activado",
	"global_off": "Desactivado",
	"global_p3dhack": "P3DHack",
	"global_premium": "SOLO Premium",
	"mouse_teleport": "Teletransportado",
	"num_jump": "Salto Elevado",
	"num_kill": "Todos Muertos",
	"num_pg_answer": "LOCALIZADORES RESPONDIDOS",
	"main_menu_f1": "Menú del Jugador",
	"fast_f1": "ESTADOS RÁPIDOS DEL JUGADOR",
	"godmode": "Modo Dios",
	"godmode_help": "Hazte Invisible",
	"friendfire": "Fuego Amigo",
	"friendfire_help": "Activar Fuego Amigo",
	"modif_f1": "ESTADOS DEL JUGADOR",
	"drillservice": "Servicio Automático a Taladros",
	"drillservice_help": "Reinicia Taladros automáticamente luego de atascarse",
	"carrymod": "Mod de Cargamento",
	"carrymod_help": "Elimina el peso de todas las Bolsas y la capacidad explosiva de las Bolsas de Munición",
	"carrycross": "Mod de Cargamento en la Mira",
	"carrycross_help": "Crear Bolsa de Carga a donde apunte el arma, Activa esto antes si quieres usarlo con el Apilador",
	"spooccuffselfon": "Cloakers esposan a los Jugadores",
	"spooccuffselfon_help": "Los Cloakers solo te esposaran en vez de Derribarte",
	"infammobag": "Bolsa de Munición Infinita",
	"infammobag_full_": "Bolsa de Munición Infinita",
	"InfiniteSpecial_": "Especiales Infinitos",
	"InfiniteSpecial_help": "Elementos Especiales Ilimitados tales como Bridas, Tablones etc.",
	"inf_converts": "Conversiones Ilimitadas",
	"carrystack": "Apilador",
	"carrystack_help": "Te va a Etiquetar como Trampos@ si no eres el Anfitrión",
	"carrylimit": "Limite de Peso del Apilador",
	"carrylimit_help": "Modificador de Peso para Apilador, mientras más bolsas lleves más pesado eres",
	"infdocbag": "Botiquín Medico Infinito",
	"infdocbag_full": "Botiquín Medico Infinito",
	"inf_ecm": "Batería del ECM Infinita",
	"infmessiah": "Cargas de Mesías Infinitas",
	"inf_pager_answers": "Sin límites de Localizadores a Responder",
	"instantdom": "Control Instantáneo",
	"instantdrill": "Taladro / Computadora Instantánea",
	"instantdrill_help": "Puede ser Activado luego que el Taladro sea colocado o la Computadora sea Activada",
	"intdist": "Incrementar Distancia de la Interacción",
	"instantinteract": "Interacción Instantánea",
	"instantinteract_help": "Incluye respuesta Instantánea al Localizador",
	"interactanyhting": "Interactuar con Todo",
	"interactwall": "Interactuar a través de la Pared",
	"nohitdis": "Sin Desorientación al ser Golpeado",
	"smlootmulti": "Multiplicador de Botín pequeño",
	"smlootmulti_help": "Multiplicador por 3x, Limitado a un Botín de valor $2,800,000",
	"ZiplineBag": "Transporte por Tirolina",
	"ZiplineBag_help": "Te permite transportar las Bolsas en Todas las Tirolinas",
	"infsentry": "Munición Infinita en Torreta Portátil",
	"godsentry": "Modo Dios en Torreta Portátil",
	"BulletExplode": "Balas Explotan",
	"BulletFire": "Bala Incendiaria",
	"damagebuff": "Impulso de Daño",
	"fireratebuff": "Cadencia Desatada",
	"infammo": "Munición Infinita",
	"main_menu_f3": "Menú de Sigilo",
	"mind_enemies_menu": "Control Mental a Enemigos",
	"mind_civs_menu": "Control Mental a Civiles",
	"pigsfly": "Cerdos Voladores",
	"copsquit": "Policías que se Rinden",
	"drunkpigs": "Cerdos Ebrios",
	"civdance": "Marionetas Bailantes",
	"civsmoke": "Muertes Humeantes",
	"civcower": "Cubriendo Ovejas",
	"phonycivs": "Phony Yuppies",
	"main_menu_f3_1": "OPCIONES Y ESTADOS",
	"cops_dont_shoot": "Policías no disparan",
	"cops_dont_shoot_help": "Los Policías no te Dispararan",
	"disable_cams": "Desactivar Cámaras",
	"disable_pagers": "Desactivar Localizadores",
	"free_kill": "Liberar Muertes de Civiles",
	"pagedom": "Desactivar Localizador al Controlar",
	"pagedom_help": "Si se está usando Controlar Instantáneamente esto debe ser activado antes para que ambos funcionen",
	"prevent_panic_buttons": "Sin Botón de Emergencias / Datos quemados",
	"people_dont_call_police": "Civiles no llamaran a la Policía",
	"lobai": "Lobotomizar Bots",
	"randompage": "Localizadores Aleatorios",
	"randompage_help": "Activar Localizadores Aleatorios",
	"steal_pagers_on_melee": "Robar los Localizadores",
	"steal_pagers_on_melee_help": "Desactivar Localizador cuando Golpeas a un Guardia",
	"convertall": "Convertir a Todos los Enemigos",
	"convertall_full": "Todos los Enemigos Convertidos",
	"remote_camera": "Acceso a Cámara Remota",
	"main_menu_f4": "Menú para Manipular Misión",
	"bettyboom": "Mod de Betty Boom",
	"bettyboom_full": "ESTRUENDOSA BETTY BOOM",
	"bettyboom_help": "Eliminar BOTS después de Morir",
	"dirtymoney": "Soltar Dinero Manchado",
	"dirtymoney_help": "Soltar dos Bolsas con Oro luego de que un BOT muera",
	"autocook": "Auto Cocina en Ratas",
	"autocook_full": "AUTO-COCINAR",
	"autocook_help": "Cocina automáticamente en el Día 1 de Ratas y Cocineros, Debes tener Químicos para proceder a Cocinar",
	"m_info": "OPCIONES",
	"civil": "Alertar Civiles",
	"civil_help": "Intimidar a Todos los Civiles, Presiona Varias Veces para llevarlos al Suelo",
	"instaboardst": "Bloquear todas las Ventanas",
	"instaboardst_help": "Sellar con Tablas Todas las Ventanas Disponibles",
	"cutglass": "Cortar Todos los Vidrios",
	"heistintel": "Liberar Datos del Tren Militar",
	"heistintel_help": "Solo puede obtenerse en Misiones de Transporte",
	"heistintel_only": "Solo en Misiones de Transporte",
	"getpatht": "Obtener Artículo / Continuar Misión",
	"getpatht_help": "Apilador debe estar Activo, Toma Todos los artículos necesarios para continuar la Misión",
	"grabcourier": "Tomar Todos los Paquetes de Gage",
	"grabcourier_help": "Tomar Todos los Paquetes de Gage Disponibles",
	"grabgear": "Tomar Equipamiento",
	"grabgear_help": "Presione dos veces para tomar el Equipamiento",
	"grabgear_only": "Solo en Casino Golden Grin",
	"anticheat_info": "ESTADO DEL ANTI-TRAMPAS",
	"anticheat": "Desactivar Anti-Trampas",
	"anticheat_help": "Activar o Desactivar Anti-Trampas para el Anfitrión y Cliente",
	"InstantHackAll": "Hackear todos los Elementos Eléctricos",
	"InstantHackAll_help": "Hackear Computadoras, Teclados, Teléfonos o Cuadros Eléctricos Disponibles",
	"GrabDiamond": "Tomar el Diamante Instantáneamente",
	"GrabDiamond_help": "Presiona dos veces para tomar el Diamante",
	"instanthackmachines": "Abrir y Hackear Máquinas de Votación Instantáneamente",
	"instanthackmachines_only": "Solo en el Almacén de El Día de las Elecciones",
	"opencrate": "Abrir Todas las Cajas",
	"opencrate_help": "También puedes Cerrar las Cajas Disponibles",
	"bankbuster": "Abrir Todas las Cajas de Depósitos",
	"picklockst": "Abrir Todas las Puertas y Ventanas",
	"picklockst_help": "Esto no abrirá las Puertas de Seguridad",
	"picklockst1": "Forzar Todas las Cerraduras",
	"picklockst1_help": "Forzar Todas las Cerraduras y Cajas de Depósitos, Esto no abrirá las Puertas de Seguridad",
	"c4open": "Abrir Todas las Puertas y Cajas Fuertes con C4",
	"jobwin_jobloss": "OPCIONES DE VICTORIA / DERROTA",
	"jobloss": "Derrota Instantánea",
	"jobwin": "Victoria Instantánea",
	"ecmopen": "Abrir Todas la Puertas que se abren con ECM",
	"usekeycardt": "Abrir Todas la Puertas que se abren con Tarjeta",
	"usekeycardt_help": "Abrir cualquier Puerta que use Tarjeta Incluyendo las Habitaciones de Seguridad",
	"xmaspresent": "Abrir Todos los Regalos",
	"xmasflare": "Colocar / Encender Bengala",
	"DrillAll": "Iniciar / Reiniciar Taladro(s)",
	"DrillAll_help": "Iniciar o Reiniciar Cualquier Taladro Disponible",
	"takeintel": "Tomar Todos los Datos",
	"takeintel_help": "Presiona dos veces por la Información en las cajas fuertes",
	"instanttie": "Amarrar a Todos los Civiles",
	"instanttie_help": "Debes Alertar a todos los Civiles antes de Activar",
	"heistintel_info": "Datos del Tren Militar han sido liberados",
	"civilsdown_info": "Todos los Civiles Intimidados",
	"c4open_info": "Todas las Puertas Abiertas con C4",
	"grabgear_info": "Equipamiento Obtenido",
	"xmasflare_info": "Bengala Colocada / Encendida",
	"xmaspresent_info": "Todos los Regalos Abiertos",
	"ecmopen_info": "Todas la Puertas de Seguridad Abiertas con ECM",
	"getpatht_info": "Artículos de la Misión Adquiridos",
	"grabcourier_info": "Todos los Paquetes de Gage se han tomado",
	"takeintel_info": "Todala Información ha sido Asegurada",
	"takeintel1_info": "DATOS",
	"InstantHackAll_info": "Todos Cuadros Eléctricos y Cableados Abiertos y Hackeados",
	"cutglass_info": "Todos los Vidrios Cortados",
	"instanthackmachines_info": "Todas las Máquinas de Votación Abiertas y Hackeadas",
	"instanttie_info": "Todos los Civiles Amarrados",
	"usekeycardt_info": "Puertas Abiertas con Tarjetas",
	"opencrate_info": "Todas las Cajas Abiertas",
	"GrabDiamond_info": "Diamante Adquirido",
	"picklockst_info": "Todas las Ventanas y Puertas Abiertas",
	"picklockst1_info": "Todas las Cerraduras Forzadas",
	"bankbuster_info": "Todas la Cajas de Depósitos Abiertas",
	"DrillAll_info": "Taladro(s) Colocado / Reiniciado",
	"instaboardst_info": "Bloquear Todas las Ventanas con Tablas",
	"main_menu_f5": "Menú de Inventario",
	"main_menu_f5_text1": "Menú para agregar Artículos - Selecciona Artículo",
	"main_menu_f5_text2": "Menú de Bolsas de Botín - Seleccione Bolsa",
	"main_menu_f5_text3": "Menú de Bolsas de Equipo - Seleccione Bolsa",
	"main_menu_f5_text4": "Menú del Reactor de El Poder del Petróleo - Seleccione Reactor",
	"add_items_menu": "Menú para agregar Artículos al Inventario",
	"fugas_f5": "CARTUCHOS EXPLOSIVOS",
	"spawn_f5": "MENÚS DE CREACION DE BOLSAS",
	"engine_menu": "Menú del Reactor de El Poder del Petróleo",
	"equipment_menu_f5": "Menú de Bolsas de Equipo",
	"loot_menu_f5": "Menú de Bolsa de Botín",
	"main_menu_f5_text5": "OPCIONES DE CREACION",
	"main_menu_f5_text6": "Obtén una Bolsa",
	"main_menu_f5_text7": "Lluvia de Bolsas",
	"main_menu_f5_text7_help": "No Hacer Spam, Causara una falla",
	"main_menu_f5_text8": "Crear a donde apunte el Arma",
	"main_menu_f5_text12": "OPCIONES PARA COMPACTAR",
	"main_menu_f5_text9": "Compactar todos los cuerpos",
	"main_menu_f5_text9_help": "Compactar Cadáveres Solamente",
	"main_menu_f5_text10": "Cartuchos Explosivos",
	"main_menu_f5_text10_help": "Hacer las Bolsas de Cartuchos nuevamente Explosivas",
	"main_menu_f5_text11": "Cargar Todas las Bolsas",
	"main_menu_f5_text11_help": "Apilador debe estar Activado o las Bolsas serán Eliminadas",
	"main_f5_text": "ARTÍCULOS EN GENERAL",
	"cable_tie": "Bridas",
	"organs": "Organos",
	"add_items_menu_f5": "QUÍMICOS EN RATAS / HOTLINE MIAMI",
	"add_items_menu_f5_": "CÓDIGO DE BARRA DE HOTLINE MIAMI",
	"add_items_menu_f5__": "ARTÍCULOS DE LA FUGA DE HOXTON",
	"add_items_menu_f5___": "ARTÍCULOS DEL CASINO GOLDEN GRIN",
	"main_menu_f6": "Menú de Dinero",
	"main_menu_f6_text1": "Súper Donación de 69000$ en Botín",
	"takeloot": "Embolsar todo el Botín",
	"takeloot_help": "Activar Apilador, Sí Una Blanca Navidad se Activa dos veces",
	"InteractType": "Tomar todo el Botín Pequeño",
	"OpenAtm": "Abrir Todos los Cajeros Automáticos y tomar el contenido",
	"OpenAllLoot": "Abrir todos los Cajeros Automáticos, cajas fuertes, entre otros.",
	"main_menu_f6_text2": "OPCIONES / MENÚ DE ASEGURAR",
	"main_menu_f6_text3": "Menú de Asegurar Botín",
	"securesmloot": "Asegurar todo el Botín Pequeño",
	"main_menu_f6_text4": "Botín Embolsado",
	"main_menu_f6_text5": "Botín pequeño Asegurado",
	"main_menu_f7": "Menú de Temporizador de las Interacciones",
	"main_menu_f7_text1": "OPCIONES DE TEMPORIZADOR DE INTERACCIONES (REDUCE EL TIEMPO A 3 SEG.)",
	"InteractDrillJam": "Temporizador del Taladro Atascado / Mejora",
	"InteractECMJam": "Temporizador para Abrir con ECM",
	"InteractPager": "Temporizador para Contestar Localizador",
	"InteractPickLock": "Temporizador para Forzar Cerraduras",
	"InteractRevive": "Temporizador para Revivir Jugador",
	"main_menu_f8": "Menú Trol",
	"main_menu_f8_text1": "Trolea a Otros Jugadores - Selecciona Opción",
	"main_menu_f8_text2": "Troleate - Selecciona Opción",
	"main_menu_f8_player": "Trolear a ",
	"main_menu_f8_text3": "MENÚ PARA TROLEAR JUGADORES",
	"main_menu_f8_text4": "Trolea a otros Jugadores",
	"main_menu_f8_text5": "OPCIONES DE TROLEO AL EQUIPO",
	"syncbleedall": "Desangrar a los Jugadores",
	"synccuffall": "Esposar a los Jugadores",
	"syncincaall": "Incapacitar a los Jugadores",
	"synctaseall": "Electrocutar a los Jugadores",
	"main_menu_f8_text6": "TROLEAR A JUGADORES ESPECIFICOS",
	"main_menu_f8_text7": "Otros",
	"releaseteam": "Saca a tu Equipo de la Cárcel",
	"sendalltojail_team": "Envía a tu Equipo a la Cárcel",
	"main_menu_f8_text8": "Trolea a tu Personaje",
	"main_menu_f8_text9": "OPCIONES DE ESTADO PROPIAS",
	"stateblood": "Desangrarse",
	"statecuffs": "Esposar",
	"stateinca_me": "Incapacitar",
	"stateinca": "Incapacitar",
	"statetased": "Electrocutar",
	"releaseme": "Sácame de la Cárcel",
	"lockmeup": "Llévame a la Cárcel",
	"main_menu_f8_text11": "OPCIONES DEL ESTADO DEL JUGADOR",
	"main_menu_f8_text12": "OPCIONES DE CÁRCEL / TELETRANSPORTACION",
	"syncreleaseply2": "Sacar de la Cárcel",
	"sendalltojail": "Enviar a la Cárcel",
	"teleporttoply": "Teletransportarce hacia un Jugador",
	"syncforceengine": "Forzar Motor de Carga",
	"main_menu_f8_text13": "OPCIONES",
	"depositfill": "Llenar Cajas de Depósitos",
	"depositfill_help": "LLENAR CAJAS DE DEPÓSITOS CON ORO Y EFECTIVO, NO FUNCIONA EN TODOS LAS MISIONES",
	"openvault": "Abrir Bóveda",
	"openvault_help": "ABRIR BÓVEDA, NO FUNCIONA EN TODAS LAS BÓVEDAS Y PUEDE TENER EFECTOS SECUNDARIOS",
	"overdrill": "Activar Overdrill en la Bóveda",
	"overdrill_help": "ACTIVAR OVERDRILL EN LA BÓVEDA",
	"main_menu_f8_text14": "Bóveda Abierta",
	"main_menu_f8_text15": "Cajas de Depósitos llenas",
	"main_menu_f8_text16": "Otros",
	"I_am_best": "Cambiar Estadísticas",
	"cops_to_bulld": "Los Policías muertos se convierte en Bulldozers",
	"replace_cops": "Reemplazar todos los Policías por Bulldozers",
	"tm_gm": "Activar el MODO DIOS en tu Equipo",
	"invisible_player": "Invisibilidad",
	"main_menu_f10": "Menú previo a la Misión",
	"infamy_level_menu": "Menú de Infamia",
	"inventory_menu": "Menú de Inventario",
	"clear_inventory_menu": "Limpiar Menú de Inventario",
	"add_inventory_menu": "Agregar al Menú de Inventario",
	"level_menu": "Menú de Nivel",
	"money_menu": "Menú de Dinero",
	"skill_menu": "Menú de Habilidades",
	"perk_menu": "Menú de Talentos",
	"add_achieve_menu": "Menú para Agregar Logros",
	"rem_achieve_menu": "Menú de Eliminación de Logros",
	"continental_coins_menu": "Monedas Continentales",
	"main_menu_f10_text1": "MENÚS",
	"main_menu_f10_text4": "OPCIONES DE NIVEL DE INFAMIA",
	"main_menu_f10_text5": "Menú de Puntos de Infamia",
	"main_menu_f10_text8": "OPCIONES DE PUNTOS DE INFAMIA",
	"main_menu_f10_text9": "Menú de Inventario",
	"un1": "Opciones de desbloqueos",
	"un2": "Desbloquear todos los Artículos",
	"un3": "Desbloquear todos los Espacios",
	"un4": "Desbloquear todos los Colores",
	"un5": "Desbloquear todas las Máscaras",
	"un6": "Desbloquear todos los Materiales",
	"un7": "Desbloquear todas las Apariencias",
	"un8": "Desbloquear todas las Armas",
	"un9": "Desbloquear todos los Trofeos",
	"un10": "Otros",
	"un11": "Remover el Aviso de nuevo Artículo",
	"un12": "Opciones de desbloqueos (DLC)",
	"un13": "Desbloquear Accesorios",
	"del1": "ELIMINAR ESPACIOS ESPECIFICOS",
	"del2": "Eliminar Todos los Espacios para Máscaras",
	"del3": "Eliminar los Espacios para Armas Primarias",
	"del4": "Eliminar los Espacios para Armas Secundarias",
	"del5": "ELIMINAR O BLOQUEAR TODOS LOS ESPACIOS Y ARTÍCULOS",
	"del6": "Eliminar Todos los Artículos",
	"del7": "Eliminar todos los Espacios",
	"del8": "Bloquear Todos los Artículos",
	"del9": "ELIMINAR ARTÍCULOS ESPECIFICOS",
	"del10": "Eliminar todos los Colores",
	"del11": "Eliminar todas las Máscaras",
	"del12": "Eliminar todos los Materiales",
	"del13": "Eliminar todas las Apariencias",
	"del14": "Eliminar todos los Accesorios",
	"add_item1": "AÑADE 1 DE CADA ARTÍCULO",
	"add_item2": "AÑADE 1 DE TODOS LOS COLORES",
	"add_item3": "AÑADE 1 DE TODO",
	"add_item4": "AÑADE 1 DE TODAS LAS MÁSCARAS",
	"add_item5": "AÑADE 1 DE TODOS LOS MATERIALES",
	"add_item6": "AÑADE 1 DE TODAS LAS APARIENCIAS",
	"add_item7": "AÑADE 1 DE TODOS LOS ACCESORIOS",
	"add_item8": "AÑADE 5 DE CADA ARTÍCULO",
	"add_item9": "Añade 5 de todos los colores",
	"add_item10": "Añade 5 de Cualquier Cosa",
	"add_item11": "Añade 5 de todas las Máscaras",
	"add_item12": "Añade 5 de todos los Materiales",
	"add_item13": "Añade 5 de todas las Apariencias",
	"add_item14": "Añade 5 de todos los Accesorios",
	"add_money": "Dinero",
	"add_money1": "OPCIONES DE ELIMINACIÓN DEL DINERO",
	"add_money2": "Eliminar el Dinero",
	"add_money3": "AGREGAR DINERO",
	"add_money4": "Agrega 1 Millón en efectivo + 4 Millones a la cuenta en el extranjero",
	"add_money5": "Agrega 10 Millones en efectivo + 40 Millones a la cuenta en el extranjero",
	"add_money6": "Agrega 100 Millones en efectivo + 400 Millones a la cuenta en el extranjero",
	"add_money7": "Agrega 1 Billón en efectivo + 4 Billones a la cuenta en el extranjero",
	"add_money8": "Agrega 1 Millón en efectivo",
	"add_money9": "Agrega 10 Millones en efectivo",
	"add_money10": "Agrega 100 Millones en efectivo",
	"add_money11": "Agrega 1 Billón en efectivo",
	"add_skill1": "HABILIDADES",
	"add_skill4": "OPCIONES DE PUNTAJE DE HABILIDADES",
	"add_perk": "OPCIONES DE TALENTOS",
	"add_perk1": "Reiniciar puntos de Talentos",
	"add_perk2": "Desbloquear todos los Talentos",
	"add_perk3": "OPCIONES DE PUNTAJE DE TALENTOS",
	"add_achievement": "OPCIONES DE LOGROS",
	"add_achievement2": "Agrega un logro especifico",
	"add_achievement3": "Eliminar un logro especifico",
	"add_achievement4": "Bloquear todos los Logros",
	"add_achievement5": "Desbloquear todos los Logros",
	"ai_menu3": "El Cloaker únicamente esposa a los BOTS",
	"text_f10_1": "Menú de Trabajos",
	"text_f10_4": "Opciones previas a la Misión",
	"dontwait": "Forzar inicio de la Misión",
	"dontwait_help": "Forzar inicio de la Misión y evitar esperas",
	"getemall": "Desbloquear todos los Recursos",
	"text_f10_5": "OPCIONES EN LA PARTIDA",
	"text_f10_12": "Asegurar bolsas de cadáveres a cambio de dinero",
	"text_f10_13": "Cambiar de Interacción",
	"text_f10_3с_1": "Restricción para granadas",
	"text_f10_3с_1_help": "Evitar que en sigilo se arrojen granadas",
	"text_f10_3с_2": "Desactivar cuenta regresiva para escapar",
	"text_f10_3с_6": "Localizador Modificado",
	"text_f10_3с_6_help": "Incrementar cantidad de Localizadores a responder",
	"text_f10_3с_10": "Multiplicador de EXP",
	"text_f10_3с_10_help": "Multiplicar EXP ganada x2, Activado para cada mapa donde quieras multiplicarla",
	"text_f10_3с_11": "HUD ACTIVADO",
	"main_menu_num": "Menú Crear en la Misión",
	"spawn_menu": "Crear Enemigos / Aliados",
	"spawn_on_self_unt": "Crear Unidad",
	"spawn_on_self_spec_unt": "Crear Unidad Especial",
	"spawn_on_self_gensec_unt": "Crear GENSEC Elite",
	"spawn_on_self_unt_frnd": "Crear Aliado",
	"spawn_on_self_spec_unt_frnd": "Crear Aliado Especial",
	"spawn_on_self_gensec_unt_frnd": "Crear GENSEC Elite Aliado",
	"spawn_frnd": "Crear Civiles",
	"spawn_band": "Crear Maleantes",
	"spawn_equipment": "Crear equipo de apoyo a donde apunte el arma",
	"spawn_lootmode": "Crear botín / objetos / vehículos a donde apunte el arma",
	"spawn_menu_1_1": "Enemigos y Aliados",
	"spawn_menu_1_2": "Solo cuando sea posible",
	"spawn_menu_bandit": "Maleante",
	"FR_1": "Maleante",
	"FRFR1": "GENSEC Elite",
	"FRFR4": "LMG Bulldozer",
	"FRP1": "Shield",
	"FRP3": "Cloaker",
	"FRP4": "Francotirador",
	"FRP6": "Taser",
	"FRP7": "Bulldozer",
	"FR0": "Policía",
	"FR4": "Fuerzas Especiales",
	"FR6": "Fuerzas Especiales Blindadas",
	"FR7": "FBI",
	"FR9": "FBI Blindado",
	"FR10": "Guardia de Seguridad"
}