{
	"WandV_Menu": "WolfHUD och VHUDPlus Meny",
	"WandV_Menu_fix": "WolfHUD och VHUDPlus Kompatibilitet",
	"WandV_Menu_fix_help": "Interaktionsfunktionen kommer från Huds",
	"compatibility": "Kompatibilitet",
	"van_styles_menu": "Van Styles",
	"default": "Standard",
	"overkill": "Overkill",
	"brown": "Brun",
	"green": "Grön",
	"grey": "Grå",
	"red": "Röd",
	"white": "Vit",
	"yellow": "Gul",
	"icecream": "Glass",
	"spooky": "Läskigt",
	"instant_drill_F8": "Snabborrning",
	"open_overdrill": "Öppna Overdrill",
	"antistop_back": "Retureffekt",
	"antistop_back_desc": "Ta tillbaka effekten till din fiende",
	"Mission_triggers": "Mission Triggers",
	"Trolling_triggers": "Trolling Triggers",
	"Spawn_triggers": "Spawn Triggers",
	"Experimental_triggers": "Experimental Triggers",
	"AiGlobalEvent": "Global AI event",
	"AreaTrigger": "Area Trigger",
	"LaserTrigger": "Laser Trigger",
	"MissionFilter": "Filtrera uppdrag",
	"WhisperState": "Viskningstillstånd",
	"SpecialObjective": "Special uppdrag",
	"SpecialObjectiveTrigger": "Special uppdrag utlösare",
	"PlayerSpawner": "Player Spawner",
	"PointOfNoReturn": "Ingen återvändo",
	"SpawnGrenade": "Spawn Grenade",
	"SpawnCivilianGroup": "Spawn Civilian Group",
	"SpawnCivilian": "Spawn Civilian",
	"Filter": "Filtrera",
	"EnemyDummyTrigger": "Enemy Dummy Trigger",
	"AssetTrigger": "Asset Trigger",
	"PrePlanning": "Förplanering",
	"SpawnDeployable": "Spawn Deployable",
	"TeammateComment": "Lagkamrat kommentar",
	"Dialogue": "Dialog",
	"menu_f11_main_menu": "Hjälp Meny",
	"menu_f11_cheater_tag_menu_text": "Allt Om Fuskar Tagg",
	"menu_f11_cheater_tag_menu_text1": "Fuskar Tagg",
	"menu_f11_cheater_tag_menu_text2": "Ingen Fuskar Tagg",
	"menu_f11_cheater_tag_menu_DLC": "DLC Upplåsning",
	"menu_f11_cheater_tag_menu_DLC_1": "Använd object från icke köpt DLC",
	"menu_f11_cheater_tag_menu_DLC_2": "Maskändring",
	"menu_f11_cheater_tag_menu_DLC_3": "Vapenändring",
	"menu_f11_cheater_teg_menu_Skin_1": "Vilket endast är på grund av att vapenmodifikationerna markeras som otillgängliga",
	"menu_f11_cheater_teg_menu_levle_1": "Få Infamy utan att ha slutfört ett rån",
	"menu_f11_cheater_teg_menu_levle_2": "Få Infamy utan att ha nått nivå 100",
	"menu_f11_cheater_teg_menu_levle_3": "Hoppar över infamy-nivå, till exempel 1 till 3",
	"heist_menu": "Om Rån",
	"menu_f11_cheater_teg_menu_heist_1": "Använder kontrakt från icke-köpt DLC",
	"menu_f11_cheater_teg_menu_heist_2": "Spawnar en utrustning som inte är samma som den senaste du spawna",
	"menu_f11_cheater_teg_menu_heist_3": "Kastar fler granater är vad som är tillåtet",
	"menu_f11_cheater_teg_menu_heist_4": "Tar upp granater från granatfodralet och som leder till ökning av begränsningen",
	"menu_f11_cheater_teg_menu_heist_5": "Spawnar mer än tillåtna antalet utrustning",
	"keybinds_in": "KeyBinds in ",
	"main_menu": "Huvudmeny",
	"ingame_menu": "Rån",
	"keyboard_keybinds": "Keyboard KeyBinds",
	"teg_del": "Hur tar man bort Fuskar Tagg",
	"teg_del_1": "Inaktivera DLC Öppnare",
	"teg_del_2": "Inaktivera Skin öppnare",
	"teg_del_3": "Starta om spelet och testa ansluta igen",
	"teg_del_4": "Dessa är huvudanledningarna",
	"teg_del_5": "Problemet är fortfarande olöst",
	"teg_del_6_prem": "Jag rekommenderar att ni kontaktar oss",
	"teg_del_7": "Ta bort problemmomenten med F10",
	"teg_del_8": "I värsta fall går du till Inställningar / Utökad / Rensa framsteg",
	"contact_us": "Kontakta oss",
	"open_p3dhack": "Öppna P3DHack.ru",
	"menu_f11_text_dop1": "Additional",
	"menu_f11_text_keybind7": "Locator",
	"menu_f11_text_keybind8": "Aimbot",
	"menu_f11_text_keybind9": "Slow Motion",
	"menu_f11_text_keybind10": "NoClip",
	"menu_f11_text_keybind_num": "Numpad",
	"menu_f11_text_keybind13": "Public XRay",
	"menu_f11_text_keybind15": "Pager Answer",
	"menu_f11_text_keybind_mouse": "Mouse",
	"menu_f11_text_keybind16": "Teleport",
	"menu_f11_text_keybind_other": "Other",
	"menu_f11_text_keybind17": "Push Stack Up",
	"menu_f11_text_keybind18": "Push Stack Down",
	"menu_f11_text_keybind20": "Revive Team",
	"menu_f11_text_keybind21": "Push Stack",
	"thank_for_support": "Thank for support",
	"open_crashlog": "Open Crashlog",
	"no_invisible_walls": "Inga Osynliga Väggar",
	"Full_Stop_function": "Stoppa Fuskaren Helt",
	"Full_Stop_all": "Stoppa Alla Fuskare",
	"freeze_peers": "Frys Spelare",
	"stopthecheater_all": "Stoppa Fuskare",
	"antistopthecheater_all": "Anti Stoppa Fuskare",
	"NoClip_Amount": "NoClip Hastighet",
	"hide_buy_dlc": "Göm Köp DLC",
	"arrows_helicopter": "Pilar På Tangentbordet",
	"control_helicopter": "Kontrollera Helikoptern",
	"All_type": "Alla",
	"Host_type": "Värd",
	"Client_type": "Klient",
	"cheater_tag": " [Fuskar Tagg]",
	"cheater_tag_host": " [Fuskar Tagg För Värden]",
	"cheater_tag_client": " [Fuskar Tagg För Klienten]",
	"night": " Natt",
	"secret_perks_no_negative_title": "Inga Negativa Effekter",
	"buddha_mode": "Buddha Läge",
	"killall": "Döda Alla Inställningar",
	"IgnoreCivilians": "Ignorera Civiler",
	"IgnoreTied": "Ignorera Bundna Gisslan",
	"IgnoreCameras": "Ignorera Kameror",
	"IgnoreEnemies": "Ignorera Fiender",
	"NoBagBodies_title": "Inga Kroppar i Väskor",
	"NoBagBodies": "Inga Kroppar i Väskor [Fuskar Tagg För Klienten]",
	"F2_help1": "Måste Ha Sekundärutrustning Eller Kommer Att Resultera I Krasch",
	"F2_help2": "Måste Ha Primärutrustning Eller Kommer Att Resultera I Krasch",
	"stopthecheater_function": "Stoppa Fuskaren",
	"freeze_peer": "Frys Spelare",
	"select_value": "Välj Önskat Värde",
	"fast_lvl": "Snabb Nivå",
	"crime_spree_boost": "Crime Spree Boost",
	"set_crime_spree_boost": "Crime Spree points per heist",
	"shoot_through_wall_thickness_desc": "Ställ in värdet på hur många saker du kan skjuta, 40 är en normal vägg",
	"shoot_through_wall_desc": "Detta ger dig inte möjlighet att skjuta igenom väggar!",
	"target_closest_title": "Närmaste mål",
	"target_closest_desc": "Ställ in till sant om du vill rikta dig mot fienden som ligger närmast hårkorset istället för någon",
	"change_aim_function": "Sikta och autoshoot-inställningar",
	"active_pagers": " Active Pagers",
	"set_infamy": "Set To ",
	"add_exp": "XP options",
	"add_lvl": "Level options",
	"answer_phones": "Answer All Phones",
	"get_preplanning": "Unlock All Pre-Planning Elements",
	"force_ready": "Force Ready",
	"force_unready": "Force Unready",
	"XP_bust_help1": "Multiply XP Earned By ",
	"XP_bust_help2": ", Enable For Each Map You Want To Multiply",
	"pick_up_right_engine": "Pick Up Correct Engine",
	"pickup_files": "Pickup Correct Files",
	"mind_civ_f3_1": "Mind Control",
	"int_team": "Instant Interaction for Team",
	"auto_answer_phones": "Auto Answer All Phones",
	"no_lasers": "Lasers do not activate alarm",
	"inf_ammo_reload": "Infinite Ammo With Reload",
	"keyboard_health_and_ammo": "HEALTH AND AMMO RESTORED",
	"keyboard_locator_1": "[1/8] PACKAGE : ",
	"keyboard_locator_2": "[2/8] KEYCARD/SECURITY DOOR",
	"keyboard_locator_3": "[3/8] WEAPON/COKE",
	"keyboard_locator_4": "[4/8] PLANK/DRILL",
	"keyboard_locator_5": "[5/8] CRATE/CROWBAR",
	"keyboard_locator_6": "[6/8] MISSION",
	"keyboard_locator_7": "[7/8] MONEY",
	"keyboard_locator_8": "[8/8] ALL",
	"keyboard_ammo": "AMMO REPLENISHED",
	"keyboard_reviveteam": "TEAM-MATE(S) REVIVED",
	"Rats_type_title": "Typ",
	"Rats_type_desc": "Välj Tipstyp",
	"Rats_type_for_you": "För Mig",
	"Rats_type_for_all": "För Alla",
	"waypoints": "Waypoints",
	"waypoint_rat_desc": "Vill du aktivera Meth Helper Waypoints?",
	"support_sector": "Stödsektorn",
	"config_title": "Hur du redigerar en konfigurationsfil i P3DHack",
	"update_title": "Hur man uppdaterar P3DHack",
	"wishes_title": "Dina önskningar",
	"Unlockers": "Unlockers",
	"you_can_desc": "Du kan öka eller minska",
	"Inf_Cam_Loops_and_Duration": "Oändliga kameraslingor och varaktighet",
	"First_column": "Första kolumnen",
	"Second_column": "Andra kolumnen",
	"Third_column": "Tredje kolumnen",
	"inf_cable": "Oändliga kabelband",
	"main_menu_f7_premium_text1": "INTERACT TIMER OPTIONS (DECREASES TIMER TO ",
	"main_menu_f7_premium_text2": " SECONDS)",
	"InteractTimer_Value_title": "Timer Value",
	"NameSpoofer_title": "Name Spoofer",
	"NameSpoofer_desc": "Ställ in ditt nya namn i spelet, ställ in på falskt för att kunna använda ditt Steam-namn",
	"How_to_NameSpoofer_title": "How to change OVERKILL_Almir name?",
	"How_to_NameSpoofer_desc": "Click here to know how to change OVERKILL_Almir name",
	"secret_skills_and_perks_title": "Hemliga färdigheter och förmåner",
	"secret_skills_title": "Hemliga Färdigheter",
	"secret_skills_desc": "Alla färdigheter, men skicklighet Frenzy ger inte negativa effekter och minskad hälsa",
	"secret_perks_title": "Hemliga förmåner",
	"Activator_Functions_title": "Aktivatorfunktioner",
	"Activator_Functions_desc": "Det måste vara aktiverat",
	"fast_scroll_title": "Snabb rullning",
	"fast_scroll_desc": "Nu kan du snabbt bläddra i inställningsmenyn",
	"spoofs_title": "Loot Card Spoofer",
	"unbannable_skin_title": "Unbannable Fake Skins",
	"unbannable_skin_desc": "It will not mark you ever as a cheater, even when equipping legendary skins",
	"skip_videos_title": "Hoppa över videor",
	"press_any_key_title": "Hoppa över valfri knapp",
	"rss_options": "RSS settings",
	"gap_offsets_text": "POSITION",
	"gap_menus_text": "VISIBILITY",
	"gap_time_text": "ROTATION",
	"gap_news_text": "DATA",
	"removeNewHeistsGui_title": "Remove main menu banner",
	"removeNewHeistsGui_desc": "Remove commercials from main menu",
	"removeWallet_title": "Remove wallet",
	"removeWallet_desc": "Remove offshore and coins amount from crime spree lobby",
	"show_main_title": "Main Menu",
	"show_main_desc": "Show RSS in main menu",
	"show_pause_title": "Pause menu",
	"show_pause_desc": "Show RSS in pause menu",
	"show_lobby_title": "Lobby",
	"show_lobby_desc": "Show RSS in lobby",
	"show_spree_title": "Crime spree lobby",
	"show_spree_desc": "Show RSS in crime spree lobby",
	"OFFSET_X_title": "Offset by X",
	"OFFSET_X_desc": "Specify horisontal offset of the news feed",
	"OFFSET_Y_title": "Offset by Y",
	"OFFSET_Y_desc": "Specify vertical offset of the news feed",
	"PRESENT_TIME_title": "Present time",
	"PRESENT_TIME_desc": "How long does it take each title to appear",
	"SUSTAIN_TIME_title": "Sustain time",
	"SUSTAIN_TIME_desc": "How long each title stays on screen",
	"REMOVE_TIME_title": "Remove time",
	"REMOVE_TIME_desc": "How long does it take each title to disappear",
	"MAX_NEWS_title": "Max news to load",
	"MAX_NEWS_desc": "Max news to load from every source",
	"MAX_NEWS_SHOW_title": "Max news to show",
	"MAX_NEWS_SHOW_desc": "Total amount of news to rotate. Each source gets equal amount",
	"MIX_title": "Mix titles",
	"MIX_desc": "Titles mixing. If OFF then titles will be shown in the order of the sources in the config",
	"the_end_burn": "Glowing picture",
	"the_end_door": "Open the secret door",
	"hints_1": "We work hard to make P3DHack better!",
	"buy_premium": "Look on Premium",
	"premium_buy_title": "Buy Premium",
	"Free_Crime_Spree_title": "Free Crime Spree",
	"unlock_all_tiers": "Unlock all tiers",
	"set_killzone": "Slap Player",
	"reduce_damage_all": "Receive 50% Damage",
	"hide_text_title": "Off all text",
	"hide_text_desc": "You can turn off the mention of P3DHack",
	"reboard": "Reboard",
	"reboard_help": "You can endlessly use the boards on the window",
	"mod_list_lite_title": "Mod list lite",
	"mod_list_lite_desc": "Corrects a problem with freezing game when you viewing list of BLT mods",
	"Delay_func_title": "Cook Faster",
	"AimMode_desc": "Select type",
	"aim_type_1": "Only auto shoot",
	"aim_type_2": "Only aim",
	"aim_type_3": "Auto aim and shoot",
	"RightClick_title": "RightClick",
	"RightClick_desc": "Only let the AimBot shoot if the right mouse button is held",
	"AimbotInfAmmo_title": "Infinite Ammo",
	"AimbotDamageMul_title": "Damage Multiplier",
	"MaxAimDist_title": "Max Aim Distance",
	"SafeSimulatorMenu_function": "Safe Simulator",
	"ScamDetectionLevel_title": "Scam Detection Level",
	"ScamDetectionLevel_desc": "Your detection level risk is 3",
	"vrmenu": "VR MenY",
	"I_Use_VR_title": "VR-kompatibilitet",
	"I_Use_VR_desc": "Aktivera det här alternativet om du använder VR",
	"ride_player": "Piggyback",
	"increase_ladder": "Increase Ladder Height And Width",
	"WORLD": "WORLD",
	"RIVALS": "RIVALS",
	"only_for_you": "Only For You",
	"troll_remove_body": "Ta bort kroppen",
	"troll_remove_right_leg": "Ta bort höger ben",
	"troll_remove_left_leg": "Ta bort vänster ben",
	"troll_remove_legs": "Ta bort benen",
	"troll_stop_it": "Sluta",
	"troll_cut_head": "Klipp huvudet",
	"troll_hide_doors": "Dölj dörrar",
	"troll_show_doors": "Visa dörrar",
	"troll_upgrade_cameras": "Upgradera Kameror",
	"jerry1": "Flygande",
	"jerry2": "Nedstigning med fallskärm",
	"carry": "Bära",
	"mask_off": "Mask Av",
	"clean": "Ren",
	"civilian": "Civil",
	"standard": "Standard",
	"teleport_all_to_me": "Teleportera Alla Till Mig",
	"troll_activate_triggers": "Activate Triggers",
	"troll_enable_units": "Enable Units",
	"troll_disable_units": "Disable Units",
	"troll_end_mission": "Avsluta Uppdraget",
	"troll_world": "Troll Världen",
	"turret_spawn": "Turret Spawn",
	"turret_friendly": "Friendly Turret",
	"turret_enemy": "Enemy Turret",
	"add_items_all_menu": "Full lista",
	"del_items_all_menu": "Full lista",
	"del_items_menu": "Dell Inventory Items Menu",
	"right_engine_menu": "Right Engine Menu",
	"right_engine": "Show Right Engine",
	"spawn_right_engine": "Spawn Right Engine",
	"save_and_reload_title": "Spara Och Ladda Om",
	"save_and_reload_desc": "Denna funktion hjälper dig att omedelbart tillämpa ändringar i P3DHack Config",
	"P3DHack_Menu_title": "P3DHack Meny",
	"P3DHack_Menu_desc": "Snabb och bekväm funktionalitet på ett ställe",
	"hud_function": "HUD-funktioner",
	"hide_p3dhack_menu_desc": "Dölj P3DHack i huvudmenyn",
	"Hide_Functions": "Dölj funktioner",
	"hide_smoke_title": "Dölj Rök",
	"hide_logo_title": "Dölj Payday Logo",
	"hide_pattern_title": "Dölj Mönster",
	"hide_particles_title": "Dölj Partiklar",
	"Skip_Functions": "Hoppa över funktioner",
	"Skip_Press_title": "Hoppa Tryck på Enter",
	"global_unavailable": "Inte tillgänglig",
	"helicopter": "Helikopter Modifikationer",
	"autoshoot": "Skjut Automatiskt",
	"troll_activate_elements": "Aktivera element",
	"troll_open_doors": "Öppna alla dörrar",
	"troll_close_doors": "Stäng alla dörrar",
	"troll_open_vault": "Öppna Vault",
	"troll_close_vault": "Stäng Vault",
	"troll_remove_head": "Ta bort fiendens Huvud",
	"troll_invisible_spooks": "Gör Spooks osynliga",
	"troll_launch_cars": "Skjut upp spelarnas bilar till himlen",
	"troll_close_van_doors": "Stäng Skåpbilens Dörrar",
	"troll_open_van_doors": "Öppna Skåpbilens Dörrar",
	"rofl_drills": "Rofl Drill",
	"Speed_hack": "Speed hack",
	"melee_range": "Long Melee Range",
	"melee_charge": "Very Fast Melee Charge Time",
	"melee_no_delay": "Very Fast Meleeing",
	"hider_title": "Göm Modifikationer",
	"hider_type_title": "Vad Ska Jag Dölja",
	"Only_P3D": "Endast P3DHack",
	"All": "Alla Modifikationer",
	"Crosshair_title": "Crosshair",
	"specific_weapons_unlocker_title": "Specifik Vapen-öppnare",
	"NewMenu_function": "Automatiskt Fusk",
	"Dodge_Chance_Buff_title": "Dodge Chance",
	"Dodge_Chance_Buff_Amount_title": "Dodge Chance Amount",
	"Dodge_Chance_Buff_Amount_desc": "0.1 = 10%, 1 = 100%",
	"Melee_Buff_title": "Melee Damage Buff",
	"Melee_Buff_Amount_title": "Multiplier Amount",
	"Unlimited_BodyBags_title": "Unlimited BodyBags",
	"Jump_Mask_Off_title": "Hoppa med masken av",
	"Fast_Mask_title": "Snabb Mask",
	"Infinite_Hostage_Follow_title": "Oändlig mängd följande gisslan",
	"Interaction_CoolDown_title": "Ingen Cooldown på Interaktioner",
	"Sixth_Sense_Reset_title": "6th Sense",
	"Sixth_Sense_Reset_desc": "Only Resets When Moving",
	"Bag_CoolDown_title": "Ingen Cooldown På Väskor",
	"Camera_Bag_Explosion_Multiplier_title": "Explosive Bag Camera Effect Multiplier",
	"Camera_Bag_Explosion_Multiplier_desc": "Do you want enabled Explosive Bag Camera Effect Multiplier?",
	"Camera_Bag_Explosion_Multiplier_Amount_title": "Multiplikatorbelopp",
	"Camera_Bag_Explosion_Multiplier_Amount_desc": "Standard 4",
	"Explosion_Buff_title": "All Explosions Damage Buff",
	"Explosion_Buff_Amount_title": "All Explosions Damage Buff Amount",
	"Lowered_Headbob_title": "Lowered Head-bob",
	"Toggle_Interact_title": "Interagera växla",
	"Toggle_Interact_desc": "Vill du ha aktiverat interagera?",
	"Grenade_Restrict_title": "Begränsa granater i smygläge",
	"Pager_Mod_title": "Increase Pager Count",
	"Zipline_Drop_title": "Släpp påsar som du bär på Zip-line",
	"Classic_Open_Door_title": "Klassiskt alternativ för öppna alla dörrars",
	"Classic_Open_Door_desc": "Klassiskt alternativ för att öppna alla dörrar kanske inte fungerar överallt men är mer begränsat till specifika dörrar",
	"New_Open_Door_title": "Nytt alternativ för att öppna alla dörrar",
	"New_Open_Door_desc": "Nytt alternativ för att öppna alla dörrar, öppnar alla plockbara dörrar, värdeskåp, förvaringsboxar etc. Vilket klassiskt alternativ inte gör",
	"Anti_Cheat_Disable_title": "Inaktivera Anti-Cheat",
	"Anti_Cheat_Disable_desc": "Låter dig Spawna väskor och mycket mer",
	"Secure_BodyBags_title": "Säkra kroppsväskor för kontanter",
	"Secure_BodyBags_Loot_Value_title": "Kontantvärde",
	"Secure_BodyBags_Loot_Value_desc": "Säkra kroppsväskor för kontant värde",
	"No_Job_Heat_title": "Inaktivera upprepade jobbstraff",
	"Job_Heat_Amount_title": "Ställ in bonusvärde för Rån",
	"Job_Heat_Amount_desc": "Standard 1.15 = 15%",
	"XP_Multiplier_title": "XP-multiplikator",
	"XP_Multiplier_Amount_title": "XP-Multiplikatorbelopp",
	"othermenu_function": "Annat",
	"Rats_Message_title": "Meth Helper",
	"Rats_Message_desc": "Display Correct Chemical In Chat Message",
	"Delay_title": "Delay between ingredients",
	"CookMeth_function": "Cook Meth functions",
	"troll_alarm": "Polisens Hotline",
	"alarm_crim": "Rapportera en brottsling",
	"alarm_gun": "Rapportera skott avfyrade",
	"alarm_exp": "Rapportera Explosion",
	"alarm_mon": "Rapportera MONSTER!",
	"delete_units": "Ta bort alla synkroniserade enheter från kartan",
	"mute_ply": "Stumma honom",
	"kick_all": "Kicka alla",
	"crash_game": "Krasha hans spel",
	"Bullet_Penetration_func": "Kulgenomträngning på alla vapen",
	"Bullet_Penetration_Shield_title": "Skjut igenom sköldarna",
	"Bullet_Penetration_Enemy_title": "Skjut igenom fiender",
	"Bullet_Penetration_Wall_title": "Skjut igenom väggar",
	"Skip_End_Screen_title": "Låter dig hoppa över slutskärmen",
	"other_menus": "Andra menyer",
	"Bag_mod_toggle": "Väsk modifikationer",
	"change_statistic": "Statistikväxlare",
	"p3dtext_language_title": "Språk",
	"dlc_title": "DLC Unlocker [Fuskar Tagg]",
	"skin_title": "Skin Unlocker",
	"skin_armor_title": "Armor Skin Unlocker",
	"noclip_title": "NoClip MOD",
	"rave_title": "Rave hostage",
	"rave_desc": "Vill du springa snabbt gisslan?",
	"antistop_title": "Anti-SlowMo",
	"antistop_desc": "Aktivera om du inte vill lida med en tagg",
	"antistop_info_title": "Vem Gjorde Detta?",
	"antistop_info_desc": "Aktivera om du vill veta vem som försökte sakta ner dig.",
	"slow_attention": "Uppmärksamhet!",
	"slow_you": "försökte sakta ner dig med hastighet",
	"change_statistic_total_kills_title": "Antal dödade totalt",
	"change_statistic_specials_kills_title": "Antal specialfiender dödade",
	"change_statistic_head_shots_Amount_title": "Antal huvudskott",
	"change_statistic_accuracy_Amount_title": "Procent av noggrannhet",
	"change_statistic_downs_Amount_title": "Antal nedgångar",
	"Language_text": "Lokalisering",
	"antistopthecheater_function": "Anti Stoppa Fuskaren",
	"Main_function": "Huvud funktioner",
	"Free_function": "Gratis Köp",
	"locator_function": "Sökare",
	"Keyboard_Auto_Config": "Autokör nyckelbindningar",
	"Auto_func": "Automatisk aktiverad",
	"change_statistic_function": "Ändra statistik",
	"text_in_game_title": "Text på huvudmenyn",
	"text_in_game_desc": "Vill du ta bort text från huvudmenyn?",
	"Favors_title": "Planeringspunkter",
	"Free_Assets_title": "Gratis tillgångsköp",
	"Free_Casino_title": "Gratis kasinoköp",
	"Free_Contracts_title": "Gratis köp av kontrakt",
	"Free_Masks_title": "Gratis mask-köp",
	"Free_PrePlanning_title": "Gratis förplaneringsköp",
	"Free_Slots_title": "Gratis plats för vapen och mask",
	"Free_Weapons_title": "Gratis vapenköp",
	"Free_Weapon_Mods_title": "Gratis vapen modifikationsköp",
	"Jumper_set_title": "Hopphöjd",
	"No_FlashBang_title": "Inga FlashBangs",
	"No_Recoil_title": "Ingen rekyl",
	"No_Spread_title": "Ingen spridning",
	"Infinite_Stamina_title": "Oändlig uthållighet",
	"Dropin_Pause_Remove_title": "Stoppa Drop-in",
	"Auto_Pick_Card_title": "Auto-Välj kort",
	"X_Ray_title": "X-Ray",
	"X_Ray_desc": "Standard är X",
	"Full_Replenish_title": "Full Replenish",
	"Full_Replenish_desc": "Standard är Z",
	"Ammo_Replenish_title": "Ammo Replenish",
	"Ammo_Replenish_desc": "Standard är C",
	"Vehicle_Spawn_title": "Vehicle Spawn",
	"Vehicle_Spawn_desc": "Standard är V",
	"Grenade_Spawn_title": "Grenade Spawn",
	"Grenade_Spawn_desc": "Standard är B",
	"Grenade_Spawn_Type_title": "Grenade Spawn Type",
	"Grenade_Spawn_Type_desc": "Set Grenade Type",
	"Hud_Toggle_title": "Disable HUD",
	"Hud_Toggle_desc": "Standard är F10",
	"Gage_Package_title": "Spawn Gage Packages",
	"Gage_Package_desc": "Standard är \\",
	"Restart_Job_title": "Starta om Jobb",
	"Restart_Job": "Standard är Num /",
	"Ultimate_Kill_title": "Kill all",
	"Ultimate_Kill_desc": "Standard är Num *",
	"Auto_Drill_Service_desc": "Automatically recovers drill in case of damage",
	"Carry_Mod_desc": "Removes Weight Of All Bags And Explosive Property Of Ammo Bag",
	"Interact_Distance_Amount_title": "Interagera avståndsbelopp",
	"Instant_Interact_With_Anything_desc": "Till exempel för att sätta upp fönster eller lägga till ingredienser i Cook OFF",
	"Weapon_Damage_Multiplier_Amount_title": "Vapenskador Multiplikatorbelopp",
	"Weapon_Fire_Rate_Multiplier_title": "Skjutfrekvens Buff",
	"waypoints_showDistance": "Visa avstånd",
	"waypoints_showDistance_desc": "Visar avståndet till waypoint för varje waypoint.",
	"waypoints_showGagePickups": "Visa Gage Pickups",
	"waypoints_showGagePickups_desc": "Visa Gage pickups på kartan.",
	"waypoints_showPlanks": "Visa Plankor",
	"waypoints_showPlanks_desc": "Visa Plankor på kartan",
	"waypoints_showSmallLoot": "Visa liten byte",
	"waypoints_showSmallLoot_desc": "Visar små byten, som lösa pengar eller smycken.",
	"waypoints_showCrates": "Visa lådor",
	"waypoints_showCrates_desc": "Visar lådor som kan öppnas, som de på valdagen.",
	"waypoints_showDoors": "Visa dörrar",
	"waypoints_showDoors_desc": "Visar en låssymbol på dörrar som kräver ett nyckelkort eller ECM för att öppna.",
	"waypoints_showCameraComputers": "Visa kameradatorer",
	"waypoints_showCameraComputers_desc": "Visar var datorerna för att visa kameror finns på kartan.",
	"waypoints_showDrills": "Visa borrplatser",
	"waypoints_showDrills_desc": "Visar var du kan placera en liten borr.",
	"waypoints_showThermite": "Visa termit",
	"waypoints_showThermite_desc": "Visar platser för upphämtning av termiter och var de ska användas.",
	"waypoints_showSewerManhole": "Visa avloppsbrunnar",
	"waypoints_showSewerManhole_desc": "Visar var avloppsbrunnar är.",
	"waypoints_showHUDMessages": "Visa HUD-meddelanden",
	"waypoints_showHUDMessages_desc": "Visar olika information på din HUD om waypoints.",
	"waypoints_makeNoise": "Gör ljud",
	"waypoints_makeNoise_desc": "Gör ett ljud när manuset körs.",
	"waypoints_iterativeToggle": "Iterativ växling",
	"waypoints_iterativeToggle_desc": "Betyder att varje gång du kör skriptet kommer den att hitta nästa tillgängliga waypoint att visa. \nAv betyder att den kommer att visa alla waypoints på en gång.",
	"waypoints_sheaterNewb": "Sheater Newb",
	"waypoints_sheaterNewb_desc": "När du aktiverar detta kommer att visa många saker för andra människor, som getter och röstmaskiner.",
	"main_menu_p3dhack": "Huvudmeny",
	"main_menu_help_p3dhack": "Öppnar huvudmenyn",
	"previous_menu_p3dhack": "Föregående meny",
	"previous_menu_help_p3dhack": "Öppnar den tidigare öppnade menyn",
	"next_menu_p3dhack": "Nästa sida",
	"next_menu_help_p3dhack": "Öppnar nästa sida i den aktuella menyn",
	"prew_menu_p3dhack": "Föregående sida",
	"prew_menu_help_p3dhack": "Öppnar föregående sida i den aktuella öppna menyn",
	"close_menu_p3dhack": "Stäng menyn",
	"close_menu_help_p3dhack": "Stänger menyn",
	"global_host": "ENDAST FÖR VÄRDEN",
	"global_host_": "Ej tillgängligt (endast för värden)",
	"global_on": "Aktiverad",
	"global_off": "Inaktiverad",
	"global_p3dhack": "P3DHack",
	"global_premium": "ENDAST Premium",
	"mouse_teleport": "Teleporterad",
	"num_jump": "Höjdhopp",
	"num_kill": "Alla döda",
	"num_pg_answer": "Personsökare svarade",
	"main_menu_f1": "Spelarmeny",
	"fast_f1": "Spelaren växlar snabbt",
	"godmode": "Gud Läge",
	"godmode_help": "Bli oövervinnelig",
	"friendfire": "Vänlig eld",
	"friendfire_help": "Aktivera Vänlig eld",
	"modif_f1": "Spelaren växlar",
	"drillservice": "Service för automatisk borrning",
	"drillservice_help": "Återställ(er) borr(ar) automatiskt när de har fastnat",
	"carrymod": "Bärmodifikation",
	"carrymod_help": "Tar bort vikten på alla väskor och explosiv egenskap hos ammunitionsväska",
	"carrycross": "Bär hårkorsmodifikation",
	"carrycross_help": "Spawns Carrying Bag On Crosshair, aktivera detta först om du vill använda med CarryStacker",
	"spooccuffselfon": "Cloakers arresterar spelare",
	"spooccuffselfon_help": "Cloakers arresterar dig istället för att ta ner dig",
	"infammobag": "Oändliga ammunitionspåsar",
	"infammobag_full_": "Infinite Ammo Bag Uses",
	"InfiniteSpecial_": "Oändlig special",
	"InfiniteSpecial_help": "Oändlig special såsom kabelbindare, plankor, etc.",
	"inf_converts": "Oändliga konverterar",
	"carrystack": "Carry Stacker",
	"carrystack_help": "Markerar dig som fuskare om inte värd",
	"carrylimit": "Carry Stacker Viktgräns",
	"carrylimit_help": "Viktmodifierare för CarryStacker, desto fler påsar du bär desto tyngre är din vikt",
	"infdocbag": "Oändlig användning för läkarväskan",
	"infdocbag_full": "Oändlig användning för läkarväskan",
	"inf_ecm": "Oändligt ECM-batteri",
	"infmessiah": "Oändliga Messias laddningar",
	"inf_pager_answers": "Infinite Personsökare-svar",
	"instantdom": "Direkt dominera",
	"instantdrill": "Snabb drill / dator",
	"instantdrill_help": "Kan aktiveras efter att borr (er) har placerats eller om datorn har aktiverats",
	"intdist": "Interagera avståndsökningen",
	"instantinteract": "Omedelbar interaktion",
	"instantinteract_help": "Inkluderar direkt personsökare-svar",
	"interactanyhting": "Interagera med vad som helst",
	"interactwall": "Interagera genom väggen",
	"nohitdis": "Ingen träffdisorientering",
	"smlootmulti": "Liten bytesmultiplikator",
	"smlootmulti_help": "Multipliserad med 3x, Loot Capped till 2800000 $",
	"ZiplineBag": "Zipline Transport",
	"ZiplineBag_help": "Låter dig transportera väskor på alla draglinor",
	"infsentry": "Sentry Gun Infinite Ammo",
	"godsentry": "Sentry Gun God Mode",
	"BulletExplode": "Bullet Explode",
	"BulletFire": "Bullet Fire",
	"damagebuff": "Damage Buff",
	"fireratebuff": "Crazy Firerate",
	"infammo": "Infinite Ammo",
	"main_menu_f3": "Smygmeny",
	"mind_enemies_menu": "Fiende sinne kontroll",
	"mind_civs_menu": "Civil sinne kontroll",
	"pigsfly": "Flygande grisar",
	"copsquit": "Quitter Cops",
	"drunkpigs": "Fulla Grisar",
	"civdance": "Dansande dockor",
	"civsmoke": "Rökning Dödar",
	"civcower": "Täckande får",
	"phonycivs": "Phony Yuppies",
	"main_menu_f3_1": "VÄXLING & ALTERNATIV",
	"cops_dont_shoot": "Polisen skjuter inte",
	"cops_dont_shoot_help": "Polisen kommer inte skjuta dig",
	"disable_cams": "Inaktivera kameror",
	"disable_pagers": "Inaktivera personsökare",
	"free_kill": "Gratis civila dödar",
	"pagedom": "Ingen personsökare på dominerar",
	"pagedom_help": "Om du använder omedelbar Dominera MÅSTE detta sättas på först för att båda ska fungera",
	"prevent_panic_buttons": "Ingen panik-knapp / Intel Burn",
	"people_dont_call_police": "Människor ringer inte polisen",
	"lobai": "Lobotimera AI",
	"randompage": "Slumpmässiga personsökare",
	"randompage_help": "Aktiverar slumpmässiga personsökare",
	"steal_pagers_on_melee": "Stjäl personsökare",
	"steal_pagers_on_melee_help": "Inaktiverar personsökare när du närmar ett vakt",
	"convertall": "Konvertera alla fiender",
	"convertall_full": "Alla fiender konverterade",
	"remote_camera": "Fjärrkameraåtkomst",
	"main_menu_f4": "Meny för uppdragsmanipulator",
	"bettyboom": "Betty Boom Mod",
	"bettyboom_full": "BOUNCING BETTY BOOM",
	"bettyboom_help": "Spränger upp AI vid död",
	"dirtymoney": "Smutsiga pengardropp",
	"dirtymoney_help": "Droppar 2 guldpåsar vid AI-död",
	"autocook": "Rats Auto Cooker",
	"autocook_full": "AUTO-COOKER",
	"autocook_help": "Automatiserar matlagning på Rats dag 1 och tillagas, måste ha kemikalier för att fortsätta tillagningen",
	"m_info": "ALTERNATIV",
	"civil": "Varna civiler",
	"civil_help": "Skräm alla civiler, tryck flera gånger för att komma ner på våningen",
	"instaboardst": "Planka upp alla fönster",
	"instaboardst_help": "Planka upp alla fönster",
	"cutglass": "Skär allt glas",
	"heistintel": "Släpp information om tågrånet",
	"heistintel_help": "Kan bara släppa på transportrån",
	"heistintel_only": "Endast transportuppdrag",
	"getpatht": "Hämta artikel / Fortsätt uppdrag",
	"getpatht_help": "Måste aktivera CarryStacker, tar alla nödvändiga föremål för att fortsätta uppdraget",
	"grabcourier": "Ta alla Gage-paket",
	"grabcourier_help": "Ta alla tillgängliga Gage-paket",
	"grabgear": "Ta redskap",
	"grabgear_help": "Tryck två gånger för att ta redskap",
	"grabgear_only": "Endast Golden Grin Casino",
	"anticheat_info": "ANTI-CHEAT TOGGLE",
	"anticheat": "Inaktivera Anti-Cheat",
	"anticheat_help": "Aktivera eller inaktivera anti-fusk för värd och klient",
	"InstantHackAll": "Hacka alla elektriska apparater",
	"InstantHackAll_help": "Hacka tillgängliga datorer, knappsatser, telefoner eller elektriska lådor",
	"GrabDiamond": "Ta diamenter omedelbart",
	"GrabDiamond_help": "Tryck två gånger för att ta tag i diamanten",
	"instanthackmachines": "Omedelbar hack & öppna röstmaskiner",
	"instanthackmachines_only": "Valdagslager endast",
	"opencrate": "Öppna alla lådor",
	"opencrate_help": "Du kan också stänga tillgängliga lådor",
	"bankbuster": "Öppna alla förvaringslådor",
	"picklockst": "Öppna alla dörrar och fönster",
	"picklockst_help": "Detta öppnar inte säkerhetsdörrar",
	"picklockst1": "Open All Pick Locks",
	"picklockst1_help": "Öppnar alla plocklås inklusive förvaringslådor, Detta öppnar inte säkerhetsdörrar",
	"c4open": "Öppna alla dörrar och värdeskåp med C4",
	"jobwin_jobloss": "VINST/FÖRLUST-ALTERNATIV",
	"jobloss": "Omedelbar förlust",
	"jobwin": "Omedelbar vinst",
	"ecmopen": "Öppna alla ECM-dörrar",
	"usekeycardt": "Öppna alla nyckelkortdörrar",
	"usekeycardt_help": "Öppna alla dörrar som använder Nycketkort inklusive säkerhetsrum",
	"xmaspresent": "Öppna alla presenter",
	"xmasflare": "Placera / tänd flamma",
	"DrillAll": "Starta / starta om borr (ar)",
	"DrillAll_help": "Starta eller starta om alla tillgängliga borrar",
	"takeintel": "Ta All Information",
	"takeintel_help": "Slå två gånger för Information i kassaskåp",
	"instanttie": "Knyt alla civila",
	"instanttie_help": "Måste varna alla civila innan de aktiveras",
	"heistintel_info": "Tågrånet har tappat all information",
	"civilsdown_info": "Alla civila omfattas",
	"c4open_info": "Alla dörrar sprängs med C4",
	"grabgear_info": "Redskap taget",
	"xmasflare_info": "Flare placerad / antänd",
	"xmaspresent_info": "Alla presenter öppnade",
	"ecmopen_info": "Alla säkerhetsdörrar öppnade med ECM",
	"getpatht_info": "Förvärvade uppdragsobjekt",
	"grabcourier_info": "Alla Gage-paket har tagits",
	"takeintel_info": "All information har säkrats",
	"takeintel1_info": "INFORMATION",
	"InstantHackAll_info": "Alla elektriska / kretslådor hackade och öppnade",
	"cutglass_info": "All glas har skurits",
	"instanthackmachines_info": "Alla röstmaskiner hackade och öppnade",
	"instanttie_info": "Alla civiler bundna",
	"usekeycardt_info": "Dörrar öppnade med nyckelkort",
	"opencrate_info": "Alla lådor öppnade",
	"GrabDiamond_info": "Diamond förvärvad",
	"picklockst_info": "Alla fönster och dörrar öppnade",
	"picklockst1_info": "Alla plocklås öppnade",
	"bankbuster_info": "Alla insättningsboxar öppnade",
	"DrillAll_info": "Borrar Placerade / startade om",
	"instaboardst_info": "Alla fönster har blivit plankade",
	"main_menu_f5": "Lagermeny",
	"main_menu_f5_text1": "Menyn Lägg till objekt - Välj objekt",
	"main_menu_f5_text2": "Loot bag meny - välj väska",
	"main_menu_f5_text3": "Utrustningsmeny - Välj väska",
	"main_menu_f5_text4": "Menyn Big Oil Engine - Välj motor",
	"add_items_menu": "Lägg till Meny för inventeringsartiklar",
	"fugas_f5": "EXPLOSIVA SKOTT",
	"spawn_f5": "SPAWN BAG MENUS",
	"engine_menu": "Big Oil Engine Meny",
	"equipment_menu_f5": "Utrustning väska meny",
	"loot_menu_f5": "Loot Bag Meny",
	"main_menu_f5_text5": "SPAWN ALTERNATIV",
	"main_menu_f5_text6": "Ge väska till sig själv",
	"main_menu_f5_text7": "Regna väskor",
	"main_menu_f5_text7_help": "Spamma inte, orsakar krasch",
	"main_menu_f5_text8": "Spawn On Crosshair",
	"main_menu_f5_text12": "VÄSKALTERNATIV",
	"main_menu_f5_text9": "Lägg Alla Kroppar I Väskor",
	"main_menu_f5_text9_help": "Lägg endast kroppar i Väskor",
	"main_menu_f5_text10": "Explosiva skott",
	"main_menu_f5_text10_help": "Gör skott explosiva igen",
	"main_menu_f5_text11": "Ta upp alla väskor",
	"main_menu_f5_text11_help": "CarryStacker Måste vara aktiverat",
	"main_f5_text": "ALLMÄNNA PUNKTER",
	"cable_tie": "Buntband",
	"organs": "Organ",
	"add_items_menu_f5": "RATS/HOTLINE MIAMI KEMIKALIER",
	"add_items_menu_f5_": "HOTLINE MIAMI STRECKKOD",
	"add_items_menu_f5__": "HOXTON BREAKOUT PUNKTER",
	"add_items_menu_f5___": "GOLDEN GRIN CASINO PUNKTER",
	"main_menu_f6": "PengarMeny",
	"main_menu_f6_text1": "Super Loot Giver 69000",
	"main_menu_f6_text2": "SÄKRA ALTERNATIV / MENY",
	"takeloot": "Ta alla små vinster",
	"takeloot_help": "Måste ha CarryStacker aktiverat, ifall White Christmas tryck 2 gånger",
	"InteractType": "Ta alla små vinster",
	"OpenAtm": "Öppna alla bankomater och ta innehåll",
	"OpenAllLoot": "Öppna alla uttagsautomater, kassaskåp, penninglådors",
	"main_menu_f6_text3": "VinstMeny",
	"securesmloot": "Säkra Små Vinster",
	"main_menu_f6_text4": "Säkra all vinst",
	"main_menu_f6_text5": "Små vinster har säkrats",
	"main_menu_f7": "Interaction Timer Menu",
	"main_menu_f7_text1": "INTERACT TIMER OPTIONS (DECREASES TIMER TO 3 SECONDS)",
	"InteractDrillJam": "Drill Jam/Upgrade Timer",
	"InteractECMJam": "ECM Open Timer",
	"InteractPager": "Pager Answer Timer",
	"InteractPickLock": "PickLock Timer",
	"InteractRevive": "Revive Player Timer",
	"main_menu_f8": "Troll Meny",
	"main_menu_f8_text1": "Trolla andra spelare - Välj alternativ",
	"main_menu_f8_text2": "Troll dig själv - Välj alternativ",
	"main_menu_f8_player": "Troll ",
	"main_menu_f8_text3": "Spelar Troll Meny",
	"main_menu_f8_text4": "Driv med andra spelare",
	"main_menu_f8_text5": "Lag Troll Alternativ",
	"syncbleedall": "Förblöd alla spelare",
	"synccuffall": "Arrestera alla spelare",
	"syncincaall": "Inkapacitera alla spelare",
	"synctaseall": "Tase alla spelare",
	"main_menu_f8_text6": "TROLL INDIVIDUELLA SPELARE",
	"main_menu_f8_text7": "Annat",
	"releaseteam": "Släpp alla lagkamrater från fängelset",
	"sendalltojail_team": "Kasta alla lagkamrater i fängelse",
	"main_menu_f8_text8": "Driv med dig själv",
	"main_menu_f8_text9": "SJÄLVSTATSALTERNATIV",
	"stateblood": "Förblöd",
	"statecuffs": "Arrestera",
	"stateinca_me": "Inkapaciterat",
	"stateinca": "Inkapacitera",
	"statetased": "Tased",
	"releaseme": "Släpp mig från fängelset",
	"lockmeup": "Kasta mig i fängelse",
	"main_menu_f8_text11": "SPELARSTATSALTERNATIV",
	"main_menu_f8_text12": "Fängelse / Teleportalternativ",
	"syncreleaseply2": "Släpp från fängelset",
	"sendalltojail": "Kasta i fängelse",
	"teleporttoply": "Teleportera till spelare",
	"syncforceengine": "Kraftbärande motor",
	"main_menu_f8_text13": "ALTERNATIV",
	"depositfill": "Fyll förvaringslådor",
	"depositfill_help": "FYLL INSÄTTNINGSRUTOR MED GULD OCH KONTANT, FUNGERAR INTE VARJE NIVÅ",
	"openvault": "Öppna valvdörren",
	"openvault_help": "ÖPPNA VAULT-DÖRR FUNGERAR INTE MED ALLA VÄGGAR OCH KAN HA BIVERKNINGAR",
	"overdrill": "Aktivera Overdrill Valv Dörr",
	"overdrill_help": "Aktivera Overdrill Valv Dörr",
	"main_menu_f8_text14": "Valvdörren öppnad",
	"main_menu_f8_text15": "Fyllda förvaringslådor",
	"main_menu_f8_text16": "Förbli",
	"I_am_best": "Ändra statistik",
	"cops_to_bulld": "Döda poliser vänder sig till bulldozrar",
	"replace_cops": "Byt ut alla poliser med bulldozrar",
	"tm_gm": "Aktivera gudläge för ditt lag",
	"invisible_player": "Osynlighet",
	"main_menu_f10": "Meny före spelet",
	"infamy_level_menu": "Infamy Meny",
	"inventory_menu": "Lagermeny",
	"clear_inventory_menu": "Rensa inventeringsmenyn",
	"add_inventory_menu": "Lägg till i inventeringsmenyn",
	"level_menu": "Nivåmeny",
	"money_menu": "Pengarmeny",
	"skill_menu": "Färdighetsmeny",
	"perk_menu": "Perkmeny",
	"add_achieve_menu": "Lägg till prestationsmeny",
	"rem_achieve_menu": "Ta bort Achievement Menu",
	"continental_coins_menu": "Kontinentala mynt",
	"main_menu_f10_text1": "MENYER",
	"main_menu_f10_text4": "INFAMY NIVÅ ALTERNATIV",
	"main_menu_f10_text5": "Infamy Poängmeny",
	"main_menu_f10_text8": "INFAMY POÄNGALTERNATIV",
	"main_menu_f10_text9": "Lagermeny",
	"un1": "Lås upp alternativ",
	"un2": "Lås upp alla objekt",
	"un3": "Lås upp alla platser",
	"un4": "Lås upp Färger",
	"un5": "Lås upp Masker",
	"un6": "Lås upp Material",
	"un7": "Lås upp Texturer",
	"un8": "Lås upp Vapen",
	"un9": "Lås upp troféer",
	"un10": "Annat",
	"un11": "Ta bort utropstecken för nytt objekt",
	"un12": "Lås upp Alternativ (Dlc)",
	"un13": "Lås upp Vapenmodifikationer",
	"del1": "RADERA INDIVIDUELLA PLATSER",
	"del2": "Ta bort alla masker",
	"del3": "Ta bort alla primära vapenplatser",
	"del4": "Ta bort alla sekundära vapenplatser",
	"del5": "RADERA ELLER LÅS ALLA PLATSER OCH PUNKTER",
	"del6": "Ta bort alla objekt",
	"del7": "Ta bort alla platser",
	"del8": "Lås alla objekt",
	"del9": "RADERA INDIVIDUELLA PUNKTER",
	"del10": "Ta bort alla färger",
	"del11": "Ta bort alla masker",
	"del12": "Ta bort allt material",
	"del13": "Ta bort alla mönster",
	"del14": "Ta bort alla vapenmods",
	"add_item1": "LÄGG TILL 1 I VARJE PUNKT",
	"add_item2": "Lägg till 1 av alla färger",
	"add_item3": "Lägg till 1 av allt",
	"add_item4": "Lägg till 1 av alla masker",
	"add_item5": "Lägg till 1 av allt material",
	"add_item6": "Lägg till 1 av alla mönster",
	"add_item7": "Lägg till 1 av alla vapenmods",
	"add_item8": "LÄGG TILL 5 I VARJE PUNKT",
	"add_item9": "Lägg till 5 av alla färger",
	"add_item10": "Lägg till 5 av allt",
	"add_item11": "Lägg till 5 av alla masker",
	"add_item12": "Lägg till 5 av alla material",
	"add_item13": "Lägg till 5 av alla mönster",
	"add_item14": "Lägg till 5 av alla vapenmods",
	"add_money": "Pengar",
	"add_money1": "ÅTERSTÄLL PENGARALTERNATIVET",
	"add_money2": "Återställ Pengar",
	"add_money3": "LÄGG TILL PENGAR",
	"add_money4": "Lägg till 1 miljon kontanter + 4 miljoner offshore",
	"add_money5": "Lägg till 10 miljoner kontanter + 40 miljoner offshore",
	"add_money6": "Lägg till 100 miljoner kontanter + 400 miljoner offshore",
	"add_money7": "Lägg till 1 miljard kontanter + 4 miljarder offshore",
	"add_money8": "Lägg till 1 miljon kontanter",
	"add_money9": "Lägg till 10 miljoner kontanter",
	"add_money10": "Lägg till 100 miljoner kontanter",
	"add_money11": "Lägg till 1 miljard kontanter",
	"add_skill1": "FÄRDIGHETER",
	"add_skill4": "FÄRDIGHETSTALTERNATIV",
	"add_perk": "PERK-ALTERNATIV",
	"add_perk1": "Återställ Perk Poäng",
	"add_perk2": "Lås upp Alla Perks",
	"add_perk3": "PERK POÄNG ALTERNATIV",
	"add_achievement": "PRESTANDAALTERNATIV",
	"add_achievement2": "Lägg till individuella prestationer",
	"add_achievement3": "Ta bort individuella prestationer",
	"add_achievement4": "Lås alla prestationer",
	"add_achievement5": "Lås upp Alla prestationer",
	"ai_menu3": "Cloaker arresterar endast AI",
	"text_f10_1": "Jobbmeny",
	"text_f10_4": "PREGAME-ALTERNATIV",
	"dontwait": "Tvinga Start",
	"dontwait_help": "Tvinga igång spelet, förhindra att vänta",
	"getemall": "Lås upp Alla tillgångar",
	"text_f10_5": "I SPELALTERNATIV",
	"text_f10_12": "Säkra kroppsväskor för kontanter",
	"text_f10_13": "Byt interaktionn",
	"text_f10_3с_1": "Granadbegränsning",
	"text_f10_3с_1_help": "Begränsar granater som kastas medan de är i smyg",
	"text_f10_3с_2": "Ingen flyktimer",
	"text_f10_3с_6": "Personsökare modifikation",
	"text_f10_3с_6_help": "Ökar personsökarmängden",
	"text_f10_3с_10": "XP-multiplikator",
	"text_f10_3с_10_help": "Multiplicera XP som tjänas 2x, aktivera för varje karta du vill multiplicera",
	"text_f10_3с_11": "HUD AKTIVERAT",
	"main_menu_num": "Spawn meny",
	"spawn_menu": "Spawn Fiender/allierade",
	"spawn_on_self_unt": "Spawn enheter",
	"spawn_on_self_spec_unt": "Spawn special enheter",
	"spawn_on_self_gensec_unt": "Spawn elite Gensec enheter",
	"spawn_on_self_unt_frnd": "Spawn allierade",
	"spawn_on_self_spec_unt_frnd": "Spawn special allierade",
	"spawn_on_self_gensec_unt_frnd": "Spawn elite Gensec allierade",
	"spawn_frnd": "Spawn civil",
	"spawn_band": "Spawn banditer",
	"spawn_equipment": "Spawn utrustning på hårkors",
	"spawn_lootmode": "Spawn objekter/fordon på hårkors",
	"spawn_menu_1_1": "Fiender och allierade",
	"spawn_menu_1_2": "Endast där det är möjligt",
	"spawn_menu_bandit": "Bandit",
	"FR_1": "Civil",
	"FRFR1": "Elite GENSEC",
	"FRFR4": "LMG Bulldozer",
	"FRP1": "Sköld",
	"FRP3": "Cloaker",
	"FRP4": "Prickskytt",
	"FRP6": "Taser",
	"FRP7": "Bulldozer",
	"FR0": "Polis",
	"FR4": "Specialstyrkor",
	"FR6": "Specialstyrkor med armor",
	"FR7": "FBI",
	"FR9": "FBI armored",
	"FR10": "Säkerhetsvakt"
}