{
	"Mission_triggers": "Mission Triggers",
	"Trolling_triggers": "Trolling Triggers",
	"Spawn_triggers": "Spawn Triggers",
	"Experimental_triggers": "Experimental Triggers",
	"AiGlobalEvent": "Ai Global Event",
	"AreaTrigger": "Area Trigger",
	"LaserTrigger": "Laser Trigger",
	"MissionFilter": "Mission Filter",
	"WhisperState": "Whisper State",
	"SpecialObjective": "Special Objective",
	"SpecialObjectiveTrigger": "Special Objective Trigger",
	"PlayerSpawner": "Player Spawner",
	"PointOfNoReturn": "Point Of No Return",
	"SpawnGrenade": "Spawn Grenade",
	"SpawnCivilianGroup": "Spawn Civilian Group",
	"SpawnCivilian": "Spawn Civilian",
	"Filter": "Filter",
	"EnemyDummyTrigger": "Enemy Dummy Trigger",
	"AssetTrigger": "Asset Trigger",
	"PrePlanning": "Pre Planning",
	"SpawnDeployable": "Spawn Deployable",
	"TeammateComment": "Teammate Comment",
	"Dialogue": "Dialogue",
	"menu_f11_main_menu": "Help Menu",
	"menu_f11_cheater_tag_menu_text": "All About Cheater Tag",
	"menu_f11_cheater_tag_menu_text1": "Сheater Tag",
	"menu_f11_cheater_tag_menu_text2": "No Сheater Tag",
	"menu_f11_cheater_tag_menu_DLC": "DLC Unlocker",
	"menu_f11_cheater_tag_menu_DLC_1": "Using items from non-purchased DLC",
	"menu_f11_cheater_tag_menu_DLC_2": "Mask modification",
	"menu_f11_cheater_tag_menu_DLC_3": "Weapon modification",
	"menu_f11_cheater_teg_menu_Skin_1": "Which is only because of a massive convenience of the weapon mods being marked as unobtainable",
	"menu_f11_cheater_teg_menu_levle_1": "Getting infamy level without a single heist completed",
	"menu_f11_cheater_teg_menu_levle_2": "Getting infamy level without getting 100 level",
	"menu_f11_cheater_teg_menu_levle_3": "Skipping next infamy level, like from 1 to 3",
	"heist_menu": "About Heist",
	"menu_f11_cheater_teg_menu_heist_1": "Using contract from non-purchased DLC",
	"menu_f11_cheater_teg_menu_heist_2": "Spawning any equipment, different from last equipment you spawned",
	"menu_f11_cheater_teg_menu_heist_3": "Throwing more than the allowed amount of grenades",
	"menu_f11_cheater_teg_menu_heist_4": "Picking up a grenade from grenades crate case increases the limit",
	"menu_f11_cheater_teg_menu_heist_5": "Spawning more than the allowed amount of equipment",
	"keybinds_in": "KeyBinds in ",
	"main_menu": "Main Menu",
	"ingame_menu": "Heist",
	"keyboard_keybinds": "Keyboard KeyBinds",
	"teg_del": "How to remove CHEATER tag",
	"teg_del_1": "Disable Dlc Unlocker",
	"teg_del_2": "Disable Skin Unlocker",
	"teg_del_3": "Restart the game and try to join",
	"teg_del_4": "These are the main reasons",
	"teg_del_5": "The problem remains unresolved",
	"teg_del_6_prem": "I recommend contacting us",
	"teg_del_7": "Using F10, remove the problem moments",
	"teg_del_8": "In the worst case, go to Settings/Extended/Clear progress",
	"contact_us": "Contact Us",
	"open_p3dhack": "Open P3DHack.ru",
	"menu_f11_text_dop1": "附带",
	"menu_f11_text_keybind7": "目标指示器",
	"menu_f11_text_keybind8": "自瞄",
	"menu_f11_text_keybind9": "慢动作",
	"menu_f11_text_keybind10": "穿墙",
	"menu_f11_text_keybind_num": "小键盘",
	"menu_f11_text_keybind13": "全员X光",
	"menu_f11_text_keybind15": "秒回应全对讲机",
	"menu_f11_text_keybind_mouse": "鼠标",
	"menu_f11_text_keybind16": "传送",
	"menu_f11_text_keybind_other": "杂项",
	"menu_f11_text_keybind17": "多包裹切换↑",
	"menu_f11_text_keybind18": "多包裹切换↓",
	"menu_f11_text_keybind20": "立刻救起所有队友",
	"menu_f11_text_keybind21": "多包裹默认",
	"thank_for_support": "感谢支持!",
	"open_crashlog": "打开崩溃日志",
	"no_invisible_walls": "No invisible walls",
	"Full_Stop_function": "Full Stop The Cheater",
	"Full_Stop_all": "Full Stop Cheaters",
	"freeze_peers": "Freeze players",
	"stopthecheater_all": "Stop Cheaters",
	"antistopthecheater_all": "Anti Stop Cheaters",
	"NoClip_Amount": "NoClip speed",
	"hide_buy_dlc": "Hide Buy DLC",
	"arrows_helicopter": "Arrows on the keyboard",
	"control_helicopter": "Control the helicopter",
	"All_type": "All",
	"Host_type": "Host",
	"Client_type": "Client",
	"cheater_tag": " [Cheater Tag]",
	"cheater_tag_host": " [Cheater Tag for Host]",
	"cheater_tag_client": " [Cheater Tag for Client]",
	"night": " night",
	"secret_perks_no_negative_title": "No negative effects",
	"buddha_mode": "Buddha Mode",
	"killall": "杀死全部相关设置",
	"IgnoreCivilians": "忽略平民",
	"IgnoreTied": "Ignore Tied Hostages",
	"IgnoreCameras": "忽略摄像头",
	"IgnoreEnemies": "忽略敌人",
	"NoBagBodies_title": "去除尸体袋",
	"NoBagBodies": "去除尸体袋 [Cheater Tag for Client]",
	"F2_help1": "你必须装备副武器，不然游戏将会崩溃！",
	"F2_help2": "你必须装备主武器，不然游戏将会崩溃！",
	"stopthecheater_function": "STC反慢动作",
	"freeze_peer": "冻结玩家",
	"select_value": "选择一个你想要的数值",
	"fast_lvl": "快速升级",
	"crime_spree_boost": "挑战模式加速",
	"set_crime_spree_boost": "在每完成一个劫案后增加该分数",
	"shoot_through_wall_thickness_desc": "设置子弹可穿透的厚度，40是一个普通的墙壁",
	"shoot_through_wall_desc": "重要提示:这只是子弹的穿透设置，不是你！",
	"target_closest_title": "最近的目标",
	"target_closest_desc": "如果勾选，将会自动瞄准离你最近的目标，而不是随机瞄准",
	"change_aim_function": "自瞄/自动射击设置",
	"active_pagers": " 激活对讲机",
	"set_infamy": "设置为 ",
	"add_exp": "经验选项",
	"add_lvl": "等级选项",
	"answer_phones": "回答全部对讲机",
	"get_preplanning": "购买全部事前准备道具",
	"force_ready": "强制准备",
	"force_unready": "强制取消准备",
	"XP_bust_help1": "获得的经验乘以 ",
	"XP_bust_help2": ", 设置后获得的经验值可以自动翻倍",
	"pick_up_right_engine": "拿走正确的引擎",
	"pickup_files": "拿走正确的文件",
	"mind_civ_f3_1": "心灵控制",
	"int_team": "团队秒速互动",
	"auto_answer_phones": "自动回答对讲机",
	"no_lasers": "触碰激光不触发警报",
	"inf_ammo_reload": "无限备弹",
	"keyboard_health_and_ammo": "血量和弹药已恢复",
	"keyboard_locator_1": "[1/8] 盖奇包裹 数量:",
	"keyboard_locator_2": "[2/8] 键盘/安全门",
	"keyboard_locator_3": "[3/8] 武器/可卡因",
	"keyboard_locator_4": "[4/8] 木板/钻机",
	"keyboard_locator_5": "[5/8] 板条箱/撬棍",
	"keyboard_locator_6": "[6/8] 劫案",
	"keyboard_locator_7": "[7/8] 金钱",
	"keyboard_locator_8": "[8/8] 全部",
	"keyboard_ammo": "弹药已恢复",
	"keyboard_reviveteam": "队友已被救起",
	"Unlockers": "解锁器",
	"you_can_desc": "你可以增加,或减少它",
	"Inf_Cam_Loops_and_Duration": "无限摄像头循环时间",
	"First_column": "第一栏",
	"Second_column": "第二栏",
	"Third_column": "第三栏",
	"inf_cable": "无限绑人绳",
	"main_menu_f7_premium_text1": "互动时间选项(减少时间为",
	"main_menu_f7_premium_text2": "秒数)",
	"InteractTimer_Value_title": "时间选项",
	"NameSpoofer_title": "假名称",
	"NameSpoofer_desc": "在游戏里使用一个假的名称,设置为禁用可以关闭它",
	"How_to_NameSpoofer_title": "如何将名称更改为 OVERKILL_Almir ?",
	"How_to_NameSpoofer_desc": "点我来查看如何更改假名称.",
	"secret_skills_and_perks_title": "隐藏技能与天赋",
	"secret_skills_title": "隐藏技能",
	"secret_skills_desc": "你可以使用全部技能,并且狂怒不会减少你的血量!",
	"secret_perks_title": "隐藏天赋",
	"Activator_Functions_title": "启用以下功能",
	"Activator_Functions_desc": "如果你想开启那些功能,请先启用我!",
	"fast_scroll_title": "快速滚动",
	"fast_scroll_desc": "启用后,可以加速上下移动的速度(哦耶!)",
	"spoofs_title": "假抽牌",
	"unbannable_skin_title": "隐藏武器皮肤",
	"unbannable_skin_desc": "在启用后,即使你装备了金色皮肤,也不会被标记为作弊者.\n但别人将无法看见你的皮肤!",
	"skip_videos_title": "跳过启动时影片",
	"press_any_key_title": "跳过按下任意键",
	"rss_options": "新闻推送设置",
	"gap_offsets_text": "位置",
	"gap_menus_text": "能见度",
	"gap_time_text": "旋转",
	"gap_news_text": "数据",
	"removeNewHeistsGui_title": "移除主菜单宣传横幅",
	"removeNewHeistsGui_desc": "移除主菜单宣传横幅",
	"removeWallet_title": "移除挑战时金钱显示",
	"removeWallet_desc": "移除挑战时金钱显示",
	"show_main_title": "主菜单",
	"show_main_desc": "启用新闻推送",
	"show_pause_title": "暂停页面",
	"show_pause_desc": "启用新闻推送",
	"show_lobby_title": "准备大厅",
	"show_lobby_desc": "启用新闻推送",
	"show_spree_title": "挑战大厅",
	"show_spree_desc": "启用新闻推送",
	"OFFSET_X_title": "X坐标调整",
	"OFFSET_X_desc": "指定新闻显示在哪的X坐标",
	"OFFSET_Y_title": "Y坐标调整",
	"OFFSET_Y_desc": "指定新闻显示在哪的Y坐标",
	"PRESENT_TIME_title": "现在的时间",
	"PRESENT_TIME_desc": "每个标题出现需要多长时间",
	"SUSTAIN_TIME_title": "维持时间",
	"SUSTAIN_TIME_desc": "每个标题在屏幕上停留多长时间",
	"REMOVE_TIME_title": "淡去时间",
	"REMOVE_TIME_desc": "每个标题淡去需要多长时间",
	"MAX_NEWS_title": "最多加载的新闻数",
	"MAX_NEWS_desc": "最多加载的新闻数",
	"MAX_NEWS_SHOW_title": "最多显示的新闻数",
	"MAX_NEWS_SHOW_desc": "最多显示的新闻数",
	"MIX_title": "随机新闻展示",
	"MIX_desc": "随机新闻展示,如果禁用,将会按获取到的顺序显示",
	"the_end_burn": "使画像发光",
	"the_end_door": "开启解密大门",
	"hints_1": "现在的P3DHack已经很棒了,再让它更棒有些困难(脑洞不够大)",
	"buy_premium": "查看高级版",
	"premium_buy_title": "购买高级版",
	"Free_Crime_Spree_title": "免费购买挑战模式",
	"unlock_all_tiers": "解锁全部等级",
	"set_killzone": "处死玩家",
	"reduce_damage_all": "只受到50%伤害",
	"hide_text_title": "关闭相关文字",
	"hide_text_desc": "关闭全部与P3DHack有关的文字",
	"reboard": "无限木板",
	"reboard_help": "勾选后可以无限封住窗户",
	"mod_list_lite_title": "BLT界面卡顿修复",
	"mod_list_lite_desc": "当你勾选后可以解决进入BLT 模组时的莫名其妙卡顿的问题",
	"Delay_func_title": "快速制毒",
	"AimMode_desc": "选个模式",
	"aim_type_1": "自动射击",
	"aim_type_2": "自瞄",
	"aim_type_3": "自瞄+自动射击",
	"RightClick_title": "瞄准时才射击",
	"RightClick_desc": "勾选后只有在你右键瞄准时才会自动射击",
	"AimbotInfAmmo_title": "无限子弹",
	"AimbotDamageMul_title": "伤害翻倍",
	"MaxAimDist_title": "最大自瞄距离",
	"SafeSimulatorMenu_function": "开箱模拟器",
	"ScamDetectionLevel_title": "诈骗等级检测",
	"ScamDetectionLevel_desc": "您的检测等级风险为 3 .",
	"vrmenu": "VR专用菜单",
	"I_Use_VR_title": "开启VR模式",
	"I_Use_VR_desc": "如果你正在使用VR玩,请务必勾上这个选项!",
	"ride_player": "坐在玩家脸上",
	"increase_ladder": "增加梯子的高度和宽度",
	"WORLD": "世界",
	"RIVALS": "敌对NPC",
	"only_for_you": "仅为你",
	"troll_remove_body": "去除身体",
	"troll_remove_right_leg": "去除右腿",
	"troll_remove_left_leg": "去除左腿",
	"troll_remove_legs": "去除所有腿",
	"troll_stop_it": "停止",
	"troll_cut_head": "砍头",
	"troll_hide_doors": "隐藏门",
	"troll_show_doors": "显示门",
	"troll_upgrade_cameras": "摄像头升级",
	"jerry1": "飞行",
	"jerry2": "身穿降落伞",
	"carry": "携带",
	"mask_off": "摘下面具",
	"clean": "清空",
	"civilian": "平民",
	"standard": "标准",
	"teleport_all_to_me": "传送所有人到我身边",
	"troll_activate_triggers": "启用触发器",
	"troll_enable_units": "启用部件",
	"troll_disable_units": "停用部件",
	"troll_end_mission": "结束任务",
	"troll_world": "控制整个世界",
	"turret_spawn": "刷出炮塔",
	"turret_friendly": "友军炮塔",
	"turret_enemy": "敌军炮塔",
	"add_items_all_menu": "全部列表",
	"del_items_all_menu": "全部列表",
	"del_items_menu": "戴尔库存菜单",
	"right_engine_menu": "正确的引擎菜单",
	"right_engine": "在HUD上显示正确的引擎",
	"spawn_right_engine": "刷出正确的引擎",
	"save_and_reload_title": "保存并读取",
	"save_and_reload_desc": "这项设置将会保存并立即应用您对配置菜单的任何更改",
	"P3DHack_Menu_title": "P3DHack 菜单",
	"P3DHack_Menu_desc": "快速并快捷的使用所有功能",
	"hud_function": "HUD功能",
	"hide_p3dhack_menu_desc": "在主菜单时隐藏P3DHack",
	"Hide_Functions": "隐藏功能",
	"hide_smoke_title": "隐藏烟雾",
	"hide_logo_title": "隐藏收获日的Logo",
	"hide_pattern_title": "隐藏图案",
	"hide_particles_title": "隐藏粒子效果",
	"Skip_Functions": "跳过功能",
	"Skip_Press_title": "仅需按下回车即可跳过",
	"global_unavailable": "当前不可用!",
	"helicopter": "直升机选项",
	"autoshoot": "自动射击",
	"troll_activate_elements": "启用详情",
	"troll_open_doors": "开启全部的门",
	"troll_close_doors": "关闭全部的门",
	"troll_open_vault": "开启保险库",
	"troll_close_vault": "关闭保险库",
	"troll_remove_head": "让所有敌人的头部消失",
	"troll_invisible_spooks": "使间谍隐形",
	"troll_launch_cars": "发射所有玩家坐上的车",
	"troll_close_van_doors": "关闭箱子门",
	"troll_open_van_doors": "开启箱子门",
	"rofl_drills": "让人发笑的钻机",
	"Speed_hack": "加速",
	"melee_range": "超长近战范围",
	"melee_charge": "超快近战蓄力时间",
	"melee_no_delay": "超快近战",
	"hider_title": "隐藏MOD",
	"hider_type_title": "你想隐藏什么MOD?",
	"Only_P3D": "仅隐藏P3DHack",
	"All": "全部MOD",
	"Crosshair_title": "准星",
	"specific_weapons_unlocker_title": "特定武器解锁器",
	"NewMenu_function": "自动运行的功能",
	"Dodge_Chance_Buff_title": "固定闪避几率",
	"Dodge_Chance_Buff_Amount_title": "固定闪避几率修改",
	"Dodge_Chance_Buff_Amount_desc": "0.1 = 10%, 1 = 100%",
	"Melee_Buff_title": "近战伤害增加",
	"Melee_Buff_Amount_title": "近战伤害倍数",
	"Unlimited_BodyBags_title": "无限尸体袋",
	"Jump_Mask_Off_title": "在踩点模式下跳跃",
	"Fast_Mask_title": "快速戴面具",
	"Infinite_Hostage_Follow_title": "无限人质跟踪",
	"Interaction_CoolDown_title": "无互动冷却",
	"Sixth_Sense_Reset_title": "第六感技能",
	"Sixth_Sense_Reset_desc": "勾选后第六感将会在你移动时刷新并标记而不是静止",
	"Bag_CoolDown_title": "无包裹互动冷却",
	"Camera_Bag_Explosion_Multiplier_title": "爆炸包裹相机伤害增加",
	"Camera_Bag_Explosion_Multiplier_desc": "你是否想开启爆炸包裹相机伤害增加?(意义不明)",
	"Camera_Bag_Explosion_Multiplier_Amount_title": "伤害倍数",
	"Camera_Bag_Explosion_Multiplier_Amount_desc": "默认为 4",
	"Explosion_Buff_title": "全部爆炸物伤害增加",
	"Explosion_Buff_Amount_title": "全部爆炸物伤害倍数",
	"Lowered_Headbob_title": "降低头部",
	"Toggle_Interact_title": "系统帮你按住F",
	"Toggle_Interact_desc": "勾选后按下F系统将会自动帮你保持按住F的状态,再按F取消互动",
	"Grenade_Restrict_title": "潜行模式下无法扔出手雷",
	"Pager_Mod_title": "增加对讲机回应次数",
	"Zipline_Drop_title": "允许运人的绳索运送包裹",
	"Classic_Open_Door_title": "经典选项的开启所有门",
	"Classic_Open_Door_desc": "可能无法工作,它更偏向于特定的门",
	"New_Open_Door_title": "新选项的开启所有门",
	"New_Open_Door_desc": "开启所有除了经典选项能开的门以外所有的门",
	"Anti_Cheat_Disable_title": "关闭内置反作弊",
	"Anti_Cheat_Disable_desc": "允许你刷出包裹以及可以使用很多很多功能",
	"Secure_BodyBags_title": "使用尸体袋换钱",
	"Secure_BodyBags_Loot_Value_title": "尸体袋换钱数量",
	"Secure_BodyBags_Loot_Value_desc": "尸体袋可以换成多少钱呢?",
	"No_Job_Heat_title": "关闭重复进行抢劫时的惩罚",
	"Job_Heat_Amount_title": "设置抢劫任务额外经验加成",
	"Job_Heat_Amount_desc": "默认 1.15 = 15%",
	"XP_Multiplier_title": "经验增加",
	"XP_Multiplier_Amount_title": "经验增加倍数",
	"othermenu_function": "杂项",
	"Rats_Message_title": "制毒助手",
	"Rats_Message_desc": "在聊天窗口上显示你要添加的原料",
	"Delay_title": "延迟时间",
	"CookMeth_function": "制毒相关",
	"troll_alarm": "呼叫110(嘿嘿嘿....)",
	"alarm_crim": "举报有犯罪行为",
	"alarm_gun": "举报有枪声",
	"alarm_exp": "举报有爆炸声",
	"alarm_mon": "举报有怪物!",
	"delete_units": "删除地图中所有的同步单位",
	"mute_ply": "屏蔽他",
	"kick_all": "踢掉所有人",
	"crash_game": "让他的游戏闪退",
	"Bullet_Penetration_func": "子弹穿墙相关",
	"Bullet_Penetration_Shield_title": "可穿透警卫盾牌",
	"Bullet_Penetration_Enemy_title": "可穿透敌人",
	"Bullet_Penetration_Wall_title": "可穿透墙壁",
	"Skip_End_Screen_title": "快速结算",
	"other_menus": "杂项菜单",
	"Bag_mod_toggle": "包裹切换",
	"change_statistic": "修改个人统计信息",
	"p3dtext_language_title": "语言",
	"dlc_title": "解锁全部DLC [Cheater tag]",
	"skin_title": "解锁全部皮肤",
	"skin_armor_title": "解锁全部护甲皮肤",
	"noclip_title": "穿墙模式",
	"rave_title": "人质快速跟踪",
	"rave_desc": "你讨厌人质跟着你的时候慢的一逼吗?那就开!",
	"antistop_title": "无视STC实施的慢动作",
	"antistop_desc": "MOD全名:(Stop The Cheater)",
	"antistop_info_title": "反查谁用了STC",
	"antistop_info_desc": "反查谁用了STC",
	"slow_attention": "慢动作警告!",
	"slow_you": " 的STC已自动让您的速度变慢!",
	"change_statistic_total_kills_title": "杀敌总数",
	"change_statistic_specials_kills_title": "特殊敌人杀敌总数",
	"change_statistic_head_shots_Amount_title": "爆头总数",
	"change_statistic_accuracy_Amount_title": "精准度百分比",
	"change_statistic_downs_Amount_title": "倒地次数",
	"Language_text": "语言选择相关",
	"antistopthecheater_function": "无视STC慢动作相关",
	"Main_function": "主要功能相关",
	"Free_function": "免费购买相关",
	"locator_function": "目标指示器相关",
	"Keyboard_Auto_Config": "自动绑定键位相关",
	"Auto_func": "自动启用的功能",
	"change_statistic_function": "修改个人统计信息",
	"text_in_game_title": "不显示主菜单上的P3DHack相关文字",
	"text_in_game_desc": "勾选后主菜单将不会再有P3DHack的相关文字",
	"Favors_title": "无限规划点数",
	"Free_Assets_title": "免费购买资产",
	"Free_Casino_title": "免费离岸商店下注",
	"Free_Contracts_title": "免费购买抢劫合约",
	"Free_Masks_title": "免费购买面具",
	"Free_PrePlanning_title": "免费购买事前准备道具",
	"Free_Slots_title": "免费购买武器/面具栏位",
	"Free_Weapons_title": "免费购买武器",
	"Free_Weapon_Mods_title": "免费购买武器配件",
	"Jumper_set_title": "跳跃高度",
	"No_FlashBang_title": "无视闪光弹",
	"No_Recoil_title": "无后坐力",
	"No_Spread_title": "无扩散",
	"Infinite_Stamina_title": "无限体力",
	"Dropin_Pause_Remove_title": "玩家中途加入时不暂停",
	"Auto_Pick_Card_title": "自动选择卡牌",
	"X_Ray_title": "X光透视",
	"X_Ray_desc": "默认按键是X",
	"Full_Replenish_title": "血量与弹药恢复",
	"Full_Replenish_desc": "默认按键是Z",
	"Ammo_Replenish_title": "弹药恢复",
	"Ammo_Replenish_desc": "默认按键是C",
	"Vehicle_Spawn_title": "刷出可开动的车辆",
	"Vehicle_Spawn_desc": "默认按键是V",
	"Grenade_Spawn_title": "刷出手雷",
	"Grenade_Spawn_desc": "默认按键是B",
	"Grenade_Spawn_Type_title": "刷出的手雷类型",
	"Grenade_Spawn_Type_desc": "设置刷出的手雷类型",
	"Hud_Toggle_title": "关闭HUD界面",
	"Hud_Toggle_desc": "默认按键是F10",
	"Gage_Package_title": "刷出盖奇包裹",
	"Gage_Package_desc": "默认按键是\\(|)",
	"Restart_Job_title": "重新开始任务",
	"Restart_Job": "默认按键是小键盘/",
	"Ultimate_Kill_title": "杀死所有非友军AI",
	"Ultimate_Kill_desc": "默认按键是小键盘*",
	"Auto_Drill_Service_desc": "当钻机出现故障时自动修复",
	"Carry_Mod_desc": "删除所有包裹和拥有爆炸属性的弹药的重量",
	"Interact_Distance_Amount_title": "互动距离",
	"Instant_Interact_With_Anything_desc": "开启后互动不再需要某项物品做优先条件",
	"Weapon_Damage_Multiplier_Amount_title": "武器伤害倍数",
	"Weapon_Fire_Rate_Multiplier_title": "Fire Rate Buff",
	"waypoints_showDistance": "显示距离",
	"waypoints_showDistance_desc": "显示玩家跟目标的距离",
	"waypoints_showGagePickups": "显示盖奇包裹",
	"waypoints_showGagePickups_desc": "显示盖奇包裹",
	"waypoints_showPlanks": "显示木板",
	"waypoints_showPlanks_desc": "显示木板",
	"waypoints_showSmallLoot": "显示零碎物品",
	"waypoints_showSmallLoot_desc": "钱/首饰等...",
	"waypoints_showCrates": "显示板条箱",
	"waypoints_showCrates_desc": "像选举日/暗影突袭里的板条箱",
	"waypoints_showDoors": "显示门",
	"waypoints_showDoors_desc": "显示门",
	"waypoints_showCameraComputers": "显示监控地点",
	"waypoints_showCameraComputers_desc": "显示出在哪里可以连接摄像头",
	"waypoints_showDrills": "显示可放置的钻机",
	"waypoints_showDrills_desc": "显示可放置的钻机",
	"waypoints_showThermite": "显示铝热剂",
	"waypoints_showThermite_desc": "显示铝热剂并且告诉你在哪里使用",
	"waypoints_showSewerManhole": "显示下水道井盖",
	"waypoints_showSewerManhole_desc": "显示下水道井盖",
	"waypoints_showHUDMessages": "显示HUD信息",
	"waypoints_showHUDMessages_desc": "在HUD上显示关于目标指示器的信息",
	"waypoints_makeNoise": "制造声响",
	"waypoints_makeNoise_desc": "当脚本运行时制造声响",
	"waypoints_iterativeToggle": "目标指示器切换",
	"waypoints_iterativeToggle_desc": "开启时,它会自动找到下一个可用的目标指示器显示.\n关闭表示它将一次显示所有航点.",
	"waypoints_sheaterNewb": "向其他玩家公开信息",
	"waypoints_sheaterNewb_desc": "开启后能够向其他人显示很多东西(如山羊和投票机)",
	"main_menu_p3dhack": "主菜单",
	"main_menu_help_p3dhack": "打开主菜单",
	"previous_menu_p3dhack": "上一页",
	"previous_menu_help_p3dhack": "退到上一页",
	"next_menu_p3dhack": "下一页",
	"next_menu_help_p3dhack": "进入下一页",
	"prew_menu_p3dhack": "上一页",
	"prew_menu_help_p3dhack": "退到上一页",
	"close_menu_p3dhack": "关闭",
	"close_menu_help_p3dhack": "关闭菜单",
	"global_host": "仅限主机使用!",
	"global_host_": "不可用(仅限主机使用)",
	"global_on": "已开启",
	"global_off": "已关闭",
	"global_p3dhack": "P3DHack",
	"global_premium": "仅限高级版使用!",
	"mouse_teleport": "传送完毕!",
	"num_jump": "超级跳",
	"num_kill": "所有非友军AI已死亡(包括友军警察)",
	"num_pg_answer": "已回答对讲机并包裹尸体",
	"main_menu_f1": "自己的设置菜单",
	"fast_f1": "主要选项",
	"godmode": "无敌模式",
	"godmode_help": "不受任何伤害与控制(包括杨教授的电击)",
	"friendfire": "友军伤害",
	"friendfire_help": "可以伤害友军",
	"modif_f1": "次要选项",
	"drillservice": "自动修复钻机",
	"drillservice_help": "当钻机出现故障时自动修复",
	"carrymod": "轻装上阵",
	"carrymod_help": "允许你携带所有包裹时奔跑并删除所有包裹和RPG子弹的重量",
	"carrycross": "扔出的包裹刷在准星上",
	"carrycross_help": "如果你想同时使用允许携带多包裹和这个,那么请先启用这个功能,否则不会生效!",
	"spooccuffselfon": "去除剑圣踢倒",
	"spooccuffselfon_help": "剑圣踢倒你后,你将会被铐住而不是倒地!",
	"infammobag": "无限使用弹药包",
	"infammobag_full_": "无限使用弹药包",
	"InfiniteSpecial_": "无限使用小道具",
	"InfiniteSpecial_help": "比如绑人用的绳子/木板/钥匙卡等...",
	"inf_converts": "无限转换敌人",
	"carrystack": "允许携带多包裹",
	"carrystack_help": "警告!!!如果你不是主机你将会得到红名作弊者!",
	"carrylimit": "多包裹重量叠加",
	"carrylimit_help": "携带多个包裹时将会叠加每个包裹的重量",
	"infdocbag": "无限使用医疗包",
	"infdocbag_full": "使用医疗包不消耗医疗包的使用次数",
	"inf_ecm": "ECM干扰器无限干扰(非反馈)",
	"infmessiah": "无限使用技能:弥赛亚",
	"inf_pager_answers": "无限应答对讲机",
	"instantdom": "秒速转换敌人",
	"instantdrill": "秒速完成入侵/钻机",
	"instantdrill_help": "如果已经在入侵/钻机,那么也可以开启来立刻完成",
	"intdist": "增加互动距离",
	"instantinteract": "秒速完成互动",
	"instantinteract_help": "(除了带面具!)例如撬锁/应答/放置物等一切需要互动的地方",
	"interactanyhting": "不需要物品也能成功互动",
	"interactwall": "允许穿墙互动",
	"nohitdis": "删除被击中/高处掉落的眩晕",
	"smlootmulti": "零碎现金获取钱数翻倍",
	"smlootmulti_help": "适用于任何可直接获取并得到金钱的物品",
	"ZiplineBag": "运人绳索解锁",
	"ZiplineBag_help": "允许你在运输人用的绳索运输包裹",
	"infsentry": "岗哨机枪无限子弹",
	"godsentry": "岗哨机枪无敌",
	"BulletExplode": "爆炸子弹",
	"BulletFire": "火焰子弹",
	"damagebuff": "一击必杀",
	"fireratebuff": "射速翻倍",
	"infammo": "无限弹药",
	"main_menu_f3": "潜行的设置菜单",
	"mind_enemies_menu": "敌人相关",
	"mind_civs_menu": "平民相关",
	"pigsfly": "让他们飞起来",
	"copsquit": "恐吓他们",
	"drunkpigs": "让他们眩晕",
	"civdance": "让他们跳舞",
	"civsmoke": "让他们吸烟",
	"civcower": "让他们躺下",
	"phonycivs": "让他们玩手机",
	"main_menu_f3_1": "主要选项",
	"cops_dont_shoot": "所有AI不开枪",
	"cops_dont_shoot_help": "警察/友军AI将无法开枪",
	"disable_cams": "关闭所有摄像头",
	"disable_pagers": "无需应答对讲机",
	"free_kill": "免费杀戮平民",
	"pagedom": "警卫投降不需要应答",
	"pagedom_help": "如果正在使用秒速控制这个必须先启用才会生效!",
	"prevent_panic_buttons": "平民不会按紧急按钮",
	"people_dont_call_police": "永远不会有警报",
	"lobai": "AI变傻子",
	"randompage": "最多应答4个对讲机",
	"randompage_help": "当应答的对讲机达到4个以后,以后再杀死的警卫不再会要求应答对讲机",
	"steal_pagers_on_melee": "偷取对讲机",
	"steal_pagers_on_melee_help": "当你用近战杀死一个警卫之后会直接偷走对讲机(无需应答)",
	"convertall": "转换全部敌人为友军",
	"convertall_full": "全部敌人已转换为友军!",
	"remote_camera": "远程连接摄像头",
	"main_menu_f4": "任务的设置菜单",
	"bettyboom": "AI死亡后掉出炮弹",
	"bettyboom_full": "AI死亡后掉出炮弹",
	"bettyboom_help": "当AI死亡后会从尸体飞出2包炮弹(爆头翻倍掉落)",
	"dirtymoney": "AI死亡后掉出黄金",
	"dirtymoney_help": "当AI死亡后会从尸体飞出2包黄金(爆头翻倍掉落)",
	"autocook": "自动制作冰毒",
	"autocook_full": "自动制作冰毒",
	"autocook_help": "自动帮忙制作冰毒,需要有化学药品才能继续!",
	"m_info": "主要选项",
	"civil": "恐吓所有平民",
	"civil_help": "通过多按几次来让他们都趴下,配合绑住更佳",
	"instaboardst": "堵上所有可堵上的窗户",
	"instaboardst_help": "将会用木板把所有可以堵上的窗户堵上",
	"cutglass": "割开所有玻璃",
	"heistintel": "跳下火车",
	"heistintel_help": "只能在运输任务使用",
	"heistintel_only": "仅限运输关卡!",
	"getpatht": "获取所有道具",
	"getpatht_help": "请务必启用允许携带多包裹!",
	"grabcourier": "获取所有盖奇包裹",
	"grabcourier_help": "获取所有盖奇包裹",
	"grabgear": "抓住齿轮",
	"grabgear_help": "按两次抓住齿轮",
	"grabgear_only": "仅限金牙大赌场关卡!",
	"anticheat_info": "反作弊状态",
	"anticheat": "关闭反作弊",
	"anticheat_help": "开启或关闭反作弊",
	"InstantHackAll": "骇入所有电器",
	"InstantHackAll_help": "骇入所有可骇入的电脑/键盘/电话或电箱(电箱需要按2次)",
	"GrabDiamond": "直接拿到希望蓝钻",
	"GrabDiamond_help": "需要按2次才能拿到希望蓝钻!",
	"instanthackmachines": "骇入所有已被发现的投票机",
	"instanthackmachines_only": "仅限选举日第2天关卡!",
	"opencrate": "打开所有板条箱",
	"opencrate_help": "例如选举日第2天/暗影突袭的板条箱等...",
	"bankbuster": "撬开所有储蓄箱",
	"picklockst": "撬开所有门与窗户",
	"picklockst_help": "撬开所有可以撬开的门与窗户",
	"picklockst1": "撬开所有保险箱",
	"picklockst1_help": "打开所有保险箱包括储蓄箱",
	"c4open": "用C4摧毁所有可摧毁的东西",
	"jobwin_jobloss": "胜利/失败 选项",
	"jobloss": "直接失败",
	"jobwin": "直接胜利",
	"ecmopen": "开启所有安全门",
	"usekeycardt": "开启所有要钥匙卡的门",
	"usekeycardt_help": "打开任何使用钥匙卡的门,包括安全门",
	"xmaspresent": "打开所有礼物",
	"xmasflare": "点燃信号弹",
	"DrillAll": "放置/修复所有钻机",
	"DrillAll_help": "放置或修复所有可以进行的钻机",
	"takeintel": "拿走所有设备",
	"takeintel_help": "如果设备在保险箱里,按2次",
	"instanttie": "绑住所有平民",
	"instanttie_help": "必须先恐吓他们并让他们都趴下",
	"heistintel_info": "设备已经放下",
	"civilsdown_info": "所有平民已经被恐吓",
	"c4open_info": "已在所有可放置C4的地方安放C4",
	"grabgear_info": "已抓住齿轮",
	"xmasflare_info": "已点燃信号弹呼叫直升机",
	"xmaspresent_info": "所有未打开的礼物均已打开",
	"ecmopen_info": "所有安全门已开启",
	"getpatht_info": "已解决卡关问题!",
	"grabcourier_info": "已获取所有盖奇包裹",
	"takeintel_info": "全部设备已被获取",
	"takeintel1_info": "设备",
	"InstantHackAll_info": "所有电脑/键盘/电箱已被骇入",
	"cutglass_info": "已割开所有玻璃",
	"instanthackmachines_info": "已开始骇入所有已发现的投票机",
	"instanttie_info": "已绑住所有平民",
	"usekeycardt_info": "已打开所有需要钥匙卡开启的门",
	"opencrate_info": "已打开所有的板条箱",
	"GrabDiamond_info": "已获得希望蓝钻!",
	"picklockst_info": "已撬开所有门与窗户",
	"picklockst1_info": "已撬开所有保管箱",
	"bankbuster_info": "已撬开所有储蓄箱",
	"DrillAll_info": "所有钻机已被安装/修复",
	"instaboardst_info": "所有窗户已被堵上",
	"main_menu_f5": "物品的设置菜单",
	"main_menu_f5_text1": "道具菜单",
	"main_menu_f5_text2": "抢劫物菜单",
	"main_menu_f5_text3": "任务需求包裹菜单",
	"main_menu_f5_text4": "引擎包裹菜单",
	"add_items_menu": "增加指定任务道具",
	"fugas_f5": "炮弹",
	"spawn_f5": "包裹菜单",
	"engine_menu": "引擎包裹菜单",
	"equipment_menu_f5": "任务需求包裹菜单",
	"loot_menu_f5": "抢劫包裹菜单",
	"main_menu_f5_text5": "刷出时的设置",
	"main_menu_f5_text6": "刷出时带在自己身上",
	"main_menu_f5_text7": "刷出时天上下包雨(共100个)",
	"main_menu_f5_text7_help": "请不要点击过多次,不然游戏会变的非常卡!",
	"main_menu_f5_text8": "刷出在准星上",
	"main_menu_f5_text12": "包裹设置",
	"main_menu_f5_text9": "包裹所有未包裹的尸体",
	"main_menu_f5_text9_help": "仅限潜入状态使用!强攻状态无效!",
	"main_menu_f5_text10": "炮弹不爆炸",
	"main_menu_f5_text10_help": "会爆炸的包裹将不会再爆炸",
	"main_menu_f5_text11": "拿上全部包裹",
	"main_menu_f5_text11_help": "必须启用允许携带多包裹,不然多余的包裹将会原地消失",
	"main_f5_text": "一般道具",
	"cable_tie": "电缆束",
	"organs": "器官",
	"add_items_menu_f5": "化学药品",
	"add_items_menu_f5_": "各种条形码",
	"add_items_menu_f5__": "霍斯顿越狱道具",
	"add_items_menu_f5___": "金牙大赌场道具",
	"main_menu_f6": "金钱的设置菜单",
	"main_menu_f6_text1": "超级抢劫帮助者 69000",
	"main_menu_f6_text2": "附加菜单",
	"takeloot": "包裹全部抢劫物",
	"takeloot_help": "必须开启允许携带多包裹不然多余的包裹将会原地消失",
	"InteractType": "拿走全部零碎物品",
	"OpenAtm": "打开所有ATM机/拿走所有物品",
	"OpenAllLoot": "打开所有ATM机/保险箱/验钞机",
	"main_menu_f6_text3": "增加抢劫物",
	"securesmloot": "增加一些零碎现金",
	"main_menu_f6_text4": "全部抢劫物已打包",
	"main_menu_f6_text5": "已增加一些零碎现金",
	"main_menu_f7": "互动的设置菜单",
	"main_menu_f7_text1": "勾选后互动所需时间均变为3秒",
	"InteractDrillJam": "修复/升级钻机",
	"InteractECMJam": "放置ECM开启安全门/ATM机等...",
	"InteractPager": "应答对讲机",
	"InteractPickLock": "撬锁",
	"InteractRevive": "救起玩家",
	"main_menu_f8": "控制的设置菜单",
	"main_menu_f8_text1": "控制其他玩家",
	"main_menu_f8_text2": "控制自己",
	"main_menu_f8_player": "控制 ",
	"main_menu_f8_text3": "玩家控制菜单",
	"main_menu_f8_text4": "选择个别玩家",
	"main_menu_f8_text5": "队伍控制选项",
	"syncbleedall": "使所有玩家出血",
	"synccuffall": "扇所有玩家巴掌",
	"syncincaall": "弄坏所有玩家",
	"synctaseall": "电击所有玩家",
	"main_menu_f8_text6": "个别玩家",
	"main_menu_f8_text7": "其他",
	"releaseteam": "释放所有玩家",
	"sendalltojail_team": "抓捕所有玩家",
	"main_menu_f8_text8": "你自己",
	"main_menu_f8_text9": "对自己的选项",
	"stateblood": "出血",
	"statecuffs": "扇自己巴掌",
	"stateinca_me": "弄坏自己",
	"stateinca": "弄坏",
	"statetased": "电击",
	"releaseme": "释放自己",
	"lockmeup": "抓自己进监狱",
	"main_menu_f8_text11": "玩家状态选项",
	"main_menu_f8_text12": "监狱/传送设置",
	"syncreleaseply2": "从监狱释放",
	"sendalltojail": "抓进监狱",
	"teleporttoply": "传送至...",
	"syncforceengine": "强制携带引擎",
	"main_menu_f8_text13": "设置",
	"depositfill": "填充储蓄箱",
	"depositfill_help": "在一些关卡里可能不会工作!",
	"openvault": "开启地图里所有的门",
	"openvault_help": "注：也会开启金库门!!!!",
	"overdrill": "开启金库门",
	"overdrill_help": "开启金库门",
	"overdrill_only": "该关卡无法使用!",
	"main_menu_f8_text14": "所有的门均已开启",
	"main_menu_f8_text15": "储蓄箱已填充",
	"main_menu_f8_text16": "剩余",
	"I_am_best": "修改个人统计信息",
	"cops_to_bulld": "死亡的警察会转换成重甲",
	"replace_cops": "转换所有警察为重甲",
	"tm_gm": "为所有队友启用无敌模式",
	"invisible_player": "隐形",
	"main_menu_f10": "快速游玩的菜单",
	"infamy_level_menu": "恶名菜单",
	"inventory_menu": "库存菜单",
	"clear_inventory_menu": "清空库存菜单",
	"add_inventory_menu": "增加至库存菜单",
	"level_menu": "等级菜单",
	"money_menu": "金钱菜单",
	"skill_menu": "技能赋菜单",
	"perk_menu": "天赋菜单",
	"add_achieve_menu": "添加成就菜单",
	"rem_achieve_menu": "删除成就菜单",
	"continental_coins_menu": "欧洲币菜单",
	"main_menu_f10_text1": "菜单",
	"main_menu_f10_text4": "恶名等级设置",
	"main_menu_f10_text5": "恶名点数菜单",
	"main_menu_f10_text8": "恶名点数菜单",
	"main_menu_f10_text9": "库存菜单",
	"un1": "解锁设置",
	"un2": "解锁所有道具",
	"un3": "解锁所有栏位",
	"un4": "解锁所有颜色",
	"un5": "解锁所有面具",
	"un6": "解锁所有图案",
	"un7": "解锁所有材质",
	"un8": "解锁所有武器",
	"un9": "解锁所有奖杯",
	"un10": "其他",
	"un11": "删除新道具会有感叹号标记",
	"un12": "解锁设置(DLC)",
	"un13": "解锁所有武器配件",
	"del1": "删除个别栏位",
	"del2": "删除所有面具栏位",
	"del3": "删除所有主要武器栏位",
	"del4": "删除所有次要武器栏位",
	"del5": "删除/锁定全部栏位和道具",
	"del6": "删除所有道具",
	"del7": "删除所有栏位",
	"del8": "锁定所有道具",
	"del9": "删除个别道具",
	"del10": "删除所有颜色",
	"del11": "删除所有面具",
	"del12": "删除所有材料",
	"del13": "删除所有图案",
	"del14": "删除所有武器配件",
	"add_item1": "给所有道具增加1",
	"add_item2": "给所有颜色增加1",
	"add_item3": "给所有道具增加1",
	"add_item4": "给所有面具增加1",
	"add_item5": "给所有材料增加1",
	"add_item6": "给所有图案增加1",
	"add_item7": "给所有武器配件增加1",
	"add_item8": "给所有道具增加5",
	"add_item9": "给所有颜色增加5",
	"add_item10": "给所有东西增加5",
	"add_item11": "给所有面具增加5",
	"add_item12": "给所有材料增加5",
	"add_item13": "给所有图案增加5",
	"add_item14": "给所有武器配件增加5",
	"add_money": "金钱",
	"add_money1": "清空金钱设置",
	"add_money2": "清空所有金钱",
	"add_money3": "增加金钱",
	"add_money4": "增加100万+400万离岸账户",
	"add_money5": "增加1千万+4千万离岸账户",
	"add_money6": "增加1亿+4亿离岸账户",
	"add_money7": "增加10亿+40亿离岸账户",
	"add_money8": "增加100万",
	"add_money9": "增加1千万",
	"add_money10": "增加1亿",
	"add_money11": "增加10亿",
	"add_skill1": "技能",
	"add_skill4": "技能点设置",
	"add_perk": "天赋设置",
	"add_perk1": "清空所有天赋点",
	"add_perk2": "解锁全部天赋",
	"add_perk3": "天赋点设置",
	"add_achievement": "成就设置",
	"add_achievement2": "增加个别成就",
	"add_achievement3": "删除个别成就",
	"add_achievement4": "锁定所有成就",
	"add_achievement5": "解锁所有成就",
	"ai_menu3": "剑圣只会铐住AI",
	"text_f10_1": "进行任务前的设置菜单",
	"text_f10_4": "主要设置",
	"dontwait": "强制开始游戏",
	"dontwait_help": "强制开始游戏",
	"getemall": "解锁全部有利物品",
	"text_f10_5": "游戏内设置",
	"text_f10_12": "尸体袋可以换钱",
	"text_f10_13": "系统帮忙按住F",
	"text_f10_3с_1": "潜行下无法扔出手雷",
	"text_f10_3с_1_help": "潜行下无法扔出手雷",
	"text_f10_3с_2": "无有去无回计时器",
	"text_f10_3с_6": "增加对讲机应答次数",
	"text_f10_3с_6_help": "增加对讲机应答次数",
	"text_f10_3с_10": "经验增加",
	"text_f10_3с_10_help": "经验增加",
	"text_f10_3с_11": "HUD已开启",
	"main_menu_num": "生成的设置菜单",
	"spawn_menu": "刷出敌人/友军",
	"spawn_on_self_unt": "刷出普通敌人",
	"spawn_on_self_spec_unt": "刷出特殊敌人",
	"spawn_on_self_gensec_unt": "刷出精英敌人",
	"spawn_on_self_unt_frnd": "刷出普通队友",
	"spawn_on_self_spec_unt_frnd": "刷出特殊队友",
	"spawn_on_self_gensec_unt_frnd": "刷出精英队友",
	"spawn_frnd": "刷出平民",
	"spawn_band": "刷出恐怖分子",
	"spawn_equipment": "在准星上刷出放置物",
	"spawn_lootmode": "在准星上刷出/抢劫物/物品/车辆",
	"spawn_menu_1_1": "敌人和友军",
	"spawn_menu_1_2": "请在只有该人物的关卡里点击!不然游戏会闪退!",
	"spawn_menu_bandit": "强盗",
	"FR_1": "平民",
	"FRFR1": "GENSEC部队",
	"FRFR4": "高级重装",
	"FRP1": "护盾",
	"FRP3": "剑圣",
	"FRP4": "狙击手",
	"FRP6": "杨教授",
	"FRP7": "重装",
	"FR0": "普通警察",
	"FR4": "特种部队",
	"FR6": "强化特种部队",
	"FR7": "FBI",
	"FR9": "强化FBI",
	"FR10": "带有对讲机的警卫"
}