{
	"menu_id": "p3dtext_options_secret_skills",
	"parent_menu_id": "p3dtext_options_premium",
	"title": "secret_skills_and_perks_title",
	"back_callback": "settings_save",
	"items": [
		{
			"type": "multiple_choice",
			"id": "secret_skills_and_perks_title",
			"title": "",
			"items": [
				"secret_skills_and_perks_title"
			],
			"value": "secret_skills_and_perks_title",
			"default_value": false
		},
		{
			"type": "divider",
			"size": 5
		},
		{
			"type": "multiple_choice",
			"id": "secret_skills_text",
			"title": "",
			"items": [
				"secret_skills_title"
			],
			"value": "secret_skills_title",
			"default_value": false
		},
		{
			"type": "divider",
			"size": 5
		},
		{
			"type": "button",
			"id": "premium_buy",
			"title": "premium_buy_title",
			"callback": "premium_buy"
		},
		{
			"type": "divider",
			"size": 25
		},
		{
			"type": "multiple_choice",
			"id": "secret_perks_text",
			"title": "",
			"items": [
				"secret_perks_title"
			],
			"value": "secret_perks_title",
			"default_value": false
		},
		{
			"type": "divider",
			"size": 5
		},
		{
			"type": "button",
			"id": "premium_buy",
			"title": "premium_buy_title",
			"callback": "premium_buy"
		}
	]
}