{
	"menu_id": "p3dtext_options_menu",
	"parent_menu_id": "blt_options",
	"title": "P3DHack_Config",
	"back_callback": "settings_save",
	"items": [
		{
			"type": "multiple_choice",
			"id": "save_and_reload_btn",
			"title": "",
			"items": [
				"save_and_reload_title"
			],
			"value": "save_and_reload_btn",
			"default_value": false
		},
		{
			"type": "divider",
			"size": 5
		},
		{
			"type" : "button",
			"id" : "save_and_reload",
			"title" : "save_and_reload_title",
			"description" : "save_and_reload_desc",
			"callback" : "save_and_reload"
		},
		{
			"type": "divider",
			"size": 25
		},
		{
			"type": "multiple_choice",
			"id": "P3DHack_Recommendations",
			"title": "",
			"items": [
				"P3DHack_Recommendations"
			],
			"value": "P3DHack_Recommendations",
			"default_value": false
		},
		{
			"type": "divider",
			"size": 5
		},
		{
			"type": "button",
			"id": "remove_ads",
			"title": "P3DHack_Remove_Ads",
			"callback": "remove_ads"
		},
		{
			"type": "button",
			"id": "Buy_Premium_Rent",
			"title": "Buy_Premium_Rent",
			"callback": "premium_buy"
		},
		{
			"type": "button",
			"id": "Buy_Comfort_Rent",
			"title": "Buy_Comfort_Rent",
			"callback": "comfort_buy"
		},
		{
			"type": "divider",
			"size": 25
		},
		{
			"type": "multiple_choice",
			"id": "Language_text",
			"title": "",
			"items": [
				"Language_text"
			],
			"value": "Language_text",
			"default_value": false
		},
		{
			"type": "divider",
			"size": 5
		},
		{
			"type": "multiple_choice",
			"id": "p3dtext_language",
			"title": "p3dtext_language_title",
			"callback": "p3dtext_language_callback",
			"items": [
				"P3D_Eng",
				"P3D_Rus",
				"P3D_Fre",
				"P3D_Ger",
				"P3D_Spa",
				"P3D_Por",
				"P3D_Znc",
				"P3D_Dan",
				"P3D_Slo",
				"P3D_Trc",
				"P3D_Swe",
				"P3D_Cus"
			],
			"value": "P3D_lang",
			"default_value": 1
		},
		{
			"type": "divider",
			"size": 25
		},
		{
			"type": "multiple_choice",
			"id": "Unlockers",
			"title": "",
			"items": [
				"Unlockers"
			],
			"value": "Unlockers",
			"default_value": false
		},
		{
			"type": "divider",
			"size": 5
		},
		{
			"type": "toggle",
			"id": "dlc",
			"title": "dlc_title",
			"callback": "settings_callback_toggle",
			"value": "dlc",
			"default_value": false
		},
		{
			"type": "toggle",
			"id": "skin",
			"title": "skin_title",
			"callback": "settings_callback_toggle",
			"value": "skin",
			"default_value": false
		},
		{
			"type": "toggle",
			"id": "skin_armor",
			"title": "skin_armor_title",
			"callback": "settings_callback_toggle",
			"value": "skin_armor",
			"default_value": false
		},
		{
			"type": "toggle",
			"id": "specific_weapons_unlocker",
			"title": "specific_weapons_unlocker_title",
			"callback": "settings_callback_toggle",
			"value": "specific_weapons_unlocker",
			"default_value": false
		},
		{
			"type": "divider",
			"size": 25
		},
		{
			"type": "multiple_choice",
			"id": "hider_text",
			"title": "",
			"items": [
				"hider_title"
			],
			"value": "hider_title",
			"default_value": false
		},
		{
			"type": "divider",
			"size": 5
		},
		{
			"type": "multiple_choice",
			"id": "hider_type",
			"title": "hider_type_title",
			"callback": "settings_callback",
			"items": [
				"global_premium",
				"All"
			],
			"value": "hider_type",
			"default_value": 1
		},
		{
			"type": "divider",
			"size": 25
		},
		{
			"type": "multiple_choice",
			"id": "Free_settings",
			"title": "",
			"items": [
				"menu_options"
			],
			"value": "Free_settings",
			"default_value": false
		},
		{
			"type": "divider",
			"size": 5
		},
		{
			"type": "divider",
			"size": 25
		},
		{
			"type": "toggle",
			"id": "No_Recoil",
			"title": "No_Recoil_title",
			"callback": "settings_callback_toggle",
			"value": "No_Recoil",
			"default_value": false
		},
		{
			"type": "toggle",
			"id": "No_Spread",
			"title": "No_Spread_title",
			"callback": "settings_callback_toggle",
			"value": "No_Spread",
			"default_value": false
		},
		{
			"type": "toggle",
			"id": "No_FlashBang",
			"title": "No_FlashBang_title",
			"callback": "settings_callback_toggle",
			"value": "No_FlashBang",
			"default_value": false
		},
		{
			"type": "toggle",
			"id": "Infinite_Stamina",
			"title": "Infinite_Stamina_title",
			"callback": "settings_callback_toggle",
			"value": "Infinite_Stamina",
			"default_value": false
		},
		{
			"type": "toggle",
			"id": "free_purchase",
			"title": "Free_function",
			"callback": "settings_callback_toggle",
			"value": "free_purchase",
			"default_value": false
		},
		{
			"type": "toggle",
			"id": "Bullet_Penetration",
			"title": "Bullet_Penetration_func",
			"callback": "settings_callback_toggle",
			"value": "Bullet_Penetration",
			"default_value": false
		},
		{
			"type": "toggle",
			"id": "Skipper",
			"title": "Skip_Functions",
			"callback": "settings_callback_toggle",
			"value": "Skipper",
			"default_value": false
		},
		{
			"type": "toggle",
			"id": "Infinite_Hostage_Follow",
			"title": "Infinite_Hostage_Follow_title",
			"callback": "settings_callback_toggle",
			"value": "Infinite_Hostage_Follow",
			"default_value": false
		},
		{
			"type": "toggle",
			"id": "Fast_Mask",
			"title": "Fast_Mask_title",
			"callback": "settings_callback_toggle",
			"value": "Fast_Mask",
			"default_value": false
		},
		{
			"type": "toggle",
			"id": "Toggle_Interact",
			"title": "Toggle_Interact_title",
			"description": "Toggle_Interact_desc",
			"callback": "settings_callback_toggle",
			"value": "Toggle_Interact",
			"default_value": false
		},
		{
			"type": "toggle",
			"id": "Interaction_CoolDown",
			"title": "Interaction_CoolDown_title",
			"callback": "settings_callback_toggle",
			"value": "Interaction_CoolDown",
			"default_value": false
		},
		{
			"type": "toggle",
			"id": "Grenade_Restrict",
			"title": "Grenade_Restrict_title",
			"callback": "settings_callback_toggle",
			"value": "Grenade_Restrict",
			"default_value": false
		},
		{
			"type": "toggle",
			"id": "Pager_Mod",
			"title": "Pager_Mod_title",
			"description": "global_host",
			"callback": "settings_callback_toggle",
			"value": "Pager_Mod",
			"default_value": false
		},
		{
			"type": "toggle",
			"id": "Rats_Message",
			"title": "Rats_Message_title",
			"description": "Rats_Message_desc",
			"callback": "settings_callback_toggle",
			"value": "Rats_Message",
			"default_value": false
		},
		{
			"type": "toggle",
			"id": "mod_list_lite",
			"title": "mod_list_lite_title",
			"description": "mod_list_lite_desc",
			"callback": "settings_callback_toggle",
			"value": "mod_list_lite",
			"default_value": false
		},
		{
			"type": "divider",
			"size": 25
		},
		{
			"type": "multiple_choice",
			"id": "Dodge_Chance_Buff_title",
			"title": "",
			"items": [
				"Dodge_Chance_Buff_title"
			],
			"value": "Dodge_Chance_Buff_title",
			"default_value": false
		},
		{
			"type": "divider",
			"size": 5
		},
		{
			"type": "toggle",
			"id": "Dodge_Chance_Buff",
			"title": "Dodge_Chance_Buff_title",
			"callback": "settings_callback_toggle",
			"value": "Dodge_Chance_Buff",
			"default_value": false
		},
		{
			"type": "slider",
			"id": "Dodge_Chance_Buff_Amount",
			"title": "Dodge_Chance_Buff_Amount_title",
			"description": "Dodge_Chance_Buff_Amount_desc",
			"callback": "settings_callback",
			"value": "Dodge_Chance_Buff_Amount",
			"default_value": 0.5,
			"max": 1,
			"min": 0,
			"step": 0.01
		},
		{
			"type": "divider",
			"size": 25
		},
		{
			"type": "multiple_choice",
			"id": "XP_Multiplier_title",
			"title": "",
			"items": [
				"XP_Multiplier_title"
			],
			"value": "XP_Multiplier_title",
			"default_value": false
		},
		{
			"type": "divider",
			"size": 5
		},
		{
			"type": "toggle",
			"id": "XP_Multiplier",
			"title": "XP_Multiplier_title",
			"callback": "settings_callback_toggle",
			"value": "XP_Multiplier",
			"default_value": false
		},
		{
			"type": "slider",
			"id": "XP_Multiplier_Amount",
			"title": "XP_Multiplier_Amount_title",
			"description": "select_value",
			"callback": "settings_callback",
			"value": "XP_Multiplier_Amount",
			"default_value": 2,
			"max": 10,
			"min": 0,
			"step": 0.5
		},
		{
			"type": "divider",
			"size": 25
		},
		{
			"type": "multiple_choice",
			"id": "keyboard_keybinds",
			"title": "",
			"items": [
				"keyboard_keybinds"
			],
			"value": "keyboard_keybinds",
			"default_value": false
		},
		{
			"type": "toggle",
			"id": "Free_keybinds",
			"title": "keyboard_keybinds",
			"callback": "settings_callback_toggle",
			"value": "Free_keybinds",
			"default_value": false
		},
		{
			"type": "divider",
			"size": 25
		},
		{
			"type": "multiple_choice",
			"id": "P3DHack_Recommendations1",
			"title": "",
			"items": [
				"P3DHack_Recommendations"
			],
			"value": "P3DHack_Recommendations",
			"default_value": false
		},
		{
			"type": "divider",
			"size": 5
		},
		{
			"type": "button",
			"id": "remove_ads1",
			"title": "P3DHack_Remove_Ads",
			"callback": "remove_ads"
		},
		{
			"type": "button",
			"id": "comfort_buy1",
			"title": "comfort_buy_title",
			"callback": "premium_buy"
		},
		{
			"type": "button",
			"id": "premium_buy1",
			"title": "premium_buy_title",
			"callback": "premium_buy"
		},
		{
			"type": "divider",
			"size": 25
		},
		{
			"type": "multiple_choice",
			"id": "other_menus",
			"title": "",
			"items": [
				"other_menus"
			],
			"value": "other_menus",
			"default_value": false
		},
		{
			"type": "divider",
			"size": 5
		}
	]
}