{
    "menu_jowi" : "Wick",
    "hud_int_hold_grab_the_bag" : "Tieni premuto $INTERACT per prendere $BAG",
 
    "wolfhud_dialog_force_start_title" : "Forzare l'avvio del gioco?",
    "wolfhud_dialog_force_start_desc" : "Sei sicuro di voler forzare il riavvio del gioco?\n\nPer favore, usalo solo in caso di lobby buggate, o se un giocatore è afk.\nAssicuratevi che ognuno dei vostri compagni abbia avuto il tempo di scegliere il proprio equipaggiamento.\n\nGrazie :)",
    "wolfhud_dialog_install_title" : "Installazione: $NAME",
    "wolfhud_dialog_install_desc" : "Vuoi davvero installare '$NAME'?",
    "wolfhud_dialog_remind_later" : "Chiedimelo più tardi",
    "wolfhud_dialog_install_fed_inv_desc" : "Federal Inventory è una mod di tipo mod_override che aggiunge icone colorate per le tue armi, maschere ed equipaggiabili.\nPerfetta se usata con CustomHUD ed utilizzerà il BLT Updater.",
    "wolfhud_dialog_rename_inv_tab" : "Rinomina pagina dell'inventario",
    "wolfhud_dialog_rename_inv_tab_desc" : "Inserisci il nuovo nome per la pagina dell'inventario.",
    "wolfhud_dialog_save" : "Salva",
    "wolfhud_dialog_requires_superblt_title" : "[WolfHUD] SuperBLT non rilevato!",
    "wolfhud_dialog_requires_superblt_desc_long" : "WolfHUD ha bisogno di SuperBLT per funzionare.\nSuperBLT è un fork del Hook caricatore di mod conosciuto come BLT per PAYDAY 2, con vari miglioramenti. \nÈ completamente retro compatibile con le mod per BLT regolare.\n\nPuoi trovare informazioni aggiuntive e le istruzioni per l'installazione qui: \n$URL",
    "wolfhud_dialog_requires_superblt_desc_short" : "WolfHUD non è più compatibile con il BLT regolare.\nAggiorna la tua versione al SuperBLT per continuare ad usarlo.\nPuoi trovare il SuperBLT su '$URL'.",
	"wolfhud_dialog_update_install_folder_title" : "[WolfHUD] Auto-Updates compromised!",
	"wolfhud_dialog_update_install_folder_desc" : "For automatic updates, WolfHUD's install folder \nneeds to be named 'mods/WolfHUD-master/'. \n(Currently its 'mods/$FOLDER/')",
    "woldhud_notification_disabled_override_title" : "WolfHUD: $NAME è attualmente disabilitato.",
    "woldhud_notification_disabled_override_desc" : "Se hai cambiato idea, clicca qui per fartelo chiedere di nuovo.",
    "woldhud_notification_restart_override_title" : "WolfHUD: $NAME è pronto per l'installazione.",
    "woldhud_notification_restart_override_desc" : "Riavvia il gioco per avviare l'installazione.",
 
    "wolfhud_int_locked" : "PREMI $BTN_CANCEL PER INTERROMPERE",
    "wolfhud_int_locked_pager" : "PREMI $BTN_CANCEL PER INTERROMPERE\n(FA SCATTARE L'ALLARME)",
 
    "wolfhud_buy_all_assets" : "Compra Tutto",
    "wolfhud_buy_all_assets_desc" : "Compra tutte le risorse a tua disposizione.",
 
    "wolfhud_preplanning_save" : "Salva Piano",
    "wolfhud_preplanning_load" : "Carica Piano",
    "wolfhud_preplanning_reset" : "Resetta Piano",
    "wolfhud_preplanning_reset_all" : "Resetta tutto",
    "wolfhud_preplanning_delete" : "Cancella Piano",
    "wolfhud_preplanning_save_tooltip_title" : "Salva Piano Attuale:",
    "wolfhud_preplanning_save_tooltip_desc" : "Salva il tuo piano attuale, cosi da non dover re-impostare tutto la prossima volta.",
    "wolfhud_preplanning_load_tooltip_title" : "Carica ultimo Piano:",
    "wolfhud_preplanning_load_tooltip_desc" : "Apre un menu con tutti i tuoi piani salvati.",
    "wolfhud_preplanning_reset_tooltip_title" : "Resetta Piano attuale:",
    "wolfhud_preplanning_reset_tooltip_desc" : "Rimuove tutte le tue risorse dal piano attuale e anche i voti.",
    "wolfhud_preplanning_reset_all_tooltip_title" : "Resetta Piano completo:",
    "wolfhud_preplanning_reset_all_tooltip_desc" : "Rimuove le risorse di tutti dal piano attuale e anche i voti.",
    "wolfhud_preplanning_delete_tooltip_title" : "Cancella Piano salvato",
    "wolfhud_preplanning_delete_tooltip_desc" : "Cancella i piani salvati e libera un po di spazio.",
    "wolfhud_preplanning_manager_title" : "Gestore Pre pianificazioni",
    "wolfhud_preplanning_error_no_saved_plans" : "Nessun Piano salvato trovato.",
    "wolfhud_preplanning_error_max_plans_reached" : "Numero massimo di Piani salvati raggiunto.",
    "wolfhud_preplanning_votes_title" : "Voti:",
    "wolfhud_preplanning_assets_title" : "Risorse:",
    "wolfhud_preplanning_dialog_save" : "Salvare il Piano?",
    "wolfhud_preplanning_dialog_save_desc" : "$PLAN\n\n\nInserire un nome per questo piano.\n(Usare un nome esistente sovrascriverà il piano precedente.)",
    "wolfhud_preplanning_dialog_delete" : "Cancellare Piano?",
    "wolfhud_preplanning_dialog_delete_desc" : "Sei sicuro di voler cancellare il Piano '$NAME'?",
    "wolfhud_preplanning_msg_saved_success" : "Il Piano attuale è stato salvato con successo.",
    "wolfhud_preplanning_msg_saved_failed" : "Si è verificato un'errore durante il salvataggio del Piano.",
    "wolfhud_preplanning_msg_no_save_slot" : "Numero massimo di Piani salvati raggiunto.",
    "wolfhud_preplanning_msg_no_current_plan" : "Non hai pianificato nulla che può essere salvato.",
    "wolfhud_preplanning_msg_loaded_success" : "Piano caricato con successo.",
    "wolfhud_preplanning_msg_loaded_failed" : "Si è verificato un'errore durante il caricamento del Piano.",
    "wolfhud_preplanning_msg_loaded_partitially" : "Piano caricato parzialmente: $ERRORMSG",
    "wolfhud_preplanning_msg_loaded_missing_skill" : "Abilità Mancante",
    "wolfhud_preplanning_msg_loaded_missing_favours" : "Non hai abbastanza favori",
    "wolfhud_preplanning_msg_loaded_missing_money" : "Non hai abbastanza denaro",
    "wolfhud_preplanning_msg_reseted_success" : "Reset del piano attuale.",
    "wolfhud_preplanning_msg_reseted_failed" : "Si è verificato un'errore durante il reset del piano attuale.",
    "wolfhud_preplanning_msg_deleted_success" : "Piano cancellato con successo.",
    "wolfhud_preplanning_msg_deleted_failed" : "Si è verificato un'errore durante la cancellazione del piano.",
    "wolfhud_preplanning_msg_folder_creation_failed" : "Impossibile creare cartella: $FOLDER \nAssicurati che il gioco abbia i permessi adeguati o creala manualmente.",
    "wolfhud_preplanning_msg_file_creation_failed" : "Impossibile creare file: $FILE \nAssicurati che il gioco abbia i permessi adeguati o crealo manualmente.",
 
    "wolfhud_inv_tab_rename_hint" : "Fai doppio click sulla tabella dell'inventario prescelta per modificarne il nome.",
 
    "wolfhud_loadout_hours_played" : "$HOURS ore.",
 
    "wolfhud_profile_switch_title" : "Cambia Profilo",
    "wolfhud_profile_switch_title_profiles" : "Profilo:",
 
    "victory_most_damage" : "Danno più elevato:",
    "victory_session_damage" : "Danno Totale:",
 
    "wolfhud_advassault_phase_title" : "Fase d'Assalto: ",
    "wolfhud_advassault_spawns_title" : "Spawn Rimanenti: ",
    "wolfhud_advassault_time_title" : "Tempo Rimanente: ",
    "wolfhud_advassault_phase_anticipation" : "Anticipazione",
    "wolfhud_advassault_phase_build" : "Assedio",
    "wolfhud_advassault_phase_sustain" : "Resistenza",
    "wolfhud_advassault_phase_fade" : "Ritirata",
    "wolfhud_advassault_time_overdue" : "RITARDO",
    "wolfhud_locked_assault" : "Assalto della Polizia Infinito!!!  Vattene il prima possibile!!!",
 
    "wolfhud_customhud_interaction_done" : "FATTO",
    "wolfhud_customhud_interaction_aborted" : "ANNULLATO",
 
    "wolfhud_hudlist_device_timer" : "Timer",
    "wolfhud_hudlist_device_drill" : "Trapano",
    "wolfhud_hudlist_device_hack" : "Hack",
    "wolfhud_hudlist_device_saw" : "Sega",
    "wolfhud_hudlist_loot_armor" : "Armatura",
    "wolfhud_hudlist_loot_bomb" : "Bomba",
    "wolfhud_hudlist_loot_weapon" : "Arma",
    "wolfhud_hudlist_loot_diamond" : "Diamante",
    "wolfhud_hudlist_loot_evidence" : "Prova",
    "wolfhud_hudlist_loot_toast" : "Toast",
    "wolfhud_hudlist_loot_crate" : "Cassa",
    "wolfhud_hudlist_loot_toothbrush" : "Spazzolino",
    "wolfhud_hudlist_loot_bag" : "Borsa",
    "wolfhud_hudlist_loot_shoes" : "Scarpe",
    "wolfhud_hudlist_loot_toy" : "Giocattolo",
    "wolfhud_hudlist_loot_vr" : "Casco",
    "wolfhud_hudlist_showcase" : "Mostra",
 
    "wolfhud_hudlist_buff_basic" : "Base",
    "wolfhud_hudlist_buff_aced" : "Asso",
    "wolfhud_hudlist_buff_boost" : "Boost",
    "wolfhud_hudlist_buff_revive" : "Rianima",
    "wolfhud_hudlist_buff_crew_inspire_debuff" : "Rianima (IA)",
    "wolfhud_hudlist_buff_dmg_inc" : "+Dan",
    "wolfhud_hudlist_buff_dmg_dec" : "-Dan",
    "wolfhud_hudlist_buff_mdmg_inc" : "+M.Dan",
    "wolfhud_hudlist_buff_phealth_reg" : "+PS",
    "wolfhud_hudlist_buff_tot_dodge" : "%Dodge",
 
    "wolfhud_tabstats_total_damage" : "Danno Totale:",
    "wolfhud_tabstats_tanks_killed" : "Bulldozer uccisi:",
    "wolfhud_tabstats_cloakers_killed" : "Cloaker uccisi:",
    "wolfhud_tabstats_shields_killed" : "Scudi uccisi:",
    "wolfhud_tabstats_snipers_killed" : "Cecchini uccisi:",
    "wolfhud_tabstats_tasers_killed" : "Taser uccisi:",
    "wolfhud_tabstats_gensec_killed" : "GENSEC uccisi:",
    "wolfhud_tabstats_medic_killed" : "Medici uccisi:",
    "wolfhud_tabstats_melee_kills" : "Uccisioni Corpo a Corpo:",
    "wolfhud_tabstats_explosion_kills" : "Uccisioni con Esplosivi:",
    "wolfhud_tabstats_nonspecial_kills" : "Uccisioni su Non Speciali:",
    "wolfhud_tabstats_total_revives" : "Rianimazione Totali (G/IA):",
    "wolfhud_tabstats_alltime_stat" : "Di Sempre:",
 
    "wolfhud_enemy_civilian" : "Civile",
    "wolfhud_enemy_gangster" : "Gangster",
    "wolfhud_enemy_biker" : "Motociclista",
    "wolfhud_enemy_bolivian_security" : "Sicurezza di Sosa",
    "wolfhud_enemy_bolivian_thug" : "Tirapiedi di Sosa",
    "wolfhud_enemy_mobster" : "Mafioso Russo",
    "wolfhud_enemy_security" : "Guardia di Sicurezza",
    "wolfhud_enemy_gensec" : "Agente della GENSEC",
    "wolfhud_enemy_cop" : "Poliziotto",
    "wolfhud_enemy_fbi" : "Agente del FBI",
    "wolfhud_enemy_swat" : "Agente della SWAT",
    "wolfhud_enemy_heavy_swat" : "SWAT Pesante",
    "wolfhud_enemy_heavy_swat_sniper" : "Cecchino SWAT Pesante",
    "wolfhud_enemy_city_swat" : "Unità d'elitè",
    "wolfhud_enemy_shield" : "Scudo",
    "wolfhud_enemy_spook" : "Cloaker",
    "wolfhud_enemy_taser" : "Taser",
    "wolfhud_enemy_sniper" : "Cecchino",
    "wolfhud_enemy_medic" : "Medico",
    "wolfhud_enemy_tank" : "Bulldozer",
    "wolfhud_enemy_tank_hw" : "Dozer Senza Testa",
    "wolfhud_enemy_tank_medic" : "Dozer Medico",
    "wolfhud_enemy_tank_mini" : "Dozer con Minigun",
    "wolfhud_enemy_phalanx_minion" : "Scudi di Winters",
    "wolfhud_enemy_phalanx_vip" : "Capitano Winters",
    "wolfhud_enemy_swat_van" : "TORRETTA SWAT",
    "wolfhud_enemy_ceiling_turret" : "TORRETTA",
    "wolfhud_enemy_aa_turret" : "Torretta Anti-aerea",
    "wolfhud_enemy_crate_turret" : "Torretta",
    "wolfhud_enemy_sentry_gun" : "TORRETTA AUTOMATICA",
    "wolfhud_enemy_mobster_boss" : "Il Commissario",
    "wolfhud_enemy_chavez_boss" : "Chavez",
    "wolfhud_enemy_druglord_boss" : "Boss Sosa",
    "wolfhud_enemy_druglord_boss_stealth" : "Boss Sosa",
    "wolfhud_enemy_biker_boss" : "Boss dei Motociclisti",
    "wolfhud_enemy_bank_manager" : "Direttore della Banca",
    "wolfhud_enemy_dah_ralph" : "Ralph Garnet",
    "wolfhud_enemy_inside_man" : "Infiltrato",
    "wolfhud_enemy_escort_undercover" : "Uomo delle Tasse",
    "wolfhud_enemy_escort_heatstreet" : "Matt",
    "wolfhud_enemy_escort_chinese_prisoner" : "Kazo",
    "wolfhud_enemy_escort_cfo" : "CFO della Garnet",
    "wolfhud_enemy_escort_reservoirdogs" : "Mr. Pink",
    "wolfhud_enemy_drunk_pilot" : "Pilota Ubriaco",
    "wolfhud_enemy_escort" : "Escort",
    "wolfhud_enemy_boris" : "Boris",
    "wolfhud_enemy_spa_vip" : "Charon",
    "wolfhud_enemy_spa_vip_hurt" : "Charon (Ferito)",
    "wolfhud_enemy_old_hoxton_mission" : "Hoxton",
    "wolfhud_enemy_locke_mission" : "Locke",
    "wolfhud_enemy_hector_boss" : "Hector con Armatura",
    "wolfhud_enemy_hector_boss_no_armor" : "Hector",
    "wolfhud_enemy_reservoirdogs" : "Mr. Blonde",
    "wolfhud_enemy_crew" : "Membro della Crew",
    "wolfhud_enemy_butler" : "Aldstone",
    "wolfhud_enemy_vlad" : "Vlad",
 
    "wolfhud_enemy_boom" : "Granatiere",
    "wolfhud_enemy_omnia_lpf" : "OMNIA L.P.F.",
    "wolfhud_enemy_summers" : "Capitano Summers",
    "wolfhud_enemy_boom_summers" : "Maggiore Molly",
    "wolfhud_enemy_taser_summers" : "Ingegnere Electrika",
    "wolfhud_enemy_medic_summers" : "Sergente Doc",
    "wolfhud_enemy_spring" : "Capitano Spring",
    "wolfhud_enemy_fbi_vet" : "Poliziotto Veterano",

	"wolfhud_enemy_deathvox_light" : "ZEAL Unit",
	"wolfhud_enemy_deathvox_heavy" : "Heavy ZEAL",
 
    "wolfhud_multiselect_all" : "Tutto",
    "wolfhud_multiselect_none" : "Nessuno",
    "wolfhud_multiselect_disabled" : "Disabilitato",
    "wolfhud_multiselect_random" : "Casuale",
    "wolfhud_multiselect_left" : "Sinistra",
    "wolfhud_multiselect_center" : "entro",
    "wolfhud_multiselect_right" : "Destra",
 
    "wolfhud_colors_white"  : "Bianco",
    "wolfhud_colors_light_yellow"  : "Giallo Chiaro",
    "wolfhud_colors_light_orange"  : "Arancione Chiaro",
    "wolfhud_colors_light_red"  : "Rosso Chiaro",
    "wolfhud_colors_light_purple"  : "Viola Chiaro",
    "wolfhud_colors_light_green"  : "Verde Chiaro",
    "wolfhud_colors_light_blue"  : "Blu Chiaro",
    "wolfhud_colors_light_gray" : "Grigio Chiaro",
    "wolfhud_colors_yellow"  : "Giallo",
    "wolfhud_colors_orange"  : "Arancione",
    "wolfhud_colors_red" : "Rosso",
    "wolfhud_colors_purple" : "Viola",
    "wolfhud_colors_green" : "Verde",
    "wolfhud_colors_blue" : "Blu",
    "wolfhud_colors_gray" : "Grigio",
    "wolfhud_colors_black" : "Nero",
    "wolfhud_colors_rainbow" : "Arcobaleno",
 
    "wolfhud_options_name" : "Impostazioni di WolfHUD",
    "wolfhud_options_help" : "Personalizza WolfHUD in base alle tue preferenze.",
 
    "wolfhud_language_title" : "Lingua",
    "wolfhud_language_desc" : "Seleziona una localizzazione per WolfHUD.\n(Richiesto un riavvio della mappa per applicare i cambiamenti...)",
 
    "wolfhud_languages_english" : "English",
    "wolfhud_languages_german" : "German",
    "wolfhud_languages_dutch" : "Dutch",
    "wolfhud_languages_french" : "French",
    "wolfhud_languages_italian" : "Italiano",
    "wolfhud_languages_spanish" : "Spanish",
    "wolfhud_languages_portuguese" : "Portugese",
    "wolfhud_languages_russian" : "Russian",
    "wolfhud_languages_chinese" : "Chinese",
    "wolfhud_languages_korean" : "Korean",
 
    "wolfhud_skip_blackscreen_title" : "Salta Schermata Nera",
    "wolfhud_skip_blackscreen_desc" : "Salta in automatico la schermata nera all'inizio della missione.\n(Solo host)",
    "wolfhud_instant_restart_title" : "Riavvio Istantaneo",
    "wolfhud_instant_restart_desc" : "Salta in automatico il conto alla rovescia di 5 secondi quando si riavvia una partita online.\n(Solo host)",
    "wolfhud_stat_screen_speedup_title" : "Schermata statistiche velocizzata",
    "wolfhud_stat_screen_speedup_desc" : "Velocizza in automatico il conteggio dell'esperienza, senza la necessita di tenere premuto spazio.",
    "wolfhud_stat_screen_delay_title" : "Ritardo schermata statistiche",
    "wolfhud_stat_screen_delay_desc" : "Procedi per X secondi, prima di conteggiare gli XP.\n(Solo host, 0 = disabilitato) ",
    "wolfhud_loot_screen_pick_card_title" : "Scelta automatica carta",
    "wolfhud_loot_screen_pick_card_desc" : "Sceglie una carte in automatico, quando viene mostrata la schermata delle carte.",
    "wolfhud_loot_screen_pick_specific_card_title" : "Scelta automatica carta specifica",
    "wolfhud_loot_screen_pick_specific_card_desc" : "Specifica quale carta dovrà essere scelta automaticamente.",
    "wolfhud_loot_screen_delay_title" : "Ritardo schermata delle carte",
    "wolfhud_loot_screen_delay_desc" : "Procede per X secondi dopo che hai ottenuto la tua ricompensa.\n(Solo host, 0 = disabilitato)",
    "wolfhud_replace_weapon_names_title" : "Nomi Armi Reali",
    "wolfhud_replace_weapon_names_desc" : "Sostituisce i nomi delle armi con le loro controparti realmente esistenti.\n(Riavvio della mappa necessario per applicare le modifiche...)",
    "wolfhud_inventory_tab_names_title" : "Usa nomi tabella dell'inventario",
    "wolfhud_inventory_tab_names_desc" : "Personalizza i nomi delle tabelle dell'inventario.\n(Cambia il nome modificando '/mods/saves/WolfHUD_InventoryNames.txt')",
    "wolfhud_inventory_names_title" : "Mostra nomi nei riquadri",
    "wolfhud_inventory_names_desc" : "Mostra il nome dell'arma, armatura, equipaggiabile, ecc. all'interno del proprio riquadro nell'inventario.",
    "wolfhud_skill_names_title" : "Mostra nomi abilità",
    "wolfhud_skill_names_desc" : "Mostra sempre il nome delle abilità nella schermata delle abilità.",
	"wolfhud_show_contractor_job_heat_title":"Show Contractor Heat",
	"wolfhud_show_contractor_job_heat_desc":"Shows job heat in the contract broker list.",
    "wolfhud_show_mini_icons_title" : "Mostra sempre le mini-icone",
    "wolfhud_show_mini_icons_desc" : "Mostra sempre le mini-icone degli accessori delle tue armi, non solo quella equipaggiata.",
    "wolfhud_no_slowmotion_title" : "No Slow motion",
    "wolfhud_no_slowmotion_desc" : "Disabilita lo slow motion quando indossi la maschera o quando cadi a terra.",
    "wolfhud_reset_options_title" : "Resetta Impostazioni",
    "wolfhud_reset_options_desc" : "Resetta tutte le impostazioni al loro valore predefinito.",
    "wolfhud_reset_options_confirm" : "Sei sicuro, vuoi resettare tutte le impostazioni ai loro valori predefiniti?",
 
    "wolfhud_panels_options_name" : "Opzioni del pannello generale del HUD",
    "wolfhud_panels_options_help" : "Opzioni per i pannelli generali del HUD, come CustomHUD, Sospetto, Indicatore Danno, DrivingHUD e molti altri.",
 
    "wolfhud_use_customhud_title" : "Usa CustomHUD",
    "wolfhud_use_customhud_desc" : "Sostituisce l'HUD vanilla con CustomHUD, creato da Se7en.\n(Un riavvio della mappa è necessario per applicare le modifiche...)",
    "wolfhud_adv_assault_title" : "Barra d'Assalto Avanzata",
    "wolfhud_adv_assault_desc" : "Mostra la fase d'assalto, il tempo e gli spawn rimanenti durante l'assalto.\n(Solo host)",
    "wolfhud_assault_position_title": "Posizione d'Assalto",
    "wolfhud_assault_position_desc" : "Posizione orizzontale per la barra d'assalto.",
    "wolfhud_pacified_civs_title" : "Mostra Civili Tranquillizzati",
    "wolfhud_pacified_civs_desc" : "Cambia il segnalino dei civili che non sono stati legati, mentre sono tranquilli.",
    "wolfhud_use_realammo_title" : "Usa Munizioni Reali",
    "wolfhud_use_realammo_desc" : "Mostra le munizioni rimanenti, senza contare le munizioni attualmente nel caricatore.",
    "wolfhud_enable_burstmode_title" : "Abilità la modalità di fuoco raffica",
    "wolfhud_enable_burstmode_desc" : "Abilita una modalità di fuoco a raffica per le tue armi.",
 
    "wolfhud_playerpanel_options_name" : "Pannello Giocatore",
    "wolfhud_playerpanel_options_help" : "Impostazioni per il tuo pannello del HUD.",
 
    "wolfhud_teampanels_options_name" : "Pannelli compagni di squadra",
    "wolfhud_teampanels_options_help" : "Impostazione per i pannelli dei tuoi compagni di squadra.",
 
    "wolfhud_panels_position_title" : "Posizione",
    "wolfhud_panels_position_desc" : "Posizione orizzontale del pannello del HUD.",
    "wolfhud_panels_scale_title" : "Dimensione",
    "wolfhud_panels_scale_desc" : "Dimensione del pannello del HUD.",
    "wolfhud_panels_oppacity_title" : "Opacità",
    "wolfhud_panels_oppacity_desc" : "Selezione l'opacità del pannello del HUD.",
    "wolfhud_panels_show_name_title" : "Mostra Nomi",
    "wolfhud_panels_show_name_desc" : "Mostra nomi dei giocatori.",
    "wolfhud_panels_show_rank_title" : "Mostra Livelli",
    "wolfhud_panels_rank_name_desc" : "Mostra livelli dei giocatori.",
    "wolfhud_panels_truncate_tags_title" : "Tronca tag",
    "wolfhud_panels_truncate_tags_desc" : "Prova a troncare i tag clan dai nomi dei giocatori.",
    "wolfhud_panels_show_char_title" : "Mostra Personaggi",
    "wolfhud_panels_show_char_desc" : "Mostra il personaggio scelto dal giocatore.",
    "wolfhud_panels_show_ping_title" : "Mostra Ping",
    "wolfhud_panels_show_ping_desc" : "Ti mostra il ping del giocatore.",
    "wolfhud_panels_show_status_title" : "Mostra Status",
    "wolfhud_panels_show_status_desc" : "Mostra lo Status del giocatore (vita, armatura, ecc.)",
    "wolfhud_panels_condition_icon_color_title" : "Colore Icona Condizione",
    "wolfhud_panels_condition_icon_color_desc" : "Imposta il colore dell'icona della condizione (a terra, in prigione, canto del cignio, ecc.)",
    "wolfhud_panels_show_equip_title" : "Mostra Equipaggiamento",
    "wolfhud_panels_show_equip_desc" : "Mostra l'equipaggiamento del giocatore.",
    "wolfhud_panels_show_special_equip_title" : "Mostra equipaggiamento speciale",
    "wolfhud_panels_show_special_equip_desc" : "Mostra l'equipaggiamento speciale del giocatore.",
    "wolfhud_panels_special_equip_rows_title" : "Colonne equipaggiamento speciale",
    "wolfhud_panels_special_equip_rows_desc" : "Totale di equipaggiamento speciale che viene messo nella stessa colonna.",
    "wolfhud_panels_show_callsign_title" : "Mostra Callsign",
    "wolfhud_panels_show_callsign_desc" : "Mostra un callsign per quel giocatore.",
    "wolfhud_panels_show_stamina_title" : "Mostra Stamina",
    "wolfhud_panels_show_stamina_desc" : "Mostra un cerchio della Stamina dentro il cerchio della salute.",
    "wolfhud_panels_show_downcounter_title" : "Mostra il contatore degli atterramenti",
    "wolfhud_panels_show_downcounter_desc" : "Mostra un contatore di quante volta si può cadere ancora a terra per chiunque non sia IA. \nIl contaotre mostra quanto volte puoi cadere ancora a terra te e i tuoi compagni.",
    "wolfhud_panels_show_carry_title" : "Mostra Trasportato",
    "wolfhud_panels_show_carry_desc" : "Mostra informazioni su osa trasporti.",
    "wolfhud_panels_build_show_title" : "Mostra Build",
    "wolfhud_panels_build_show_desc" : "Mostra la build di un giocatore che si sta unendo.",
    "wolfhud_panels_build_time_title" : "Tempo di mostra della build",
    "wolfhud_panels_build_time_desc" : "Mostra la build di un giocatore che si sta unendo per X secondi.\n(0 = Sempre)",
    "wolfhud_panels_weapon_icon_title" : "Icone Armi",
    "wolfhud_panels_weapon_icon_desc" : "quali icone delle armi vuoi vedere?",
    "wolfhud_panels_weapon_name_title" : "nomi Armi",
    "wolfhud_panels_weapon_name_desc" : "Mostrare nomi delle armi?",
    "wolfhud_panels_weapon_ammo_title" : "Munizioni Arma",
    "wolfhud_panels_weapon_ammo_desc" : "Modalità di display delle munizioni.",
    "wolfhud_panels_weapon_firemode_title" : "Modalità di fuoco dell'arma",
    "wolfhud_panels_weapon_firemode_desc" : "Mostra la modalità di fuoco dell'arma, o la nasconde.",
    "wolfhud_panels_hide" : "Nascondi",
    "wolfhud_panels_selected" : "Solo Selezionato",
    "wolfhud_panels_unselected" : "Solo Non Selezionato",
    "wolfhud_panels_both" : "Entrambi",
    "wolfhud_panels_ammo_total" : "Solo munizioni totali",
    "wolfhud_panels_show_interaction_title" : "Mostra Interazione",
    "wolfhud_panels_show_interaction_desc" : "Mostra interazioni dei tuoi compagni di squadra.",
    "wolfhud_panels_show_interaction_number_title" : "Timer Interazione",
    "wolfhud_panels_show_interaction_number_desc" : "Mostra un indicatore numerico",
    "wolfhud_panels_show_interaction_text_title" : "Testo interazione",
    "wolfhud_panels_show_interaction_text_desc" : "Mostra testo durante l'interazione",
    "wolfhud_panels_interaction_time_title" : "Durata minima interazione",
    "wolfhud_panels_interaction_time_desc" : "Mostra interazione dei tuoi compagni, solo se è più lunga di X secondi.",
    "wolfhud_panels_use_ai_color_title" : "Usa colore personalizzato per i bot",
    "wolfhud_panels_use_ai_color_desc" : "Usa un colore personalizzato per il nome dei bot. (Cambia anche il colore dei pop up dei danni)",
    "wolfhud_panels_ai_color_title" : "Colore personalizzato bot",
    "wolfhud_panels_ai_color_desc" : "imposta il colore personalizzato da usare per i nomi dei bot. (Cambia anche il colore dei pop up dei danni)",
 
    "wolfhud_chat_options_name" : "Opzioni Chat",
    "wolfhud_chat_options_help" : "opzioni per personalizzare la chat.",
 
    "wolfhud_chat_waittime_title" : "Tempo di Scomparsa Chat",
    "wolfhud_chat_waittime_desc" : "Tempo prima che la chat scompaia\n(0 = Mai)",
    "wolfhud_chat_fontsize_title" : "Dimensione Font della Chat",
    "wolfhud_chat_fontsize_desc" : "Dimensione del font per la chat in gioco.",
    "wolfhud_chat_outputlines_title" : "Righe massime della chat",
    "wolfhud_chat_outputlines_desc" : "Righe massime prima che venga abilitata la possibilità di scrollare con la rotella del mouse.",
    "wolfhud_spam_filter_title" : "Filtro per Spam della Chat",
    "wolfhud_spam_filter_desc" : "Rimuove i messaggi di spam di PocoHUD e [NGBTO] dalla tua chat.",
    "wolfhud_chat_width_title" : "Larghezza Chat",
    "wolfhud_chat_width_desc" : "Larghezza della finestra di chat",
    "wolfhud_chat_inputlines_title" : "Linee di testo massime inseribili",
    "wolfhud_chat_inputlines_desc" : "Righe di testo massime che puoi digitare in un messaggio",
    "wolfhud_chat_colored_bg_title" : "Sfondo Colorato",
    "wolfhud_chat_colored_bg_desc" : "Colora la linea del messaggio in base a chi scrive",
    "wolfhud_chat_scrollbar_align_title" : "Allineamento barra di scorrimento",
    "wolfhud_chat_scrollbar_align_desc" : "Allineamento della barra di scorrimento",
 
    "wolfhud_suspicion_options_name" : "Opzioni sospetto",
    "wolfhud_suspicion_options_help" : "Opzioni per la dimensione del pannello di sospetto, oltre che dei suoi componenti visibili.",
 
    "wolfhud_suspicion_scale_title" : "Dimensioni Sospetto",
    "wolfhud_suspicion_scale_desc" : "Dimensione degli elementi che formano il pannello di sospetto.",
    "wolfhud_susp_eye_title" : "Mostra Occhio di Sospetto",
    "wolfhud_susp_eye_desc" : "mostra gli elementi di base del pannello di sospetto.",
    "wolfhud_susp_numberic_title" : "Mostra sospetto in numero",
    "wolfhud_susp_numberic_desc" : "Mostra il valore numerico del sospetto.",
    "wolfhud_susp_numberic_outline_title" : "Contorno nero",
    "wolfhud_susp_numberic_outline_desc" : "Mostra un contorno nero intorno al numero del valore di sospetto.",
 
    "wolfhud_killcounter_options_name" : "Opzioni Contatore di Uccisioni",
    "wolfhud_killcounter_options_help" : "Opzioni per l'apparizione del Contatore di Uccisioni",
 
    "wolfhud_killcounter_player_show_killcount_title" : "Mostra Contatore di Uccisioni del Giocatore",
    "wolfhud_killcounter_player_show_killcount_desc" : "Mostra un contatore di uccisioni sul tuo HUD.",
    "wolfhud_killcounter_player_color_title" : "Colore del Contatore di Uccisioni del giocatore",
    "wolfhud_killcounter_player_color_desc" : "Seleziona il colore del tuo contatore di uccisioni.",
    "wolfhud_killcounter_player_show_special_title" : "Conta il numero di uccisioni speciali del giocatore",
    "wolfhud_killcounter_player_show_special_desc" : "Mostra le uccisioni di nemici speciali separatamente.",
    "wolfhud_killcounter_player_show_head_title" : "Conta i Colpi alla Testa",
    "wolfhud_killcounter_player_show_head_desc" : "Conta i colpi alla testa separatamente.",
    "wolfhud_killcounter_player_show_accuracy_title" : "Mostra Accuratezza Giocatore",
    "wolfhud_killcounter_player_show_accuracy_desc" : "Mostra la tua accuratezza attuale sul HUD.",
    "wolfhud_killcounter_team_show_killcount_title" : "Mostra contatore delle uccisioni dei tuoi compagni",
    "wolfhud_killcounter_team_show_killcount_desc" : "Mostra un contatore di uccisioni nel HUD dei tuoi compagni.",
    "wolfhud_killcounter_team_color_title" : "Colore Contatore di Uccisioni dei tuoi compagni",
    "wolfhud_killcounter_team_color_desc" : "Seleziona il colore del contatore di uccisioni per i tuoi compagni di squadra.",
    "wolfhud_killcounter_team_show_special_title" : "Conta uccisioni speciali dei tuoi compagni di squadra",
    "wolfhud_killcounter_team_show_special_desc" : "Mostra le uccisioni di nemici speciali separatamente.",
    "wolfhud_killcounter_team_show_head_title" : "Conta Colpi alla Testa dei Compagni di Squadra",
    "wolfhud_killcounter_team_show_head_desc" : "Mostra i colpi alla testa separatamente.",
    "wolfhud_killcounter_team_show_ai_title" : "Contatore di Uccisioni per IA",
    "wolfhud_killcounter_team_show_ai_desc" : "Anche i bot avranno un contatore di uccisioni?",
    "wolfhud_corpse_limit_title" : "Limite Cadaveri",
    "wolfhud_corpse_limit_desc" : "Quanti cadaveri sarà possibile avere nello stesso momento in gioco?\n(Riavvio della mappa necessario per applicare le modifiche...)",
 
    "wolfhud_drivinghud_options_name" : "Opzioni DrivingHUD",
    "wolfhud_drivinghud_options_help" : "Alcune opzioni per DrivingHUD.",
 
    "wolfhud_show_drivinghud_title" : "Mostra Driving HUD",
    "wolfhud_show_drivinghud_desc" : "Mostra un piccolo HUD in basso a destra mentre guidi.\n(Riavvio della mappa necessario per applicare le modifiche...)",
    "wolfhud_drivinghud_scale_title" : "Dimensione",
    "wolfhud_drivinghud_scale_desc" : "Dimensione del DrivingHUD.",
    "wolfhud_drivinghud_show_vehicle_title" : "Mostra immagine del veicolo",
    "wolfhud_drivinghud_show_vehicle_desc" : "mostra una piccola immagine del veicolo e le immagini delle maschere dei giocatori all'interno del veicolo con te.",
    "wolfhud_drivinghud_show_health_title" : "Mostra salute",
    "wolfhud_drivinghud_show_health_desc" : "Mostra la barra della salute del veicolo.",
    "wolfhud_drivinghud_show_loot_title" : "Mostra Bottino",
    "wolfhud_drivinghud_show_loot_desc" : "Mostra il bottino attuale e il numero massimo di bottino trasportabile dal veicolo.",
    "wolfhud_drivinghud_show_passengers_title" : "Mostra Passeggeri",
    "wolfhud_drivinghud_show_passengers_desc" : "Mostra i passeggeri totali e il numero di sedili.",
    "wolfhud_drivinghud_show_gear_title" : "Mostra Marcia",
    "wolfhud_drivinghud_show_gear_desc" : "Mostra a quale marcia stai andando.",
    "wolfhud_drivinghud_show_speed_title" : "Mostra Velocità",
    "wolfhud_drivinghud_show_speed_desc" : "Mostra la velocità attuale del veicolo.",
    "wolfhud_drivinghud_speed_in_mph_title" : "Velocità in miglia orarie",
    "wolfhud_drivinghud_speed_in_mph_desc" : "Mostra la velocità in miglia orarie.\n(Se disabilitato usa i kilometri orari.)",
    "wolfhud_drivinghud_show_rpm_title" : "Mostra i Giri al minuto",
    "wolfhud_drivinghud_show_rpm_desc" : "Mostra i giri del veicolo al minuto.",
 
    "wolfhud_infopanels_options_name" : "Opzioni Info HUD",
    "wolfhud_infopanels_options_help" : "Opzioni per le informazioni nel HUDList.",
 
    "wolfhud_use_hudlist_title" : "Usa HUDList",
    "wolfhud_use_hudlist_desc" : "HUDList può mostrare molte cosa utili, incl. Tempi dei trapani, numero di nemici e di bottino, risorsenella mappa, ecc. (Riavvio della mappa necessario per applicare le modifiche...)",
    "wolfhud_hudlist_scale_right_title" : "Dimensioni lista Destra",
    "wolfhud_hudlist_scale_right_desc" : "Dimensione della lista di oggetti di destra.",
    "wolfhud_hudlist_scale_left_title" : "Dimensioni lista Sinistra",
    "wolfhud_hudlist_scale_left_desc" : "Dimensione della lista di oggetti di sinistra.",
    "wolfhud_hudlist_scale_buff_title" : "Dimensione lista Buff",
    "wolfhud_hudlist_scale_buff_desc" : "Dimensione della lista di oggetti buff.",
    "wolfhud_hudlist_box_color_title" : "Colore Font Riquadro",
    "wolfhud_hudlist_box_color_desc" : "Colore del font per i riquadri di sinistra e destra.\n(Attualmente è richiesto un riavvio della mappa per applicare le modifiche...)",
    "wolfhud_hudlist_box_bg_color_title" : "Colore Sfondo Riquadro",
    "wolfhud_hudlist_box_bg_color_desc" : "Background color for Left- and Right List Boxes.\n(Attualmente è richiesto un riavvio della mappa per applicare le modifiche...)",
    "wolfhud_hudlist_civcolor_title" : "Colore Civili",
    "wolfhud_hudlist_civcolor_desc" : "Colore dei civili e degli ostaggi in EnemyCounter.",
    "wolfhud_hudlist_thugcolor_title" : "Colore Tirapiedi",
    "wolfhud_hudlist_thugcolor_desc" : "Colore dei tirapiedi e dei mafiosi in EnemyCounter.",
    "wolfhud_hudlist_copcolor_title" : "Colore nemici",
    "wolfhud_hudlist_copcolor_desc" : "Colore dei poliziotti, SWAT e SWAT pesanti in EnemyCounter.",
    "wolfhud_hudlist_specialcolor_title" : "Colore Speciali",
    "wolfhud_hudlist_specialcolor_desc" : "Colore degli speciali e delle torrette in EnemyCounter.",
    "wolfhud_hudlist_progress_alpha_left_title" : "Alpha della barra di progresso sinistra",
    "wolfhud_hudlist_progress_alpha_left_desc" : "Valore alpha della barra di progresso per gli oggetti nella lista di sinistra.",
    "wolfhud_hudlist_progress_alpha_right_title" : "Alpha della barra di progresso destra",
    "wolfhud_hudlist_progress_alpha_right_desc" : "Valore alpha della barra di progresso per gli oggetti nella lista di destra.",
    "wolfhud_hudlist_progress_alpha_buff_title" : "Alpha della barra buff",
    "wolfhud_hudlist_progress_alpha_buff_desc" : "Valore alpha della barra di progresso per gli oggetti della lista buff.",
	"wolfhud_hudlist_timers_in_seconds_title" : "Timers in seconds",
	"wolfhud_hudlist_timers_in_seconds_desc" : "Always display timers in seconds.",
 
    "wolfhud_infopanels_left_options_name" : "Opzioni Lista di Sinistra",
    "wolfhud_infopanels_left_options_help" : "Opzioni per le informazioni della lista di sinistra.",
 
    "wolfhud_hudlist_show_timers_title" : "Mostra Timers",
    "wolfhud_hudlist_show_timers_desc" : "mostra il timer di Trapani, Hack, ecc.",
    "wolfhud_hudlist_show_equipment_desc" : "Scegli se vuoi che questo equipaggiamento venga mostrato in alto sullo schermo.",
    "wolfhud_hudlist_show_ammo_bags_title" : "Mostra Borse di Munizioni",
    "wolfhud_hudlist_show_doc_bags_title" : "Mostra Kit Medici",
    "wolfhud_hudlist_show_first_aid_kits_title" : "Mostra Kit di Pronto Soccorso",
    "wolfhud_hudlist_show_body_bags_title" : "Mostra Borse per cadaveri",
    "wolfhud_hudlist_show_grenade_crates_title" : "Mostra Granate",
    "wolfhud_hudlist_sentries_title" : "Mostra Torrette Automatiche",
    "wolfhud_hudlist_sentries_desc" : "Mostra Salute e munizioni delle torrette.",
    "wolfhud_hudlist_hide_empty_sentries_title" : "Nascondi torrette vuote",
    "wolfhud_hudlist_hide_empty_sentries_desc" : "Nascondi riquadri torrette vuote.",
    "wolfhud_hudlist_show_ecms_title" : "Mostra Jammer",
    "wolfhud_hudlist_show_ecms_desc" : "Mostra Timer per i jammer",
    "wolfhud_hudlist_show_ecm_retrigger_title" : "Mostra riattivazione jammer",
    "wolfhud_hudlist_show_ecm_retrigger_desc" : "Mostra, quando un jammer è pronto per essere riattivato.",
    "wolfhud_hudlist_show_minions_title" : "Mostra Jokers",
    "wolfhud_hudlist_show_minions_desc" : "Mostra la salute di tutti i poliziotti Joker.",
    "wolfhud_hudlist_show_own_minions_only_title" : "Solo Joker Personali",
    "wolfhud_hudlist_show_own_minions_only_desc" : "Mostra solo i propri Joker.",
    "wolfhud_hudlist_show_pagers_title" : "Mostra Cerca persone",
    "wolfhud_hudlist_show_pagers_desc" : "Mostra Timer del cerca persone rimanente, prima che scatti l'allarme.",
    "wolfhud_hudlist_show_tape_loop_title" : "Mostra Loop telecamera",
    "wolfhud_hudlist_show_tape_loop_desc" : "Mostra il countdown del loop della telecamera.",
    "wolfhud_hudlist_remove_answered_pagers_title" : "Rimuovi contorno dei cerca persone",
    "wolfhud_hudlist_remove_answered_pagers_desc" : "Rimuove il contorno del cerca persone, se qualcuno sta già rispondendo.",
 
    "wolfhud_infopanels_right_options_name" : "Opzioni Lista di Destra",
    "wolfhud_infopanels_right_options_help" : "Opzioni per le informazioni della lista di destra.",
 
    "wolfhud_hudlist_show_enemies_title" : "Mostra Nemici",
    "wolfhud_hudlist_show_enemies_desc" : "Mostra i nemici totali nella mappa.",
    "wolfhud_hudlist_aggregate_enemies_title" : "Nemici Unificati",
    "wolfhud_hudlist_aggregate_enemies_desc" : "Mostra un riquadro del HUD per tutti i Nemici.",
    "wolfhud_hudlist_show_turrets_title" : "Mostra Torrette",
    "wolfhud_hudlist_show_turrets_desc" : "Mostra le torrette totali nella mappa.",
    "wolfhud_hudlist_show_civilians_title" : "Mostra Civili",
    "wolfhud_hudlist_show_civilians_desc" : "Mostra tutti i civili non legati sulla mappa.",
    "wolfhud_hudlist_show_hostages_title" : "Mostra Ostaggi",
    "wolfhud_hudlist_show_hostages_desc" : "mostra tutti gli ostaggi.",
    "wolfhud_hudlist_aggregate_hostages_title" : "Ostaggi Unificati",
    "wolfhud_hudlist_aggregate_hostages_desc" : "Mostra tutti i tipi di ostaggi in un singolo riquadro.",
    "wolfhud_hudlist_show_minion_count_title" : "Mostra Contatore Minion",
    "wolfhud_hudlist_show_minion_count_desc" : "Mostra tutti i poliziotti tenuti in ostaggio.",
    "wolfhud_hudlist_show_pager_count_title" : "Mostra Contatore Cerca persone",
    "wolfhud_hudlist_show_pager_count_desc" : "mostra quanti cerca persone sono stati allertati in furtiva.",
    "wolfhud_hudlist_show_cam_count_title" : "Mostra Contatore telecamere",
    "wolfhud_hudlist_show_cam_count_desc" : "Mostra tutte le telecamere attive in furtiva.",
    "wolfhud_hudlist_show_bodybags_count_title" : "Mostra Contatore Borse per cadaveri",
    "wolfhud_hudlist_show_bodybags_count_desc" : "Mostra le borse per cadaveri totali nel tuo inventario esteso direttamente sul tuo schermo in furtiva.",
    "wolfhud_hudlist_show_corpse_count_title" : "Mostra Contatore Cadaveri",
    "wolfhud_hudlist_show_corpse_count_desc" : "Mostra Mostra tutti i cadaveri messi dentro le borse per cadaveri e non, nella mappa.",
    "wolfhud_hudlist_show_loot_title" : "Mostra Bottino",
    "wolfhud_hudlist_show_loot_desc" : "Conta tutto il bottino attualmente nella mappa.",
    "wolfhud_hudlist_aggregate_loot_title" : "Bottino Unificato",
    "wolfhud_hudlist_aggregate_loot_desc" : "mostra tutto il bottino con un singolo valore.",
    "wolfhud_hudlist_separate_bagged_loot_title" : "Separa il valore del bottino",
    "wolfhud_hudlist_separate_bagged_loot_desc" : "Separa il contatore del bottino nelle borse e separato.",
    "wolfhud_hudlist_show_potential_loot_title" : "Mostra bottino potenziale",
    "wolfhud_hudlist_show_potential_loot_desc" : "Mostra tutte le case nella mappa come se fosse bottino. \n(Ricorda, le casse potrebbero essere vuote...)",
    "wolfhud_hudlist_show_special_pickups_title" : "Mostra Oggetti Speciali",
    "wolfhud_hudlist_show_special_pickups_desc" : "Mostra tutti gli ingredienti chimici, schede d'accesso e altri oggetti nella mappa.",
    "wolfhud_hudlist_show_mission_pickups_title" : "Mostra Oggetti di Missione",
    "wolfhud_hudlist_show_mission_pickups_desc" : "Mostra tutti gli ingredienti chimici, schede d'accesso, travi e altri oggetti di missione nella mappa.",
    "wolfhud_hudlist_show_collectables_pickups_title" : "Mostra Oggetti Collezionabili",
    "wolfhud_hudlist_show_collectables_pickups_desc" : "Mostra tutti pacchetti di Gage, Casse Spec-Ops & Chiavi ecc. nella mappa.",
    "wolfhud_hudlist_show_valuables_pickups_title" : "Mostra Oggetti Bottino",
    "wolfhud_hudlist_show_valuables_pickups_desc" : "Mostra tutti gli oggetti di valore, come le mazzette di banconote, le collane ecc.",
 
    "wolfhud_infopanels_buff_options_name" : "Opzioni Lista Buff",
    "wolfhud_infopanels_buff_options_help" : "Opzioni per le informazioni della lista buff.",
 
    "wolfhud_infopanels_buff_mastermind_options_name" : "Abilità Capo regime",
    "wolfhud_infopanels_buff_mastermind_options_help" : "Abilita o disabilita gli indicatori visivi delle abilità di Capo regime.",
    "wolfhud_infopanels_buff_enforcer_options_name" : "Abilità Distruttore",
    "wolfhud_infopanels_buff_enforcer_options_help" : "Abilita o disabilita gli indicatori visivi delle abilità di Distruttore.",
    "wolfhud_infopanels_buff_technician_options_name" : "Abilità Tecnico",
    "wolfhud_infopanels_buff_technician_options_help" : "Abilita o disabilita gli indicatori visivi delle abilità del Tecnico.",
    "wolfhud_infopanels_buff_ghost_options_name" : "Abilità Spettro",
    "wolfhud_infopanels_buff_ghost_options_help" : "Abilita o disabilita gli indicatori visivi delle abilità del Fantasma.",
    "wolfhud_infopanels_buff_fugitive_options_name" : "Abilità Fuggitivo",
    "wolfhud_infopanels_buff_fugitive_options_help" : "Abilita o disabilita gli indicatori visivi delle abilità del Fuggitivo.",
    "wolfhud_infopanels_buff_perkdecks_options_name" : "Specializzazioni",
    "wolfhud_infopanels_buff_perkdecks_options_help" : "Abilita o disabilita gli indicatori visivi delle Specializzazioni.",
    "wolfhud_infopanels_buff_gageboosts_options_name" : "Boost di Gage",
    "wolfhud_infopanels_buff_gageboosts_options_help" : "Abilita o disabilita gli indicatori visivi dei Boost di Gage.",
    "wolfhud_infopanels_buff_henchmen_options_name" : "Abilità Squadra",
    "wolfhud_infopanels_buff_henchmen_options_help" : "Abilita o disabilita gli indicatori visivi delle abilità della squadra.",
 
    "wolfhud_hudlist_show_buffs_title" : "Mostra Buffs",
    "wolfhud_hudlist_show_buffs_desc" : "Mostra i buff attivi al centro in basso sullo schermo.",
    "wolfhud_hudlist_damage_increase_compbuff_title" : "Buff Aumento Danni",
    "wolfhud_hudlist_damage_increase_compbuff_desc" : "Oggetto buff composito, mostra il valore aggiuntivo delle abilità che aumentano i danni.",
    "wolfhud_hudlist_damage_reduction_compbuff_title" : "Buff Riduzione Danni",
    "wolfhud_hudlist_damage_reduction_compbuff_desc" : "Oggetto buff composito, mostra il valore aggiuntivo delle abilità che riducono i danni.",
    "wolfhud_hudlist_melee_damage_increase_compbuff_title" : "Buff Aumento Danni Corpo a Corpo",
    "wolfhud_hudlist_melee_damage_increase_compbuff_desc" : "Oggetto buff composito, mostra il valore aggiuntivo delle abilità che aumentano i danni corpo a corpo.",
    "wolfhud_hudlist_passive_health_regen_compbuff_title" : "Rigenerazione Passiva Salute",
    "wolfhud_hudlist_passive_health_regen_compbuff_desc" : "Oggetto composito buff, mostra il valore aggiuntivo delle abilità di cura passiva.",
    "wolfhud_hudlist_total_dodge_chance_compbuff_title" : "Probabilità di Dodge Totale",
    "wolfhud_hudlist_total_dodge_chance_compbuff_desc" : "Oggetto composito buff, mostra il valore aggiuntivo delle abilità di dodge.",
    "wolfhud_hudlist_aggressive_reload_aced_buff_title" : "Ricarica Aggressiva",
    "wolfhud_hudlist_aggressive_reload_aced_buff_desc" : "",
    "wolfhud_hudlist_ammo_efficiency_buff_title" : "Efficienza Munizioni",
    "wolfhud_hudlist_ammo_efficiency_buff_desc" : "",
    "wolfhud_hudlist_armor_break_invulnerable_buff_title" : "Blitzkrieg Bop (Anarchico)",
    "wolfhud_hudlist_armor_break_invulnerable_buff_desc" : "",
    "wolfhud_hudlist_berserker_buff_title" : "Berserker",
    "wolfhud_hudlist_berserker_buff_desc" : "Parte di Buff composti.",
    "wolfhud_hudlist_biker_buff_title" : "Debuff Rigen (Motociclista)",
    "wolfhud_hudlist_biker_buff_desc" : "",
    "wolfhud_hudlist_bloodthirst_basic_buff_title" : "Assetato di Sangue (Base)",
    "wolfhud_hudlist_bloodthirst_basic_buff_desc" : "Parte di Buff composti.",
    "wolfhud_hudlist_bloodthirst_aced_buff_title" : "Sete di Sangue (Asso)",
    "wolfhud_hudlist_bloodthirst_aced_buff_desc" : "",
    "wolfhud_hudlist_bullet_storm_buff_title" : "Tempesta di Proiettili",
    "wolfhud_hudlist_bullet_storm_buff_desc" : "",
    "wolfhud_hudlist_close_contact_buff_title" : "Contatto Ravvicinato (Infiltrato)",
    "wolfhud_hudlist_close_contact_buff_desc" : "Parte di buff compositi.",
    "wolfhud_hudlist_combat_medic_buff_title" : "Medico da Combattimento (Attivo)",
    "wolfhud_hudlist_combat_medic_buff_desc" : "Parte di Buff compositi.",
    "wolfhud_hudlist_combat_medic_passive_buff_title" : "Medico da Combattimento (Passivo)",
    "wolfhud_hudlist_combat_medic_passive_buff_desc" : "Parte di Buff compositi.",
    "wolfhud_hudlist_desperado_buff_title" : "Desperados",
    "wolfhud_hudlist_desperado_buff_desc" : "",
    "wolfhud_hudlist_die_hard_buff_title" : "Duro da Morire",
    "wolfhud_hudlist_die_hard_buff_desc" : "Parte di Buff compositi.",
    "wolfhud_hudlist_dire_need_buff_title" : "Necessità Assoluta",
    "wolfhud_hudlist_dire_need_buff_desc" : "",
    "wolfhud_hudlist_frenzy_buff_title" : "Frenzy",
    "wolfhud_hudlist_frenzy_buff_desc" : "Parte di Buff compositi.",
    "wolfhud_hudlist_grinder_buff_title" : "Rigen Salute (Attaccante)",
    "wolfhud_hudlist_grinder_buff_desc" : "",
    "wolfhud_hudlist_chico_injector_buff_title" : "Durata Iniettore (Signore della Droga)",
    "wolfhud_hudlist_chico_injector_buff_desc" : "",
    "wolfhud_hudlist_damage_control_debuff_title" : "Durata Fiaschetta (Stoico)",
    "wolfhud_hudlist_damage_control_debuff_desc" : "",
    "wolfhud_hudlist_delayed_damage_buff_title" : "Danno Ritardato (Stoico)",
    "wolfhud_hudlist_delayed_damage_buff_desc" : "",
    "wolfhud_hudlist_hostage_situation_buff_title" : "Situazione con Ostaggi (Capo regime)",
    "wolfhud_hudlist_hostage_situation_buff_desc" : "Parte di buff compositi.",
    "wolfhud_hudlist_hostage_taker_buff_title" : "Prendi Ostaggi",
    "wolfhud_hudlist_hostage_taker_buff_desc" : "",
    "wolfhud_hudlist_inspire_buff_title" : "Ispirazione (Boost)",
    "wolfhud_hudlist_inspire_buff_desc" : "",
    "wolfhud_hudlist_lock_n_load_buff_title" : "Carico e Pronto",
    "wolfhud_hudlist_lock_n_load_buff_desc" : "",
    "wolfhud_hudlist_melee_stack_damage_buff_title" : "Danno cumulativo corpo a corpo (Infiltrato)",
    "wolfhud_hudlist_melee_stack_damage_buff_desc" : "Parte di buff compositi.",
    "wolfhud_hudlist_maniac_buff_title" : "Riduzione Danni (Maniaco)",
    "wolfhud_hudlist_maniac_buff_desc" : "",
    "wolfhud_hudlist_muscle_regen_buff_title" : "Rigen Salute (Braccio Destro)",
    "wolfhud_hudlist_muscle_regen_buff_desc" : "",
    "wolfhud_hudlist_messiah_buff_title" : "Messia",
    "wolfhud_hudlist_messiah_buff_desc" : "",
    "wolfhud_hudlist_overdog_buff_title" : "Overdog (Infiltratore)",
    "wolfhud_hudlist_overdog_buff_desc" : "",
    "wolfhud_hudlist_overkill_buff_title" : "Overkill",
    "wolfhud_hudlist_overkill_buff_desc" : "Parte di Buff compositi.",
    "wolfhud_hudlist_painkiller_buff_title" : "Antidolorifici",
    "wolfhud_hudlist_painkiller_buff_desc" : "Parte di Buff compositi.",
    "wolfhud_hudlist_partner_in_crime_buff_title" : "Partner nel Crimine",
    "wolfhud_hudlist_partner_in_crime_buff_desc" : "Parte di Buff compositi.",
    "wolfhud_hudlist_running_from_death_buff_title" : "Sfuggendo alla Morte",
    "wolfhud_hudlist_running_from_death_buff_desc" : "",
    "wolfhud_hudlist_pocket_ecm_jammer_buff_title" : "Durata Jammer Portatile (Hacker)",
    "wolfhud_hudlist_pocket_ecm_jammer_buff_desc" : "",
    "wolfhud_hudlist_pocket_ecm_kill_dodge_buff_title" : "Dodge Jammer Portatile (Hacker)",
    "wolfhud_hudlist_pocket_ecm_kill_dodge_buff_desc" : "Parte di buff compositi.",
    "wolfhud_hudlist_quick_fix_buff_title" : "Sistemazione Rapida",
    "wolfhud_hudlist_quick_fix_buff_desc" : "Parte di Buff compositi.",
    "wolfhud_hudlist_second_wind_buff_title" : "Seconda Chance",
    "wolfhud_hudlist_second_wind_buff_desc" : "",
    "wolfhud_hudlist_sixth_sense_buff_title" : "Sesto Senso",
    "wolfhud_hudlist_sixth_sense_buff_desc" : "",
    "wolfhud_hudlist_sicario_dodge_buff_title" : "Dodge Aggiuntivo (Sicario)",
    "wolfhud_hudlist_sicario_dodge_buff_desc" : "",
    "wolfhud_hudlist_smoke_screen_buff_title" : "Granata Fumogena (Sicario)",
    "wolfhud_hudlist_smoke_screen_buff_desc" : "",
    "wolfhud_hudlist_tag_team_buff_title" : "Dispenser di Gas (Coppia)",
    "wolfhud_hudlist_tag_team_buff_desc" : "",
    "wolfhud_hudlist_swan_song_buff_title" : "Canto del Cigno",
    "wolfhud_hudlist_swan_song_buff_desc" : "",
    "wolfhud_hudlist_tooth_and_claw_buff_title" : "Denti e Artigli (Assassino)",
    "wolfhud_hudlist_tooth_and_claw_buff_desc" : "",
    "wolfhud_hudlist_trigger_happy_buff_title" : "Grilletto Facile",
    "wolfhud_hudlist_trigger_happy_buff_desc" : "Parte di Buff compositi.",
    "wolfhud_hudlist_underdog_buff_title" : "Underdog",
    "wolfhud_hudlist_underdog_buff_desc" : "Parte di Buff compositi.",
    "wolfhud_hudlist_unseen_strike_buff_title" : "Colpo dal Nulla",
    "wolfhud_hudlist_unseen_strike_buff_desc" : "",
    "wolfhud_hudlist_up_you_go_buff_title" : "Alzati e Cammina",
    "wolfhud_hudlist_up_you_go_buff_desc" : "Parte di buff compositi.",
    "wolfhud_hudlist_uppers_buff_title" : "Uppers",
    "wolfhud_hudlist_uppers_buff_desc" : "",
    "wolfhud_hudlist_yakuza_buff_title" : "Velocità Rigen Armatura (Yakuza)",
    "wolfhud_hudlist_yakuza_buff_desc" : "",
    "wolfhud_hudlist_anarchist_armor_recovery_debuff_title" : "Voglia di vivere (Anarchico)",
    "wolfhud_hudlist_anarchist_armor_recovery_debuff_desc" : "",
    "wolfhud_hudlist_ammo_give_out_debuff_title" : "Debuff ricezione munizioni (Scommettitore)",
    "wolfhud_hudlist_ammo_give_out_debuff_desc" : "",
    "wolfhud_hudlist_bullseye_debuff_title" : "Debuff Occhio di Falco",
    "wolfhud_hudlist_bullseye_debuff_desc" : "",
    "wolfhud_hudlist_inspire_debuff_title" : "Debuff Boost Ispirazione",
    "wolfhud_hudlist_inspire_debuff_desc" : "",
    "wolfhud_hudlist_inspire_revive_debuff_title" : "ebuff Rianimazione di Ispirazione",
    "wolfhud_hudlist_inspire_revive_debuff_desc" : "",
    "wolfhud_hudlist_life_drain_debuff_title" : "Debuff Risucchia Vita (Infiltrato)",
    "wolfhud_hudlist_life_drain_debuff_desc" : "",
    "wolfhud_hudlist_medical_supplies_debuff_title" : "Debuff Rifornimenti medici (Scommettitore)",
    "wolfhud_hudlist_medical_supplies_debuff_desc" : "",
    "wolfhud_hudlist_sociopath_debuff_title" : "Debuff Rigen (Sociopatico)",
    "wolfhud_hudlist_sociopath_debuff_desc" : "",
    "wolfhud_hudlist_armorer_teambuff_title" : "buff di Squadra Armatura (Armatura)",
    "wolfhud_hudlist_armorer_teambuff_desc" : "",
    "wolfhud_hudlist_bulletproof_teambuff_title" : "Buff di Squadra Antiproiettile",
    "wolfhud_hudlist_bulletproof_teambuff_desc" : "",
    "wolfhud_hudlist_crew_chief_teambuff_title" : "buff di Squadra statistiche aumentate (Caporegime)",
    "wolfhud_hudlist_crew_chief_teambuff_desc" : "Parte di buff copositi.",
    "wolfhud_hudlist_forced_friendship_teambuff_title" : "Buff di Squadra Amicizia Forzata",
    "wolfhud_hudlist_forced_friendship_teambuff_desc" : "",
    "wolfhud_hudlist_life_steal_gage_debuff_title" : "Ruba Vita",
    "wolfhud_hudlist_life_steal_gage_debuff_desc" : "",
    "wolfhud_hudlist_invulnerable_gage_buff_title" : "Invulnerabilità",
    "wolfhud_hudlist_invulnerable_gage_buff_desc" : "",
    "wolfhud_hudlist_crew_inspire_debuff_title" : "Ispirazione",
    "wolfhud_hudlist_crew_inspire_debuff_desc" : "",
    "wolfhud_hudlist_crew_throwable_regen_buff_title" : "Accumulatore",
    "wolfhud_hudlist_crew_throwable_regen_buff_desc" : "",
    "wolfhud_hudlist_crew_health_regen_buff_title" : "Curatore",
    "wolfhud_hudlist_crew_health_regen_buff_desc" : "",
 
    "wolfhud_waypoints_options_name" : "Opzioni Segnalini Personalizzati",
    "wolfhud_waypoints_options_help" : "Opzioni per controllare i segnalini personalizzati.",
 
    "wolfhud_waypoints_color_title" : "Colore Segnalini",
    "wolfhud_waypoints_color_desc" : "Il colore dei segnalini di missione base.",
    "wolfhud_waypoints_show_ammo_bag_title" : "Mostra Borse di Munizioni",
    "wolfhud_waypoints_show_ammo_bag_desc" : "Mostra Segnalini per le Borse di Munizioni, e ti dice la percentuale rimanente.",
    "wolfhud_waypoints_show_doc_bag_title" : "Mostra Kit Medici",
    "wolfhud_waypoints_show_doc_bag_desc" : "Mostra Segnalini per i Kit Medici, e ti dice la percentuale rimanente.",
    "wolfhud_waypoints_show_first_aid_kit_title" : "Mostra Kit di Pronto Soccorso",
    "wolfhud_waypoints_show_first_aid_kit_desc" : "Mostra Segnalini per i Kit di Pronto Soccorso, e mostra gli effetti delle abilità.",
    "wolfhud_waypoints_show_body_bag_title" : "Mostra Borse per cadaveri",
    "wolfhud_waypoints_show_body_bag_desc" : "Mostra Segnalini per le borse per cadaveri, e ti dice quante borse contiene ancora.",
    "wolfhud_waypoints_show_grenade_crate_title" : "Mostra valigette per Granate",
    "wolfhud_waypoints_show_grenade_crate_desc" : "Mostra Segnalini per le Valigette per Granate, e ti dice quante granate rimangono.",
    "wolfhud_waypoints_show_sentries_title" : "Mostra Torrette Automatiche",
    "wolfhud_waypoints_show_sentries_desc" : "Mostra Segnalini per le torrette automatiche, e ti dice quante munizioni hanno ancora.",
    "wolfhud_waypoints_show_ecms_title" : "Mostra Jammer",
    "wolfhud_waypoints_show_ecms_desc" : "Mostra Segnalini per i jammer, e ti dice quanta batteria rimane e la durata del feedback.",
    "wolfhud_waypoints_show_timers_title" : "Mostra Timers",
    "wolfhud_waypoints_show_timers_desc" : "Mostra Segnalini per i timer, e ti mostra il tempo rimanente e le relative migliorie.",
    "wolfhud_waypoints_show_loot_title" : "Mostra Bottino",
    "wolfhud_waypoints_show_loot_desc" : "Mostra il nome del tipo di bottino sopra di esso, quando ci guardi vicino.",
    "wolfhud_waypoints_loot_icon_title" : "Icona Borsone",
    "wolfhud_waypoints_loot_icon_desc" : "Mostra l'immagine di un borsone vicino al bottino messo dentro delle borse.",
    "wolfhud_waypoints_loot_offset_title" : "Dislivello",
    "wolfhud_waypoints_loot_offset_desc" : "Seleziona il dislivello per il testo sopra il bottino.",
    "wolfhud_waypoints_loot_bagged_offset_title" : "Dislivello borsoni",
    "wolfhud_waypoints_loot_bagged_offset_desc" : "Seleziona il dislivello per il testo sopra al bottino dentro ai borsoni.",
    "wolfhud_waypoints_loot_angle_title" : "Angolo Visibile",
    "wolfhud_waypoints_loot_angle_desc" : "Imposta a quale angolazione è visibile il testo.",
    "wolfhud_waypoints_show_special_equipment_title" : "Mostra Oggetti Speciali",
    "wolfhud_waypoints_show_special_equipment_desc" : "Mostra segnalini per differenti tipi di equipaggiamento. Ottimo per imparare tutti i luoghi velocemente.",
    "wolfhud_waypoints_show_minions_title" : "Mostra Minion",
    "wolfhud_waypoints_show_minions_desc" : "Mostra nome dei Minion sopra la loro testa, nel colore del giocatore che lo ha convertito.\nMostra anche il contatore di uccisioni.",
    "wolfhud_waypoints_show_pager_title" : "Mostra Cerca persone",
    "wolfhud_waypoints_show_pager_desc" : "Mostra un segnalino per i cerca persone attivi. Il suo colore cambia, quando qualcuno sta risponendo.",
 
    "wolfhud_tabstats_options_name" : "Opzioni di TabStats",
    "wolfhud_tabstats_options_help" : "Configura l'aspetto del tuo Tabscreen .",
 
    "wolfhud_tabstats_clock_mode_title" : "Orologio",
    "wolfhud_tabstats_clock_mode_desc" : "Quale modalità deve usare l'orologio?",
    "wolfhud_tabstats_clock_mode_a" : "12 ore",
    "wolfhud_tabstats_clock_mode_b" : "24 ore",
    "wolfhud_tabstats_clock_mode_c" : "Ora rapina",
    "wolfhud_use_tabstats_title" : "Usa TabStats",
    "wolfhud_use_tabstats_desc" : "Mostra your Statistics on Tab Screen instead, of the Mission briefing.\n(A Map change is needed to apply...)",
    "wolfhud_tabstats_font_size_title" : "Dimensione Font della Lista",
    "wolfhud_tabstats_font_size_desc" : "Dimensione Font per la lista delle statistiche avanzate.",
    "wolfhud_tabstats_color_title" : "Colore Lista",
    "wolfhud_tabstats_color_desc" : "Colora la lista delle statistiche avanzate.",
    "wolfhud_tabstats_actual_mask_title" : "Usa la maschera indossata",
    "wolfhud_tabstats_actual_mask_desc" : "Usa la maschera indossata invece di quella personale del personaggio che stai usando.",
    "wolfhud_tabstats_numberic_loot_title" : "Contatore Bottino Numerico",
    "wolfhud_tabstats_numberic_loot_desc" : "Disabilita il mini gioco del conteggio dei borsoni e mostra immediatamente il numero.",
 
    "wolfhud_crewloadout_options_name" : "Opzioni Equipaggiamento Squadra",
    "wolfhud_crewloadout_options_help" : "Scegli da dove vuoi prendere le informazioni su che armatura e abilità i tuoi compagni stanno portando.",
 
    "wolfhud_crewloadout_lobby_title" : "Mostra nella Lobby",
    "wolfhud_crewloadout_lobby_desc" : "Aggiunge un tasto alla tua lobby, che può mostrare l'equipaggiamento della tua squadra.",
    "wolfhud_crewloadout_cs_lobby_title" : "Mostra nella Lobby di Serie Criminale",
    "wolfhud_crewloadout_cs_lobby_desc" : "Aggiunge una nuova tabella vicino ai modificatori e alle ricompense nella lobby di serie criminale.",
    "wolfhud_crewloadout_briefing_title" : "Sostituisci nella preparazione",
    "wolfhud_crewloadout_briefing_desc" : "Sostituisce l'equipaggiamento di base della squadra nel pannello di preparazione alla missione.",
    "wolfhud_crewloadout_tabscreen_title" : "Mostra sul Tabscreen",
    "wolfhud_crewloadout_tabscreen_desc" : "Mostra le abilità, specializzazione e ping attuale dei giocatori nella tua lobby. \n(Disabilitato se usi questa funzionalità di LobbyPlayerInfo)",
    "wolfhud_profilemenu_replace_title" : "Sostituisci Profili del Menu",
    "wolfhud_profilemenu_replace_desc" : "Sostituisce il selezionatore di profili base con quello più avanzato di WolfHUD.",
 
    "wolfhud_dmgindicator_options_name" : "Indicatore Danni",
    "wolfhud_dmgindicator_options_help" : "Imposta il tempo di sparizione, dimensione e colore degli indicatore di danni.",
 
    "wolfhud_show_dmg_indicator_title" : "Indicatore Danni Dinamico",
    "wolfhud_show_dmg_indicator_desc" : "Trasforma i 4 indicatori di danno statici in più indicatori dinamici, che si muovono in basse alla tua posizione e da dove proviene la fonte del danno.",
    "wolfhud_dmg_ind_time_title" : "Durata Indicatore",
    "wolfhud_dmg_ind_time_desc" : "Determina per quanto tempo verrà mostrato l'indicatore.",
    "wolfhud_dmg_ind_size_title" : "Dimensione Indicatore",
    "wolfhud_dmg_ind_size_desc" : "Determina la dimensione del cerchio, su cui intorno sono piazzati gli indicatori.",
    "wolfhud_dmg_indicator_max_count_title" : "Numero Massimo di Indicatori",
    "wolfhud_dmg_indicator_max_count_desc" : "Specifica il numero massimo di indicatori di danno sullo schermo.",
    "wolfhud_dmg_shield_color_title" : "Colore Armatura",
    "wolfhud_dmg_shield_color_desc" : "Colore dell'indicatore, quando subisci danni solo all'armatura.",
    "wolfhud_dmg_health_color_title" : "Colore Salute",
    "wolfhud_dmg_health_color_desc" : "Colore dell'indicatore, quando perdi salute.",
    "wolfhud_dmg_crit_color_title" : "Colore Salute Bassa",
    "wolfhud_dmg_crit_color_desc" : "Colore dell'indicatore, quando la tua salute è bassa.",
    "wolfhud_dmg_vehicle_color_title" : "Colore Veicolo",
    "wolfhud_dmg_vehicle_color_desc" : "Colore dell'indicatore, quando stanno colpendo il tuo veicolo.",
    "wolfhud_dmg_friendlyfire_color_title" : "Colore Fuoco Amico",
    "wolfhud_dmg_friendlyfire_color_desc" : "Colore dell'indicatore, quando vieni colpito dal fuoco amico o da esplosivi.",
 
    "wolfhud_dmgpopup_options_name" : "Popup Danno Nemici",
    "wolfhud_dmgpopup_options_help" : "Spunta un Popup vicino alla testa del nemico, mostrando il danno subito.",
 
    "wolfhud_show_dmg_popup_title" : "Mostra Popup Danno",
    "wolfhud_show_dmg_popup_desc" : "Abilita il popup del danno.",
    "wolfhud_dmg_popup_player" : "Giocatore",
    "wolfhud_dmg_popup_all" : "Tutti",
    "wolfhud_dmg_popup_scale_title" : "Dimensione Popup",
    "wolfhud_dmg_popup_scale_desc" : "Cambia la dimensione dei popup danni.",
    "wolfhud_dmg_popup_skull_scale_title" : "Dimensione teschio",
    "wolfhud_dmg_popup_skull_scale_desc" : "Cambia le dimensioni dell'icona del teschio quando si effettua un'uccisione.",
    "wolfhud_dmg_popup_skull_align_title" : "Allineamento teschio",
    "wolfhud_dmg_popup_skull_align_desc" : "Cambia l'allineamento del teschio quando si effettua un'uccisione.",
    "wolfhud_dmg_popup_time_title" : "Durata popup",
    "wolfhud_dmg_popup_time_desc" : "Determina quanto rimarrà su schermo il popup.",
    "wolfhud_dmg_popup_height_title" : "Altezza Popup",
    "wolfhud_dmg_popup_height_desc" : "Determina quanto in alto rispetto alla testa del nemico, renderizzerà il popup.",
    "wolfhud_dmg_popup_alpha_title" : "Opacità popup",
    "wolfhud_dmg_popup_alpha_desc" : "Seleziona l'opacità del popup.",
    "wolfhud_dmg_popup_color_title" : "Colore popup Colpo al Corpo",
    "wolfhud_dmg_popup_color_desc" : "Seleziona il colore del popup in caso di colpi al corpo",
    "wolfhud_dmg_popup_critical_color_title" : "Colore popup Critico",
    "wolfhud_dmg_popup_critical_color_desc" : "Seleziona il colore del popup in caso di colori critici.",
    "wolfhud_dmg_popup_headshot_color_title" : "Colore popup Colpi alla testa",
    "wolfhud_dmg_popup_headshot_color_desc" : "Seleziona il colore dei popup per i colpi alla testa.",
 
    "wolfhud_enemyhealthbar_options_name" : "Barra della Salute nemica",
    "wolfhud_enemyhealthbar_options_help" : "Imposta quali nemici devono avere la barra della salute.",
 
    "wolfhud_show_enemyhealthbar_title" : "Mostra Barra della Salute nemica",
    "wolfhud_show_enemyhealthbar_desc" : "Mostra barra della salute nemica in alto al centro, quando miri ad un nemico.\n(Riavvio della mappa necessario per applicare le modifiche...)",
    "wolfhud_show_civhealthbar_title" : "Barra della Salute Civili",
    "wolfhud_show_civhealthbar_desc" : "Mostra la barra della salute anche per i Civili e la IA di squadra.",
    "wolfhud_show_carhealthbar_title" : "Mostra barra della Salute Veicolo",
    "wolfhud_show_carhealthbar_desc" : "Mostra Barra della Salute per i veicoli guidabili.",
    "wolfhud_show_healthbar_pointer_title" : "Mostra Puntatore",
    "wolfhud_show_healthbar_pointer_desc" : "Mostra una Freccia sotto la salute, nella direzione del proprietario della barra.",
 
    "wolfhud_interaction_options_name" : "Opzioni Interazione",
    "wolfhud_interaction_options_help" : "Scegli le tue impostazioni di interazione preferite.",
 
    "wolfhud_press2hold_lock_mode_title" : "Modalità Blocco",
    "wolfhud_press2hold_lock_mode_desc" : "Blocca, quando sta eseguendo un interazione per più di X secondi. (Progresso)\nBlocca, la durata totale dell'interazione è più di X secondi. (Totale)",
    "wolfhud_press2hold_lock_mode_a" : "Progresso",
    "wolfhud_press2hold_lock_mode_b" : "Totale",
    "wolfhud_press2hold_lock_mode_c" : "Cerca persone+serrature",
    "wolfhud_press2hold_lock_mode_d" : "Solo cerca persone",
    "wolfhud_press2hold_min_timer_duration_title" : "Durata Timer min.",
    "wolfhud_press2hold_min_timer_duration_desc" : "La durata minima del timer per bloccare.",
    "wolfhud_press2hold_show_lockindicator_title" : "Mostra Indicatore Blocco",
    "wolfhud_press2hold_show_lockindicator_desc" : "Mostra un cerchio trasparente rosso/verde, per indicare se l'azione è bloccata oppure no.",
    "wolfhud_press2hold_equipment_cancel_title" : "Equipaggiamento Interrotto",
    "wolfhud_press2hold_equipment_cancel_desc" : "Interrompi un interazione non bloccabile con il tasto degli equipaggiabili.\n(Altrimenti premendo lo stesso tasto di interazione.)",
    "wolfhud_press2hold_interrupt_hint_title" : "Mostra Suggerimento Interruzione",
    "wolfhud_press2hold_interrupt_hint_desc" : "Mostra un suggerimento per ricordarti, quale tasto interromperà l'azione.",
    "wolfhud_press2hold_show_timer_title" : "Mostra tempo rimanente",
    "wolfhud_press2hold_show_timer_desc" : "Mostra il tempo d'interazione rimanente dentro al cerchio.",
    "wolfhud_press2hold_show_circle_title" : "Mostra Cerchio di Interazione",
    "wolfhud_press2hold_show_circle_desc" : "Determina se il cerchio d'interazione standard debba essere mostrato.",
    "wolfhud_press2hold_circle_scale_title" : "Dimensione Cerchio",
    "wolfhud_press2hold_circle_scale_desc" : "Dimensione del cerchio d'interazione.",
    "wolfhud_press2hold_timer_scale_title" : "Dimensione timer",
    "wolfhud_press2hold_timer_scale_desc" : "Dimensione del timer centrale (Tiene conto della dimensione del cerchio).",
    "wolfhud_press2hold_text_scale_title" : "Dimensione Testo",
    "wolfhud_press2hold_text_scale_desc" : "Dimensione del testo d'interazione sotto al cerchio.",
    "wolfhud_press2hold_show_reload_circle_title" : "Mostra tempo di ricarica",
    "wolfhud_press2hold_show_reload_circle_desc" : "Determina se mostrare la ricarica dell'arma come se fosse una interazione.",
    "wolfhud_press2hold_show_melee_circle_title" : "Mostra carica dell'arma corpo a corpo",
    "wolfhud_press2hold_show_melee_circle_desc" : "Determina se mostrare la carica delle armi corpo a corpo come se fosse un'interazione.",
    "wolfhud_press2hold_timer_color_start_title" : "Colore Timer (Inizio)",
    "wolfhud_press2hold_timer_color_start_desc" : "Colore del timer quando inizi una interazione.",
    "wolfhud_press2hold_timer_color_title" : "Colore Timer (Fine)",
    "wolfhud_press2hold_timer_color_desc" : "Colore del timer quando raggiunge la conclusione dell'interazione.",
    "wolfhud_press2hold_show_timer_outline_title" : "Contorno nero",
    "wolfhud_press2hold_show_timer_outline_desc" : "Mostra un contorno intorno al testo del tempo rimanente.",
    "wolfhud_doubletap_nades_stealth_title" : "Sicura anti-granate in furtiva",
    "wolfhud_doubletap_nades_stealth_desc" : "Se selezionato, dovrai premere due volte il tasto per le granate durante la fase stealth. \nServe solo per prevenire incidenti.",
    "wolfhud_hold_to_pick_title" : "Raccoglimento automatico",
    "wolfhud_hold_to_pick_desc" : "Bottini piccoli verranno raccolti automaticamente, mentre tieni premuto il tasto di interazione.",
 
    "wolfhud_inventory_options_name" : "Opzioni di miglioramento dell'inventario",
    "wolfhud_inventory_options_help" : "Opzioni per cambiare la visualizzazione del tuo inventario e alterare il comportamento del tuo equipaggiamento nello stesso.",
 
    "wolfhud_equipment_senty_auto_ap_title" : "Sentinella Automatica Mod-PA",
    "wolfhud_equipment_senty_auto_ap_desc" : "Le sentinelle spawneranno con i proiettili per perforare l'armatura, se hai l'abilità necessaria.",
    "wolfhud_equipment_tripmine_auto_sensor_stealth_title" : "Mine in Modalità Sensore",
    "wolfhud_equipment_tripmine_auto_sensor_stealth_desc" : "Le Mine spawneranno in modalità sensore, mentre sei in furtiva.",
    "wolfhud_equipment_ecm_feedback_disabled_stealth_title" : "Sicura per i Feedback dei Jammer",
    "wolfhud_equipment_ecm_feedback_disabled_stealth_desc" : "Durante la modalità furtiva il feedback del jammer verrà silenziato.",
    "wolfhud_equipment_shaped_charge_disabled_stealth_title" : "Sicura per le cariche cave",
    "wolfhud_equipment_shaped_charge_disabled_stealth_desc" : "Se selezionato, devi premere due volte per piazzare delle cariche cave in furtiva. \nServe solo per prevenire incidenti.",
    "wolfhud_equipment_keycard_doors_disabled_title" : "Sicura per le Schede d'accesso",
    "wolfhud_equipment_keycard_doors_disabled_desc" : "Quando selezionato, devi cliccare due volte per chiudere le porte ne 'L'evasione di Hoxton - Giorno 2'. \nServe solo per prevenire incidenti.",
    "wolfhud_override_fedinv" : "Abilita Federal Inventory",
    "wolfhud_override_fedinv_desc" : "Abilita le icone per l'inventario colorate.\nRichiede il riavvio del gioco.",
 
    "wolfhud_gadget_options_name" : "Opzioni accessori Arma",
    "wolfhud_gadget_options_help" : "Specifica il colore personalizzato del tuo laser.",
 
    "wolfhud_laser_autoon_title" : "Laser Attivo Automaticamente",
    "wolfhud_laser_autoon_desc" : "Accende automaticamente il laser appena si tira fuori l'arma, sulle armi che lo hanno montato.",
    "wolfhud_show_angeled_sight_title" : "Mostra Mirino Angolato",
    "wolfhud_show_angeled_sight_desc" : "Gira leggermente l'arma nelle tue mani, mentre il mirino angolato è attivo.",
 
    "wolfhud_gadget_player_laser_options_name" : "Laser Giocatore",
    "wolfhud_gadget_player_laser_options_help" : "Impostazione per il tuo laser.",
    "wolfhud_gadget_player_sentry_laser_options_name" : "Opzioni torrette automatiche del giocatore",
    "wolfhud_gadget_player_sentry_laser_options_help" : "Impostazioni per i laser delle tue torrette automatiche.",
    "wolfhud_gadget_team_laser_options_name" : "Laser della Squadra",
    "wolfhud_gadget_team_laser_options_help" : "Impostazioni per i laser della squadra.",
    "wolfhud_gadget_team_sentry_laser_options_name" : "Laser Torrette automatiche della Squadra",
    "wolfhud_gadget_team_sentry_laser_options_help" : "Impostazioni per i laser delle torrette automatiche della Squadra.",
    "wolfhud_gadget_sniper_laser_options_name" : "Laser dei Cecchini",
    "wolfhud_gadget_sniper_laser_options_help" : "Impostazioni per i laser dei cecchini nemici.",
    "wolfhud_gadget_turret_laser_active_options_name" : "Laser Torretta (Attiva)",
    "wolfhud_gadget_turret_laser_active_options_help" : "Impostazioni del laser per le torrette SWAT attive.",
    "wolfhud_gadget_turret_laser_rearming_options_name" : "Laser Torretta (In Ricarica)",
    "wolfhud_gadget_turret_laser_rearming_options_help" : "Impostazioni del laser per le torrette SWAT in ricarica.",
    "wolfhud_gadget_turret_laser_mad_options_name" : "Laser Torretta (Impazzita)",
    "wolfhud_gadget_turret_laser_mad_options_help" : "Impostazioni del laser per le torrette SWAT colpite dall'effetto di un jammer.",
    "wolfhud_gadget_player_flashlight_options_name" : "Torcia Giocatore",
    "wolfhud_gadget_player_flashlight_options_help" : "Impostazioni per la tua torcia.",
    "wolfhud_gadget_team_flashlight_options_name" : "Torcia Compagni di Squadra",
    "wolfhud_gadget_team_flashlight_options_help" : "Impostazioni per le torce dei tuoi compagni di squadra.",
 
    "wolfhud_gadgets_enabled_title" : "Sovrascrivi Colore",
    "wolfhud_gadgets_enabled_desc" : "Usa questa definizione invece dell'impostazione salvata.",
    "wolfhud_gadgets_beam_r_title" : "Raggio Laser (R)",
    "wolfhud_gadgets_beam_r_desc" : "Componente Rossa del colore del laser.",
    "wolfhud_gadgets_beam_g_title" : "Raggio Laser (G)",
    "wolfhud_gadgets_beam_g_desc" : "Componente Verde del colore del laser.",
    "wolfhud_gadgets_beam_b_title" : "Raggio Laser (B)",
    "wolfhud_gadgets_beam_b_desc" : "Componente Blu del colore del laser.",
    "wolfhud_gadgets_beam_a_title" : "Alpha Raggio Laser",
    "wolfhud_gadgets_beam_a_desc" : "Opacità del raggio laser.",
    "wolfhud_gadgets_dot_match_title" : "Colore Punto uguale",
    "wolfhud_gadgets_dot_match_desc" : "Determina, se il colore del punto laser deve essere uguale a quello del raggio laser.",
    "wolfhud_gadgets_dot_r_title" : "Punto Laser (R)",
    "wolfhud_gadgets_dot_r_desc" : "Componente Rossa del punto laser.",
    "wolfhud_gadgets_dot_g_title" : "Punto Laser (G)",
    "wolfhud_gadgets_dot_g_desc" : "Componente Verde del punto laser.",
    "wolfhud_gadgets_dot_b_title" : "Punto Laser (B)",
    "wolfhud_gadgets_dot_b_desc" : "Componente blu del punto laser.",
    "wolfhud_gadgets_dot_a_title" : "Alpha Punto Laser",
    "wolfhud_gadgets_dot_a_desc" : "Opacità del punto laser.",
    "wolfhud_gadgets_glow_match_title" : "Colore Bagliore Uguale",
    "wolfhud_gadgets_glow_match_desc" : "Determina, se il bagliore del raggio laser deve essere uguale a quello del raggio stesso.",
    "wolfhud_gadgets_glow_r_title" : "Bagliore Laser (R)",
    "wolfhud_gadgets_glow_r_desc" : "Componente rossa del bagliore del laser.",
    "wolfhud_gadgets_glow_g_title" : "Bagliore Laser (G)",
    "wolfhud_gadgets_glow_g_desc" : "Componente verde del bagliore del laser.",
    "wolfhud_gadgets_glow_b_title" : "Bagliore Laser (B)",
    "wolfhud_gadgets_glow_b_desc" : "Componente blu del bagliore del laser.",
    "wolfhud_gadgets_glow_a_title" : "Alpha Bagliore Laser",
    "wolfhud_gadgets_glow_a_desc" : "Opacità del bagliore del laser.",
    "wolfhud_gadgets_light_r_title" : "Torcia (R)",
    "wolfhud_gadgets_light_r_desc" : "Componente rossa del colore della torcia.",
    "wolfhud_gadgets_light_g_title" : "Torcia (G)",
    "wolfhud_gadgets_light_g_desc" : "Componente verde del colore della torcia.",
    "wolfhud_gadgets_light_b_title" : "Torcia (B)",
    "wolfhud_gadgets_light_b_desc" : "Componente blu del colore della torcia.",
    "wolfhud_gadgets_light_brightness_title" : "Luminosità Torcia",
    "wolfhud_gadgets_light_brightness_desc" : "Luminosità della torcia.",
    "wolfhud_gadgets_light_angle_title" : "Angolazione Torcia",
    "wolfhud_gadgets_light_angle_desc" : "L'angolazione in cui la torcia illumina.",
    "wolfhud_gadgets_light_range_title" : "Raggio Torcia",
    "wolfhud_gadgets_light_range_desc" : "Distanza che può coprire la torcia.",
    "wolfhud_gadgets_rainbow_enabled_title" : "Abilita Arcobaleno",
    "wolfhud_gadgets_rainbow_enabled_desc" : "Abilita la modalità arcobaleno.",
    "wolfhud_gadgets_rainbow_frequency_title" : "Frequenza arcobaleno",
    "wolfhud_gadgets_rainbow_frequency_desc" : "Determina quanto velocemente l'arcobaleno cambia colore.",
    "wolfhud_gadgets_pulse_enabled_title" : "Abilita pulsazione",
    "wolfhud_gadgets_pulse_enabled_desc" : "Attiva la modalità pulsazione.",
    "wolfhud_gadgets_pulse_min_title" : "Pulsazioni minime",
    "wolfhud_gadgets_pulse_min_desc" : "Modificatore di opacità minima in uso.",
    "wolfhud_gadgets_pulse_max_title" : "Pulsazioni massime",
    "wolfhud_gadgets_pulse_max_desc" : "Modificatore di opacità massima in uso.",
    "wolfhud_gadgets_pulse_frequency_title" : "Frequenza Pulsazioni",
    "wolfhud_gadgets_pulse_frequency_desc" : "Determina il tempo che ci mette a pulsare dal moltiplicatore di opacità minimo al massimo.",
 
    "wolfhud_skipit_options_name" : "Opzione Salta",
    "wolfhud_skipit_options_help" : "Opzioni per saltare menu inutili e risparmiarti tempo prezioso.",
    "wolfhud_assaultbanner_options_name" : "opzioni barra d'assalto",
    "wolfhud_assaultbanner_options_help" : "Opzioni per cambiare la barra d'assalto."
}
